{
    "multi-label/mAP": 18.19076156616211,
    "multi-label/precision": 18.77755355834961,
    "multi-label/recall": 12.144124031066895,
    "multi-label/f1-score": 12.314806938171387,
    "multi-label/precision_micro": 26.373027801513672,
    "multi-label/recall_micro": 17.97627830505371,
    "multi-label/f1-score_micro": 21.3797664642334,
    "AUC/AUC_multilabe": 57.66693951070198,
    "AUC/AUC_class1": 70.10812051357244,
    "AUC/AUC_class2": 55.33122995434554,
    "AUC/AUC_class3": 66.52806652806652,
    "AUC/AUC_class4": 73.53289937393755,
    "AUC/AUC_class5": 48.42535066321085,
    "AUC/AUC_class6": 51.94720496894409,
    "AUC/AUC_class7": 51.792850468218774,
    "AUC/AUC_class8": 65.3087192323738,
    "AUC/AUC_class9": 68.26765458002752,
    "AUC/AUC_class10": 44.09115131829371,
    "AUC/AUC_class11": 51.59346128721187,
    "AUC/AUC_class12": 34.50358680057389,
    "AUC/AUC_class13": 55.619760722715064,
    "AUC/AUC_class14": 52.823084048165605,
    "AUC/AUC_class15": 46.81806648058868,
    "AUC/AUC_class16": 90.99035933391762,
    "AUC/AUC_class17": 54.32859823103726,
    "AUC/AUC_class18": 56.59031979256698,
    "AUC/AUC_class19": 57.07136640557005,
    "MAP_class1": 0.5728069443284762,
    "MAP_class2": 0.19583817992967859,
    "MAP_class3": 0.35085220760398544,
    "MAP_class4": 0.45688015305427726,
    "MAP_class5": 0.18002537415579095,
    "MAP_class6": 0.14742352600275105,
    "MAP_class7": 0.19694634265511266,
    "MAP_class8": 0.20558870157672593,
    "MAP_class9": 0.20378676744352509,
    "MAP_class10": 0.11619155787402419,
    "MAP_class11": 0.12752636636406192,
    "MAP_class12": 0.08399905797366909,
    "MAP_class13": 0.04701822758703207,
    "MAP_class14": 0.0856351903668787,
    "MAP_class15": 0.028179021436229083,
    "MAP_class16": 0.40963147972128355,
    "MAP_class17": 0.03022360927685161,
    "MAP_class18": 0.004687930186057527,
    "MAP_class19": 0.013004188471684754,
    "Aggregate": 37.928850876424924
}