{
    "multi-label/mAP": 25.317224502563477,
    "multi-label/precision": 24.905681610107422,
    "multi-label/recall": 18.935264587402344,
    "multi-label/f1-score": 20.24530029296875,
    "multi-label/precision_micro": 40.50505065917969,
    "multi-label/recall_micro": 29.72572135925293,
    "multi-label/f1-score_micro": 34.28815460205078,
    "AUC/AUC_multilabe": 67.97359159062638,
    "AUC/AUC_class1": 80.9032780405707,
    "AUC/AUC_class2": 60.57731484867163,
    "AUC/AUC_class3": 68.52250602250602,
    "AUC/AUC_class4": 78.18441892284092,
    "AUC/AUC_class5": 68.36455633480712,
    "AUC/AUC_class6": 59.693788819875785,
    "AUC/AUC_class7": 56.413404377994716,
    "AUC/AUC_class8": 71.11875956056181,
    "AUC/AUC_class9": 75.31833978099797,
    "AUC/AUC_class10": 47.61336818331768,
    "AUC/AUC_class11": 66.38255513733786,
    "AUC/AUC_class12": 65.2568149210904,
    "AUC/AUC_class13": 76.65011801090584,
    "AUC/AUC_class14": 65.47561515847127,
    "AUC/AUC_class15": 53.92539964476022,
    "AUC/AUC_class16": 97.37510955302365,
    "AUC/AUC_class17": 58.37577057089253,
    "AUC/AUC_class18": 70.89455488331893,
    "AUC/AUC_class19": 70.45256744995648,
    "MAP_class1": 0.69898102136925,
    "MAP_class2": 0.23871115180681626,
    "MAP_class3": 0.4048808146022832,
    "MAP_class4": 0.4939578211582458,
    "MAP_class5": 0.3372867707935459,
    "MAP_class6": 0.1850824376374111,
    "MAP_class7": 0.2220250095440425,
    "MAP_class8": 0.2621925646942426,
    "MAP_class9": 0.2643901337250357,
    "MAP_class10": 0.13094155610173164,
    "MAP_class11": 0.20917340374438825,
    "MAP_class12": 0.21202836732489122,
    "MAP_class13": 0.2271632811775687,
    "MAP_class14": 0.12336586222891545,
    "MAP_class15": 0.03509022732438691,
    "MAP_class16": 0.6884816227153963,
    "MAP_class17": 0.03378325044319164,
    "MAP_class18": 0.015914760780044647,
    "MAP_class19": 0.02682259776249759,
    "Aggregate": 46.645408045139206
}