{
    "multi-label/mAP": 22.211936950683594,
    "multi-label/precision": 23.508201599121094,
    "multi-label/recall": 15.8731689453125,
    "multi-label/f1-score": 17.815654754638672,
    "multi-label/precision_micro": 34.135902404785156,
    "multi-label/recall_micro": 23.647146224975586,
    "multi-label/f1-score_micro": 27.939565658569336,
    "AUC/AUC_multilabe": 65.21340719663995,
    "AUC/AUC_class1": 80.45001338756359,
    "AUC/AUC_class2": 56.4067739947137,
    "AUC/AUC_class3": 70.94718344718345,
    "AUC/AUC_class4": 83.7588623077242,
    "AUC/AUC_class5": 67.43691873761244,
    "AUC/AUC_class6": 58.88509316770186,
    "AUC/AUC_class7": 57.0471399884685,
    "AUC/AUC_class8": 66.09442358503685,
    "AUC/AUC_class9": 67.97652612943415,
    "AUC/AUC_class10": 56.59908138148045,
    "AUC/AUC_class11": 60.54180794475378,
    "AUC/AUC_class12": 65.97345767575324,
    "AUC/AUC_class13": 57.282086758362496,
    "AUC/AUC_class14": 65.03362732068784,
    "AUC/AUC_class15": 52.02994163917788,
    "AUC/AUC_class16": 91.00350569675723,
    "AUC/AUC_class17": 55.40739748056821,
    "AUC/AUC_class18": 52.26879861711322,
    "AUC/AUC_class19": 73.91209747606614,
    "MAP_class1": 0.7127333763995133,
    "MAP_class2": 0.20154602201359623,
    "MAP_class3": 0.3967224831161368,
    "MAP_class4": 0.6109189687038177,
    "MAP_class5": 0.3282835204326311,
    "MAP_class6": 0.1771200522353109,
    "MAP_class7": 0.2117593200632674,
    "MAP_class8": 0.20201428646897307,
    "MAP_class9": 0.2549376974334526,
    "MAP_class10": 0.17722830467676276,
    "MAP_class11": 0.14543450441771005,
    "MAP_class12": 0.17992341580021762,
    "MAP_class13": 0.04756291673646004,
    "MAP_class14": 0.1680137029010323,
    "MAP_class15": 0.03813824538813504,
    "MAP_class16": 0.3208460339903568,
    "MAP_class17": 0.014984564320124686,
    "MAP_class18": 0.007516394776321516,
    "MAP_class19": 0.024584969809522357,
    "Aggregate": 43.71267407117087
}