{
    "multi-label/mAP": 19.958358764648438,
    "multi-label/precision": 19.912206649780273,
    "multi-label/recall": 19.099157333374023,
    "multi-label/f1-score": 16.708799362182617,
    "multi-label/precision_micro": 29.68980598449707,
    "multi-label/recall_micro": 29.79985237121582,
    "multi-label/f1-score_micro": 29.744728088378906,
    "AUC/AUC_multilabe": 58.12406321943908,
    "AUC/AUC_class1": 67.18038785684232,
    "AUC/AUC_class2": 57.245165536622835,
    "AUC/AUC_class3": 66.47980397980398,
    "AUC/AUC_class4": 71.26414859654214,
    "AUC/AUC_class5": 55.02410809574629,
    "AUC/AUC_class6": 52.57639751552795,
    "AUC/AUC_class7": 50.0168996162793,
    "AUC/AUC_class8": 66.46189681546376,
    "AUC/AUC_class9": 72.955871746115,
    "AUC/AUC_class10": 46.53551399497551,
    "AUC/AUC_class11": 50.53737518275423,
    "AUC/AUC_class12": 42.97991391678623,
    "AUC/AUC_class13": 55.300317408643274,
    "AUC/AUC_class14": 59.23543151705529,
    "AUC/AUC_class15": 38.731286475513826,
    "AUC/AUC_class16": 95.75372480280456,
    "AUC/AUC_class17": 43.66121683194854,
    "AUC/AUC_class18": 52.96024200518583,
    "AUC/AUC_class19": 59.45749927473165,
    "MAP_class1": 0.5305678485669473,
    "MAP_class2": 0.2049222031594392,
    "MAP_class3": 0.3424645709071973,
    "MAP_class4": 0.40757195236514,
    "MAP_class5": 0.22275876420288226,
    "MAP_class6": 0.1624663984633946,
    "MAP_class7": 0.20126975274700698,
    "MAP_class8": 0.22456720661971996,
    "MAP_class9": 0.273583661453462,
    "MAP_class10": 0.1240758880456729,
    "MAP_class11": 0.13755487587855153,
    "MAP_class12": 0.09638021411799085,
    "MAP_class13": 0.04379995139680477,
    "MAP_class14": 0.10428430439501227,
    "MAP_class15": 0.02776457770634145,
    "MAP_class16": 0.6313921822551948,
    "MAP_class17": 0.03647313000957293,
    "MAP_class18": 0.004837873351648344,
    "MAP_class19": 0.015421048165305571,
    "Aggregate": 39.04139056710713
}