{
    "multi-label/mAP": 18.786701202392578,
    "multi-label/precision": 17.221981048583984,
    "multi-label/recall": 42.05796432495117,
    "multi-label/f1-score": 24.088359832763672,
    "multi-label/precision_micro": 22.305953979492188,
    "multi-label/recall_micro": 60.78028869628906,
    "multi-label/f1-score_micro": 32.63506317138672,
    "AUC/AUC_multilabe": 59.41675446163722,
    "AUC/AUC_class1": 67.57783405332938,
    "AUC/AUC_class2": 42.31021613419186,
    "AUC/AUC_class3": 63.88948382951381,
    "AUC/AUC_class4": 63.88948382951381,
    "MAP_class1": 0.38498415395198016,
    "MAP_class2": 0.22467893188358545,
    "MAP_class3": 0.1418116665115712,
    "MAP_class4": -0.0,
    "Aggregate": 39.101811635157816
}