{
    "multi-label/mAP": 18.2470703125,
    "multi-label/precision": 19.363183975219727,
    "multi-label/recall": 21.399383544921875,
    "multi-label/f1-score": 18.304000854492188,
    "multi-label/precision_micro": 28.02547836303711,
    "multi-label/recall_micro": 34.24759292602539,
    "multi-label/f1-score_micro": 30.8256893157959,
    "AUC/AUC_multilabe": 60.870497247259266,
    "AUC/AUC_class1": 70.91806811082353,
    "AUC/AUC_class2": 56.47259164847105,
    "AUC/AUC_class3": 66.35192885192886,
    "AUC/AUC_class4": 69.17824122061444,
    "AUC/AUC_class5": 57.17144381765513,
    "AUC/AUC_class6": 57.539751552795025,
    "AUC/AUC_class7": 52.4141598902519,
    "AUC/AUC_class8": 66.29884577944654,
    "AUC/AUC_class9": 55.240312110681266,
    "AUC/AUC_class10": 53.02230568173167,
    "AUC/AUC_class11": 58.995396148940806,
    "AUC/AUC_class12": 61.70803443328552,
    "AUC/AUC_class13": 68.75356067388297,
    "AUC/AUC_class14": 54.666545849945635,
    "AUC/AUC_class15": 54.95813245369195,
    "AUC/AUC_class16": 87.48466257668713,
    "AUC/AUC_class17": 51.413830072366665,
    "AUC/AUC_class18": 51.40449438202247,
    "AUC/AUC_class19": 62.547142442703795,
    "MAP_class1": 0.5602365996117981,
    "MAP_class2": 0.20347896144548944,
    "MAP_class3": 0.3521285037273574,
    "MAP_class4": 0.3825910976670968,
    "MAP_class5": 0.25172711214408605,
    "MAP_class6": 0.1563045544022901,
    "MAP_class7": 0.19605854124472166,
    "MAP_class8": 0.19591055924155107,
    "MAP_class9": 0.1642086877702124,
    "MAP_class10": 0.16432739359965387,
    "MAP_class11": 0.14729495540987145,
    "MAP_class12": 0.15638112845157062,
    "MAP_class13": 0.07887892269005918,
    "MAP_class14": 0.09983433741319392,
    "MAP_class15": 0.035542048156369396,
    "MAP_class16": 0.28229157290899676,
    "MAP_class17": 0.011481856598189323,
    "MAP_class18": 0.007339613445627256,
    "MAP_class19": 0.020927080450283832,
    "Aggregate": 39.55878421936231
}