{
    "multi-label/mAP": 14.992819786071777,
    "multi-label/precision": 12.590553283691406,
    "multi-label/recall": 49.671382904052734,
    "multi-label/f1-score": 14.152581214904785,
    "multi-label/precision_micro": 14.841204643249512,
    "multi-label/recall_micro": 54.04003143310547,
    "multi-label/f1-score_micro": 23.287015914916992,
    "AUC/AUC_multilabe": 55.99743482867405,
    "AUC/AUC_class1": 71.1571317463758,
    "AUC/AUC_class2": 54.08069453295584,
    "AUC/AUC_class3": 64.95726495726495,
    "AUC/AUC_class4": 58.46179360670012,
    "AUC/AUC_class5": 48.286705290440615,
    "AUC/AUC_class6": 55.695031055900614,
    "AUC/AUC_class7": 47.93973795653817,
    "AUC/AUC_class8": 59.21499096092337,
    "AUC/AUC_class9": 54.09612484427251,
    "AUC/AUC_class10": 49.68470068769508,
    "AUC/AUC_class11": 54.84804180794476,
    "AUC/AUC_class12": 52.306312769010056,
    "AUC/AUC_class13": 47.019207292260106,
    "AUC/AUC_class14": 48.00249687890137,
    "AUC/AUC_class15": 49.97970058360822,
    "AUC/AUC_class16": 69.89044697633653,
    "AUC/AUC_class17": 48.385151433931924,
    "AUC/AUC_class18": 75.08643042350907,
    "AUC/AUC_class19": 54.859297940237894,
    "MAP_class1": 0.5661232261413665,
    "MAP_class2": 0.19484849611930985,
    "MAP_class3": 0.33970558177482363,
    "MAP_class4": 0.2796559128026163,
    "MAP_class5": 0.19955134199323227,
    "MAP_class6": 0.15434331268183554,
    "MAP_class7": 0.17255834972161557,
    "MAP_class8": 0.1486584776581668,
    "MAP_class9": 0.14640541692136871,
    "MAP_class10": 0.13525119284918302,
    "MAP_class11": 0.1253730323117016,
    "MAP_class12": 0.12856683217224177,
    "MAP_class13": 0.04216665097202688,
    "MAP_class14": 0.08606075036972294,
    "MAP_class15": 0.03460270347858373,
    "MAP_class16": 0.055599457486078904,
    "MAP_class17": 0.011949695326165195,
    "MAP_class18": 0.011074509943350162,
    "MAP_class19": 0.01614072057591902,
    "Aggregate": 35.4951270493352
}