{
    "multi-label/mAP": 15.915878295898438,
    "multi-label/precision": 14.108787536621094,
    "multi-label/recall": 5.104263782501221,
    "multi-label/f1-score": 5.710750102996826,
    "multi-label/precision_micro": 25.982744216918945,
    "multi-label/recall_micro": 10.044477462768555,
    "multi-label/f1-score_micro": 14.488105773925781,
    "AUC/AUC_multilabe": 55.163604473074585,
    "AUC/AUC_class1": 63.615470923486896,
    "AUC/AUC_class2": 45.149343390549426,
    "AUC/AUC_class3": 48.71712371712372,
    "AUC/AUC_class4": 69.91085865914839,
    "AUC/AUC_class5": 59.82595479493824,
    "AUC/AUC_class6": 54.2304347826087,
    "AUC/AUC_class7": 51.340040161441046,
    "AUC/AUC_class8": 56.1917674871367,
    "AUC/AUC_class9": 57.07691298931218,
    "AUC/AUC_class10": 54.3164919938082,
    "AUC/AUC_class11": 63.450710797275015,
    "AUC/AUC_class12": 56.59182209469154,
    "AUC/AUC_class13": 64.14299666313991,
    "AUC/AUC_class14": 51.769964963150905,
    "AUC/AUC_class15": 62.755645775183964,
    "AUC/AUC_class16": 53.68098159509203,
    "AUC/AUC_class17": 51.232913428035374,
    "AUC/AUC_class18": 34.4209161624892,
    "AUC/AUC_class19": 49.68813460980562,
    "MAP_class1": 0.4967949807345161,
    "MAP_class2": 0.15153685043821352,
    "MAP_class3": 0.21666776915379637,
    "MAP_class4": 0.4273387370845375,
    "MAP_class5": 0.25763540638517035,
    "MAP_class6": 0.17566593331120572,
    "MAP_class7": 0.1914292619723069,
    "MAP_class8": 0.157521204439452,
    "MAP_class9": 0.1609315771073333,
    "MAP_class10": 0.16324946981696545,
    "MAP_class11": 0.16882915819371072,
    "MAP_class12": 0.16791946938824232,
    "MAP_class13": 0.09499771928545842,
    "MAP_class14": 0.08065991303950987,
    "MAP_class15": 0.05870515119562108,
    "MAP_class16": 0.026897864979686673,
    "MAP_class17": 0.013406071491619688,
    "MAP_class18": 0.0031861824086125267,
    "MAP_class19": 0.010642907280985995,
    "Aggregate": 35.53973809892399
}