{
    "multi-label/mAP": 21.774709701538086,
    "multi-label/precision": 30.477413177490234,
    "multi-label/recall": 14.535358428955078,
    "multi-label/f1-score": 15.039273262023926,
    "multi-label/precision_micro": 35.32284164428711,
    "multi-label/recall_micro": 24.128984451293945,
    "multi-label/f1-score_micro": 28.67209815979004,
    "AUC/AUC_multilabe": 59.84455787007631,
    "AUC/AUC_class1": 71.96166056788769,
    "AUC/AUC_class2": 56.87272119432922,
    "AUC/AUC_class3": 65.23776523776525,
    "AUC/AUC_class4": 80.85865914838925,
    "AUC/AUC_class5": 57.79773021802104,
    "AUC/AUC_class6": 54.328881987577645,
    "AUC/AUC_class7": 49.51090522297552,
    "AUC/AUC_class8": 68.55444305381727,
    "AUC/AUC_class9": 71.72185430463577,
    "AUC/AUC_class10": 47.41162737584693,
    "AUC/AUC_class11": 57.422932155411075,
    "AUC/AUC_class12": 42.55380200860832,
    "AUC/AUC_class13": 51.85968910230325,
    "AUC/AUC_class14": 62.370625427892556,
    "AUC/AUC_class15": 44.240040598832785,
    "AUC/AUC_class16": 96.05609114811568,
    "AUC/AUC_class17": 52.32511391047976,
    "AUC/AUC_class18": 41.6162489196197,
    "AUC/AUC_class19": 64.3458079489411,
    "MAP_class1": 0.5979285294160357,
    "MAP_class2": 0.20975692453412803,
    "MAP_class3": 0.36348416023336355,
    "MAP_class4": 0.558519549994902,
    "MAP_class5": 0.2305623317742248,
    "MAP_class6": 0.16775969300093915,
    "MAP_class7": 0.19692839884327895,
    "MAP_class8": 0.2404580861157638,
    "MAP_class9": 0.24682715433433544,
    "MAP_class10": 0.12758365403191324,
    "MAP_class11": 0.15846028023177908,
    "MAP_class12": 0.10450094860245243,
    "MAP_class13": 0.0448115680662469,
    "MAP_class14": 0.13348181112924004,
    "MAP_class15": 0.02856348341149978,
    "MAP_class16": 0.6647809215050595,
    "MAP_class17": 0.03712704538808649,
    "MAP_class18": 0.003647262902477964,
    "MAP_class19": 0.01853874569522522,
    "Aggregate": 40.80049090664592
}