{
    "multi-label/mAP": 18.497909545898438,
    "multi-label/precision": 16.689977645874023,
    "multi-label/recall": 54.04861068725586,
    "multi-label/f1-score": 25.247011184692383,
    "multi-label/precision_micro": 22.75448989868164,
    "multi-label/recall_micro": 78.02874755859375,
    "multi-label/f1-score_micro": 35.23412322998047,
    "AUC/AUC_multilabe": 60.429781475887864,
    "AUC/AUC_class1": 64.46670639058544,
    "AUC/AUC_class2": 53.49287071593596,
    "AUC/AUC_class3": 61.87977439851503,
    "AUC/AUC_class4": 61.87977439851503,
    "MAP_class1": 0.36932309904425337,
    "MAP_class2": 0.25306238667331304,
    "MAP_class3": 0.11754365901575164,
    "MAP_class4": -0.0,
    "Aggregate": 39.464005047110405
}