{
    "multi-label/mAP": 17.065858840942383,
    "multi-label/precision": 16.623947143554688,
    "multi-label/recall": 11.66015911102295,
    "multi-label/f1-score": 9.838472366333008,
    "multi-label/precision_micro": 30.877742767333984,
    "multi-label/recall_micro": 21.905115127563477,
    "multi-label/f1-score_micro": 25.628793716430664,
    "AUC/AUC_multilabe": 58.29355304011306,
    "AUC/AUC_class1": 75.9065293060142,
    "AUC/AUC_class2": 51.827745797595036,
    "AUC/AUC_class3": 61.85031185031185,
    "AUC/AUC_class4": 68.69729259090343,
    "AUC/AUC_class5": 55.4133633175789,
    "AUC/AUC_class6": 52.21055900621118,
    "AUC/AUC_class7": 43.15565540688312,
    "AUC/AUC_class8": 51.810596579057155,
    "AUC/AUC_class9": 63.92564422005115,
    "AUC/AUC_class10": 57.74481691070113,
    "AUC/AUC_class11": 50.398170902417014,
    "AUC/AUC_class12": 61.0896700143472,
    "AUC/AUC_class13": 61.01570765850085,
    "AUC/AUC_class14": 51.09238451935081,
    "AUC/AUC_class15": 45.40725704136007,
    "AUC/AUC_class16": 89.18930762489045,
    "AUC/AUC_class17": 57.846421870812115,
    "AUC/AUC_class18": 55.855661192739845,
    "AUC/AUC_class19": 53.1404119524224,
    "MAP_class1": 0.6467933935469373,
    "MAP_class2": 0.1902874815778844,
    "MAP_class3": 0.3457982583994865,
    "MAP_class4": 0.3807347151009465,
    "MAP_class5": 0.22868692197647758,
    "MAP_class6": 0.14937737045992908,
    "MAP_class7": 0.15316728875830493,
    "MAP_class8": 0.14219955242809124,
    "MAP_class9": 0.21149391368471537,
    "MAP_class10": 0.16465387224088684,
    "MAP_class11": 0.10849908341442091,
    "MAP_class12": 0.18148210733711664,
    "MAP_class13": 0.06028888314113162,
    "MAP_class14": 0.08654581717262023,
    "MAP_class15": 0.02883588271691801,
    "MAP_class16": 0.12855794689150118,
    "MAP_class17": 0.016652836116188993,
    "MAP_class18": 0.005308659111553997,
    "MAP_class19": 0.013149176805394293,
    "Aggregate": 37.6797058907947
}