{
    "multi-label/mAP": 17.126197814941406,
    "multi-label/precision": 12.749994277954102,
    "multi-label/recall": 7.773263454437256,
    "multi-label/f1-score": 9.025481224060059,
    "multi-label/precision_micro": 30.134815216064453,
    "multi-label/recall_micro": 14.084507942199707,
    "multi-label/f1-score_micro": 19.196767807006836,
    "AUC/AUC_multilabe": 59.00799243958332,
    "AUC/AUC_class1": 70.74052351748672,
    "AUC/AUC_class2": 51.67469363449262,
    "AUC/AUC_class3": 61.24187374187374,
    "AUC/AUC_class4": 62.33011318877233,
    "AUC/AUC_class5": 56.896058850434514,
    "AUC/AUC_class6": 47.338509316770185,
    "AUC/AUC_class7": 45.36801399685866,
    "AUC/AUC_class8": 59.92560144625225,
    "AUC/AUC_class9": 65.74388564684283,
    "AUC/AUC_class10": 54.55185626919076,
    "AUC/AUC_class11": 43.72414222166921,
    "AUC/AUC_class12": 65.11621233859397,
    "AUC/AUC_class13": 50.35810205908684,
    "AUC/AUC_class14": 52.1173130361242,
    "AUC/AUC_class15": 46.37909160111647,
    "AUC/AUC_class16": 92.87028921998247,
    "AUC/AUC_class17": 69.85392656124364,
    "AUC/AUC_class18": 62.294727744165954,
    "AUC/AUC_class19": 62.62692196112562,
    "MAP_class1": 0.5825503765563222,
    "MAP_class2": 0.1807233167149431,
    "MAP_class3": 0.32406709519362403,
    "MAP_class4": 0.3047041976427429,
    "MAP_class5": 0.22641101199031896,
    "MAP_class6": 0.138731062239748,
    "MAP_class7": 0.15588488375300777,
    "MAP_class8": 0.16225715556088616,
    "MAP_class9": 0.20644293282326684,
    "MAP_class10": 0.15402737365354197,
    "MAP_class11": 0.08888925384887869,
    "MAP_class12": 0.17869196237724705,
    "MAP_class13": 0.05509493838559386,
    "MAP_class14": 0.08252985180926103,
    "MAP_class15": 0.045643719223395635,
    "MAP_class16": 0.29470744254199777,
    "MAP_class17": 0.05098209775875995,
    "MAP_class18": 0.006623073442861652,
    "MAP_class19": 0.015015839454060698,
    "Aggregate": 38.06709512760865
}