{
    "multi-label/mAP": 21.38033103942871,
    "multi-label/precision": 15.738213539123535,
    "multi-label/recall": 33.730125427246094,
    "multi-label/f1-score": 20.854211807250977,
    "multi-label/precision_micro": 19.982471466064453,
    "multi-label/recall_micro": 46.8172492980957,
    "multi-label/f1-score_micro": 28.009828567504883,
    "AUC/AUC_multilabe": 56.79136167582928,
    "AUC/AUC_class1": 68.20981677342469,
    "AUC/AUC_class2": 45.75865698779204,
    "AUC/AUC_class3": 56.598486471050194,
    "AUC/AUC_class4": 56.598486471050194,
    "MAP_class1": 0.46948503860107155,
    "MAP_class2": 0.23882022841307196,
    "MAP_class3": 0.14568942437060162,
    "MAP_class4": -0.0,
    "Aggregate": 39.07061448022395
}