{
    "multi-label/mAP": 24.77639389038086,
    "multi-label/precision": 28.274532318115234,
    "multi-label/recall": 22.22101593017578,
    "multi-label/f1-score": 23.719120025634766,
    "multi-label/precision_micro": 39.1812858581543,
    "multi-label/recall_micro": 34.7664909362793,
    "multi-label/f1-score_micro": 36.84210205078125,
    "AUC/AUC_multilabe": 67.58790991453706,
    "AUC/AUC_class1": 85.23734237737631,
    "AUC/AUC_class2": 60.08995079346838,
    "AUC/AUC_class3": 72.36535986535986,
    "AUC/AUC_class4": 82.5162734773415,
    "AUC/AUC_class5": 62.401614194236934,
    "AUC/AUC_class6": 60.71118012422361,
    "AUC/AUC_class7": 57.605324373223056,
    "AUC/AUC_class8": 66.62633847865389,
    "AUC/AUC_class9": 75.851419579044,
    "AUC/AUC_class10": 49.27550942725911,
    "AUC/AUC_class11": 68.28942047469437,
    "AUC/AUC_class12": 71.46556671449068,
    "AUC/AUC_class13": 76.44665093187922,
    "AUC/AUC_class14": 63.42575812492448,
    "AUC/AUC_class15": 47.06165947729003,
    "AUC/AUC_class16": 91.14811568799298,
    "AUC/AUC_class17": 58.37577057089253,
    "AUC/AUC_class18": 59.377700950734656,
    "AUC/AUC_class19": 75.89933275311866,
    "MAP_class1": 0.767409911391765,
    "MAP_class2": 0.22888338533178626,
    "MAP_class3": 0.433818337378959,
    "MAP_class4": 0.5892047030349061,
    "MAP_class5": 0.2700469923704771,
    "MAP_class6": 0.22816430437407076,
    "MAP_class7": 0.22077346434330258,
    "MAP_class8": 0.22515833001059526,
    "MAP_class9": 0.34864108784132064,
    "MAP_class10": 0.13591229529975044,
    "MAP_class11": 0.19489625199446514,
    "MAP_class12": 0.2685696182975142,
    "MAP_class13": 0.12712427750862013,
    "MAP_class14": 0.12804320613866688,
    "MAP_class15": 0.031996307312503865,
    "MAP_class16": 0.4357333150013965,
    "MAP_class17": 0.019029837147108937,
    "MAP_class18": 0.015204671533225569,
    "MAP_class19": 0.0389120636796524,
    "Aggregate": 46.182171694084545
}