{
    "multi-label/mAP": 19.260913848876953,
    "multi-label/precision": 22.113914489746094,
    "multi-label/recall": 17.024965286254883,
    "multi-label/f1-score": 16.282461166381836,
    "multi-label/precision_micro": 29.387069702148438,
    "multi-label/recall_micro": 25.945144653320312,
    "multi-label/f1-score_micro": 27.55905532836914,
    "AUC/AUC_multilabe": 59.093572906016156,
    "AUC/AUC_class1": 68.16023001109257,
    "AUC/AUC_class2": 57.052413836333436,
    "AUC/AUC_class3": 61.44317394317393,
    "AUC/AUC_class4": 76.37298395455863,
    "AUC/AUC_class5": 59.08151013874067,
    "AUC/AUC_class6": 50.62422360248448,
    "AUC/AUC_class7": 54.966001948426346,
    "AUC/AUC_class8": 67.5253789459046,
    "AUC/AUC_class9": 69.29184971477281,
    "AUC/AUC_class10": 46.98467277387266,
    "AUC/AUC_class11": 53.157370827759976,
    "AUC/AUC_class12": 38.850789096126256,
    "AUC/AUC_class13": 63.84796939855132,
    "AUC/AUC_class14": 54.543715516894196,
    "AUC/AUC_class15": 47.52600862725197,
    "AUC/AUC_class16": 91.57756354075373,
    "AUC/AUC_class17": 49.09541677834361,
    "AUC/AUC_class18": 54.32152117545377,
    "AUC/AUC_class19": 58.35509138381201,
    "MAP_class1": 0.5521874566578996,
    "MAP_class2": 0.2221232699682799,
    "MAP_class3": 0.3442140693607463,
    "MAP_class4": 0.4823314892616121,
    "MAP_class5": 0.2408484497082814,
    "MAP_class6": 0.1423878130426672,
    "MAP_class7": 0.2350243346262162,
    "MAP_class8": 0.21925139710338845,
    "MAP_class9": 0.23866779163017476,
    "MAP_class10": 0.1257174165773701,
    "MAP_class11": 0.13834665441863192,
    "MAP_class12": 0.08993054158986008,
    "MAP_class13": 0.06991470813686526,
    "MAP_class14": 0.0889889966463013,
    "MAP_class15": 0.027346508275647764,
    "MAP_class16": 0.371877907261117,
    "MAP_class17": 0.050948171515648,
    "MAP_class18": 0.00512174041460341,
    "MAP_class19": 0.014377544613027152,
    "Aggregate": 39.17732924460897
}