{
    "multi-label/mAP": 14.532373428344727,
    "multi-label/precision": 13.558335304260254,
    "multi-label/recall": 49.942054748535156,
    "multi-label/f1-score": 19.559085845947266,
    "multi-label/precision_micro": 17.597957611083984,
    "multi-label/recall_micro": 66.41957092285156,
    "multi-label/f1-score_micro": 27.823925018310547,
    "AUC/AUC_multilabe": 52.86990041118313,
    "AUC/AUC_class1": 59.95429103288241,
    "AUC/AUC_class2": 49.161086095759465,
    "AUC/AUC_class3": 49.330511830511824,
    "AUC/AUC_class4": 63.87661179982587,
    "AUC/AUC_class5": 50.0652729074554,
    "AUC/AUC_class6": 59.503726708074545,
    "AUC/AUC_class7": 51.82068513032587,
    "AUC/AUC_class8": 51.94340147406481,
    "AUC/AUC_class9": 53.416825126221234,
    "AUC/AUC_class10": 51.865785266577,
    "AUC/AUC_class11": 58.220051637788906,
    "AUC/AUC_class12": 50.03945480631277,
    "AUC/AUC_class13": 59.22519736306665,
    "AUC/AUC_class14": 58.766259917039186,
    "AUC/AUC_class15": 56.13296117736615,
    "AUC/AUC_class16": 59.53111305872042,
    "AUC/AUC_class17": 45.302867863843474,
    "AUC/AUC_class18": 36.27917026793431,
    "AUC/AUC_class19": 40.09283434870902,
    "MAP_class1": 0.47168036106278255,
    "MAP_class2": 0.16574237779469686,
    "MAP_class3": 0.23302979001399493,
    "MAP_class4": 0.3584092203731356,
    "MAP_class5": 0.19370049427359065,
    "MAP_class6": 0.17708657829070273,
    "MAP_class7": 0.19018063455789067,
    "MAP_class8": 0.13216355448008638,
    "MAP_class9": 0.13985831944815152,
    "MAP_class10": 0.15927787666798038,
    "MAP_class11": 0.13408947871172353,
    "MAP_class12": 0.1308235911814124,
    "MAP_class13": 0.04866276895341323,
    "MAP_class14": 0.12850864866714565,
    "MAP_class15": 0.0400210460425692,
    "MAP_class16": 0.02508198556176457,
    "MAP_class17": 0.020940394083681504,
    "MAP_class18": 0.003295546990193505,
    "MAP_class19": 0.008598440968458142,
    "Aggregate": 33.70113733223202
}