{
    "multi-label/mAP": 17.094924926757812,
    "multi-label/precision": 11.332770347595215,
    "multi-label/recall": 9.831009864807129,
    "multi-label/f1-score": 7.025909423828125,
    "multi-label/precision_micro": 24.430313110351562,
    "multi-label/recall_micro": 17.08673095703125,
    "multi-label/f1-score_micro": 20.109050750732422,
    "AUC/AUC_multilabe": 59.28827290439906,
    "AUC/AUC_class1": 68.00595427828281,
    "AUC/AUC_class2": 52.17981800896374,
    "AUC/AUC_class3": 63.03212553212554,
    "AUC/AUC_class4": 60.06924001824289,
    "AUC/AUC_class5": 60.63805458149108,
    "AUC/AUC_class6": 55.21180124223603,
    "AUC/AUC_class7": 47.77322703143329,
    "AUC/AUC_class8": 57.295925462383536,
    "AUC/AUC_class9": 63.74073831224183,
    "AUC/AUC_class10": 51.43185220899839,
    "AUC/AUC_class11": 55.545618564718325,
    "AUC/AUC_class12": 59.2467718794835,
    "AUC/AUC_class13": 54.893383250590055,
    "AUC/AUC_class14": 50.95747251419597,
    "AUC/AUC_class15": 48.43694493783304,
    "AUC/AUC_class16": 92.91411042944785,
    "AUC/AUC_class17": 63.76306620209058,
    "AUC/AUC_class18": 61.97061365600691,
    "AUC/AUC_class19": 59.37046707281694,
    "MAP_class1": 0.5263099910654508,
    "MAP_class2": 0.18389631849694416,
    "MAP_class3": 0.3222455650673347,
    "MAP_class4": 0.2931498627845193,
    "MAP_class5": 0.2695607715515127,
    "MAP_class6": 0.1612819345206694,
    "MAP_class7": 0.1698468778442649,
    "MAP_class8": 0.13952550288051901,
    "MAP_class9": 0.17579726340514534,
    "MAP_class10": 0.14183267696653104,
    "MAP_class11": 0.12317427981512498,
    "MAP_class12": 0.1501064921548916,
    "MAP_class13": 0.04426916732556875,
    "MAP_class14": 0.08325001397811146,
    "MAP_class15": 0.03169189110285174,
    "MAP_class16": 0.37117817292197314,
    "MAP_class17": 0.03290136782857665,
    "MAP_class18": 0.012740389225099057,
    "MAP_class19": 0.015277031029040228,
    "Aggregate": 38.19159847842092
}