{
    "multi-label/mAP": 18.766218185424805,
    "multi-label/precision": 19.444120407104492,
    "multi-label/recall": 8.266388893127441,
    "multi-label/f1-score": 9.531773567199707,
    "multi-label/precision_micro": 34.231101989746094,
    "multi-label/recall_micro": 14.603410720825195,
    "multi-label/f1-score_micro": 20.472850799560547,
    "AUC/AUC_multilabe": 55.52705775668061,
    "AUC/AUC_class1": 69.7530313268988,
    "AUC/AUC_class2": 55.549055046542485,
    "AUC/AUC_class3": 64.17268917268916,
    "AUC/AUC_class4": 74.09179485053278,
    "AUC/AUC_class5": 50.525518371703,
    "AUC/AUC_class6": 53.10559006211181,
    "AUC/AUC_class7": 50.241565103286476,
    "AUC/AUC_class8": 65.50966485885135,
    "AUC/AUC_class9": 69.08399449216445,
    "AUC/AUC_class10": 45.21912350597609,
    "AUC/AUC_class11": 53.40933835194575,
    "AUC/AUC_class12": 34.686513629842175,
    "AUC/AUC_class13": 52.41311955725563,
    "AUC/AUC_class14": 54.10072087310217,
    "AUC/AUC_class15": 50.40598832783557,
    "AUC/AUC_class16": 91.1042944785276,
    "AUC/AUC_class17": 41.2489949075315,
    "AUC/AUC_class18": 19.165946413137423,
    "AUC/AUC_class19": 61.22715404699739,
    "MAP_class1": 0.5861943766496707,
    "MAP_class2": 0.20512402220817594,
    "MAP_class3": 0.3608757114263237,
    "MAP_class4": 0.45062299733616973,
    "MAP_class5": 0.21868824929891567,
    "MAP_class6": 0.15366743709170955,
    "MAP_class7": 0.1811815809057126,
    "MAP_class8": 0.21094148001335125,
    "MAP_class9": 0.239487280221979,
    "MAP_class10": 0.11860422629564907,
    "MAP_class11": 0.11485690120854491,
    "MAP_class12": 0.08466201287882572,
    "MAP_class13": 0.04474227968111387,
    "MAP_class14": 0.09308897325916222,
    "MAP_class15": 0.034843304718928034,
    "MAP_class16": 0.4296622572427597,
    "MAP_class17": 0.015003341835281217,
    "MAP_class18": 0.0025276009486682677,
    "MAP_class19": 0.020807466428518846,
    "Aggregate": 37.14663808794415
}