{
    "multi-label/mAP": 25.018638610839844,
    "multi-label/precision": 25.805265426635742,
    "multi-label/recall": 24.641555786132812,
    "multi-label/f1-score": 23.387126922607422,
    "multi-label/precision_micro": 36.8179931640625,
    "multi-label/recall_micro": 32.765010833740234,
    "multi-label/f1-score_micro": 34.6734619140625,
    "AUC/AUC_multilabe": 67.82610605838485,
    "AUC/AUC_class1": 85.9334956841045,
    "AUC/AUC_class2": 56.10589329182294,
    "AUC/AUC_class3": 68.74979374979374,
    "AUC/AUC_class4": 84.1005016791741,
    "AUC/AUC_class5": 68.1449153834426,
    "AUC/AUC_class6": 60.93354037267081,
    "AUC/AUC_class7": 58.355866155039074,
    "AUC/AUC_class8": 77.57891809205951,
    "AUC/AUC_class9": 79.75870434725591,
    "AUC/AUC_class10": 56.767833126094345,
    "AUC/AUC_class11": 66.63763337169875,
    "AUC/AUC_class12": 65.50789096126256,
    "AUC/AUC_class13": 72.15553023520795,
    "AUC/AUC_class14": 63.443880633079615,
    "AUC/AUC_class15": 55.891905607713774,
    "AUC/AUC_class16": 89.00525854513585,
    "AUC/AUC_class17": 53.26990083087644,
    "AUC/AUC_class18": 63.78565254969749,
    "AUC/AUC_class19": 62.56890049318247,
    "MAP_class1": 0.7727190678802759,
    "MAP_class2": 0.2148636180163337,
    "MAP_class3": 0.39643204012962796,
    "MAP_class4": 0.595265992894427,
    "MAP_class5": 0.35465760225541554,
    "MAP_class6": 0.1959053865643029,
    "MAP_class7": 0.2195185929110064,
    "MAP_class8": 0.38782930492206413,
    "MAP_class9": 0.4059075613118187,
    "MAP_class10": 0.17027077463072682,
    "MAP_class11": 0.21202639438100856,
    "MAP_class12": 0.1987882687257581,
    "MAP_class13": 0.14507017443748968,
    "MAP_class14": 0.14202243877438236,
    "MAP_class15": 0.03346627430277311,
    "MAP_class16": 0.25513932823736096,
    "MAP_class17": 0.012644889307491393,
    "MAP_class18": 0.011698503867812893,
    "MAP_class19": 0.02879044340634187,
    "Aggregate": 46.42099160013037
}