{
    "multi-label/mAP": 25.797435760498047,
    "multi-label/precision": 27.263668060302734,
    "multi-label/recall": 21.522558212280273,
    "multi-label/f1-score": 22.021657943725586,
    "multi-label/precision_micro": 43.4823112487793,
    "multi-label/recall_micro": 34.61823272705078,
    "multi-label/f1-score_micro": 38.54725646972656,
    "AUC/AUC_multilabe": 68.68941517163744,
    "AUC/AUC_class1": 83.23972663870154,
    "AUC/AUC_class2": 57.565373645775665,
    "AUC/AUC_class3": 71.60429660429661,
    "AUC/AUC_class4": 84.8157054604254,
    "AUC/AUC_class5": 68.15158560756213,
    "AUC/AUC_class6": 59.115527950310565,
    "AUC/AUC_class7": 57.051613416307134,
    "AUC/AUC_class8": 71.40661938534278,
    "AUC/AUC_class9": 77.9057111009114,
    "AUC/AUC_class10": 50.978886999771625,
    "AUC/AUC_class11": 65.01850872554206,
    "AUC/AUC_class12": 67.6571018651363,
    "AUC/AUC_class13": 75.21364043297794,
    "AUC/AUC_class14": 66.40086988039144,
    "AUC/AUC_class15": 54.07003298655164,
    "AUC/AUC_class16": 95.68799298860648,
    "AUC/AUC_class17": 48.55936746180649,
    "AUC/AUC_class18": 78.65168539325842,
    "AUC/AUC_class19": 72.00464171743546,
    "MAP_class1": 0.7502870688168284,
    "MAP_class2": 0.21763888494840622,
    "MAP_class3": 0.4294574657042795,
    "MAP_class4": 0.5641993748435404,
    "MAP_class5": 0.3256429972898075,
    "MAP_class6": 0.17187326293916116,
    "MAP_class7": 0.22938041020800778,
    "MAP_class8": 0.27962523450419874,
    "MAP_class9": 0.3355144831266318,
    "MAP_class10": 0.13706534443155993,
    "MAP_class11": 0.1813576258255421,
    "MAP_class12": 0.23858322996664025,
    "MAP_class13": 0.18930053485055587,
    "MAP_class14": 0.13019270716739162,
    "MAP_class15": 0.03673530614926224,
    "MAP_class16": 0.6158998637590155,
    "MAP_class17": 0.012589746899506836,
    "MAP_class18": 0.022254865112574504,
    "MAP_class19": 0.0339144944355191,
    "Aggregate": 47.24342574628827
}