{
    "multi-label/mAP": 17.00181007385254,
    "multi-label/precision": 13.819141387939453,
    "multi-label/recall": 9.155010223388672,
    "multi-label/f1-score": 9.137985229492188,
    "multi-label/precision_micro": 31.943553924560547,
    "multi-label/recall_micro": 18.458118438720703,
    "multi-label/f1-score_micro": 23.396760940551758,
    "AUC/AUC_multilabe": 59.47575012807656,
    "AUC/AUC_class1": 68.75278907574813,
    "AUC/AUC_class2": 57.006968313500984,
    "AUC/AUC_class3": 57.51782001782002,
    "AUC/AUC_class4": 63.89485467888386,
    "AUC/AUC_class5": 58.64222823601158,
    "AUC/AUC_class6": 53.03229813664596,
    "AUC/AUC_class7": 44.59311688569895,
    "AUC/AUC_class8": 59.20873313864552,
    "AUC/AUC_class9": 67.34246934627237,
    "AUC/AUC_class10": 54.69332859644226,
    "AUC/AUC_class11": 52.10439543347746,
    "AUC/AUC_class12": 55.396700143472025,
    "AUC/AUC_class13": 64.35053308374704,
    "AUC/AUC_class14": 49.94563247553461,
    "AUC/AUC_class15": 47.335701598579035,
    "AUC/AUC_class16": 91.37160385626643,
    "AUC/AUC_class17": 48.827392120075054,
    "AUC/AUC_class18": 68.94987035436473,
    "AUC/AUC_class19": 67.07281694226864,
    "MAP_class1": 0.5626536757278444,
    "MAP_class2": 0.21525170250488027,
    "MAP_class3": 0.2749527142780611,
    "MAP_class4": 0.3337441647353647,
    "MAP_class5": 0.25565704132753186,
    "MAP_class6": 0.14785122013258264,
    "MAP_class7": 0.15938351802066042,
    "MAP_class8": 0.1741412711620522,
    "MAP_class9": 0.23897629062004835,
    "MAP_class10": 0.15663718368320323,
    "MAP_class11": 0.11216622915988089,
    "MAP_class12": 0.15005509672711775,
    "MAP_class13": 0.06659716696801965,
    "MAP_class14": 0.08134668394008465,
    "MAP_class15": 0.03170052896154762,
    "MAP_class16": 0.2166994015781546,
    "MAP_class17": 0.013974035196162825,
    "MAP_class18": 0.010570555859553663,
    "MAP_class19": 0.02798500657276425,
    "Aggregate": 38.23877897760543
}