{
    "multi-label/mAP": 26.507780075073242,
    "multi-label/precision": 27.77281379699707,
    "multi-label/recall": 25.376144409179688,
    "multi-label/f1-score": 25.081436157226562,
    "multi-label/precision_micro": 37.16474914550781,
    "multi-label/recall_micro": 35.95255661010742,
    "multi-label/f1-score_micro": 36.54860305786133,
    "AUC/AUC_multilabe": 67.78679434760355,
    "AUC/AUC_class1": 86.22451581645014,
    "AUC/AUC_class2": 57.54447915251936,
    "AUC/AUC_class3": 66.53672903672904,
    "AUC/AUC_class4": 81.10784029188606,
    "AUC/AUC_class5": 62.65865604512882,
    "AUC/AUC_class6": 59.56583850931677,
    "AUC/AUC_class7": 56.36171143408155,
    "AUC/AUC_class8": 67.86747323042692,
    "AUC/AUC_class9": 80.03999737722116,
    "AUC/AUC_class10": 51.19775674372573,
    "AUC/AUC_class11": 63.95464584564656,
    "AUC/AUC_class12": 75.5071736011478,
    "AUC/AUC_class13": 72.80255554651258,
    "AUC/AUC_class14": 65.03564093270509,
    "AUC/AUC_class15": 50.61913219994925,
    "AUC/AUC_class16": 96.12182296231376,
    "AUC/AUC_class17": 47.681586705976954,
    "AUC/AUC_class18": 83.21089023336215,
    "AUC/AUC_class19": 63.91064693936757,
    "MAP_class1": 0.7779800085999118,
    "MAP_class2": 0.21759304931128898,
    "MAP_class3": 0.40030089124249546,
    "MAP_class4": 0.576131890515255,
    "MAP_class5": 0.27803495325866157,
    "MAP_class6": 0.1926187852212414,
    "MAP_class7": 0.21966428650813638,
    "MAP_class8": 0.23201120663065983,
    "MAP_class9": 0.3880750011831272,
    "MAP_class10": 0.15586624355245463,
    "MAP_class11": 0.2089832021199893,
    "MAP_class12": 0.3149818653560791,
    "MAP_class13": 0.12854583687473384,
    "MAP_class14": 0.13249729840305027,
    "MAP_class15": 0.03086946006893245,
    "MAP_class16": 0.728841552983596,
    "MAP_class17": 0.01101992116106116,
    "MAP_class18": 0.02295469646988984,
    "MAP_class19": 0.019507963279916385,
    "Aggregate": 47.147286944171455
}