{
    "multi-label/mAP": 22.419397354125977,
    "multi-label/precision": 24.29444122314453,
    "multi-label/recall": 17.373550415039062,
    "multi-label/f1-score": 17.084331512451172,
    "multi-label/precision_micro": 29.107982635498047,
    "multi-label/recall_micro": 25.277984619140625,
    "multi-label/f1-score_micro": 27.058124542236328,
    "AUC/AUC_multilabe": 62.177151686740636,
    "AUC/AUC_class1": 70.21601790108504,
    "AUC/AUC_class2": 56.16753204692904,
    "AUC/AUC_class3": 64.03264528264529,
    "AUC/AUC_class4": 77.33571043575603,
    "AUC/AUC_class5": 55.24517838085073,
    "AUC/AUC_class6": 56.99378881987578,
    "AUC/AUC_class7": 52.734258504483364,
    "AUC/AUC_class8": 68.24433319427062,
    "AUC/AUC_class9": 71.47465739951478,
    "AUC/AUC_class10": 46.41561143959195,
    "AUC/AUC_class11": 62.127881295299716,
    "AUC/AUC_class12": 50.67575322812051,
    "AUC/AUC_class13": 65.63237568161472,
    "AUC/AUC_class14": 64.52418348032701,
    "AUC/AUC_class15": 44.640954072570416,
    "AUC/AUC_class16": 96.84925503943909,
    "AUC/AUC_class17": 53.12918788528545,
    "AUC/AUC_class18": 64.71477960242005,
    "AUC/AUC_class19": 60.21177835799245,
    "MAP_class1": 0.5666519393281255,
    "MAP_class2": 0.19808753006357246,
    "MAP_class3": 0.3704871388988695,
    "MAP_class4": 0.5324621571456449,
    "MAP_class5": 0.2198638155120355,
    "MAP_class6": 0.18363274704337046,
    "MAP_class7": 0.20354402672266944,
    "MAP_class8": 0.22546416038758765,
    "MAP_class9": 0.24545255827385373,
    "MAP_class10": 0.13356585166390017,
    "MAP_class11": 0.16738701691114974,
    "MAP_class12": 0.1170743225628555,
    "MAP_class13": 0.0708195334176353,
    "MAP_class14": 0.12715817137857796,
    "MAP_class15": 0.0260361367198673,
    "MAP_class16": 0.7365342832899389,
    "MAP_class17": 0.09141212091934947,
    "MAP_class18": 0.010170609814309528,
    "MAP_class19": 0.032341569460775405,
    "Aggregate": 42.29422239472318
}