{
    "multi-label/mAP": 20.675973892211914,
    "multi-label/precision": 22.834793090820312,
    "multi-label/recall": 17.887081146240234,
    "multi-label/f1-score": 17.970117568969727,
    "multi-label/precision_micro": 32.94403839111328,
    "multi-label/recall_micro": 25.092660903930664,
    "multi-label/f1-score_micro": 28.48727035522461,
    "AUC/AUC_multilabe": 57.68873267657986,
    "AUC/AUC_class1": 73.08143463681452,
    "AUC/AUC_class2": 59.69974613190694,
    "AUC/AUC_class3": 62.72728772728772,
    "AUC/AUC_class4": 71.26788009453128,
    "AUC/AUC_class5": 60.04678685775271,
    "AUC/AUC_class6": 48.85652173913043,
    "AUC/AUC_class7": 51.00105374077978,
    "AUC/AUC_class8": 67.23473786677793,
    "AUC/AUC_class9": 70.20588813848273,
    "AUC/AUC_class10": 46.805136143324795,
    "AUC/AUC_class11": 54.837154322331784,
    "AUC/AUC_class12": 37.13055954088953,
    "AUC/AUC_class13": 59.038007650362175,
    "AUC/AUC_class14": 58.64544319600499,
    "AUC/AUC_class15": 41.651865008880996,
    "AUC/AUC_class16": 95.19281332164769,
    "AUC/AUC_class17": 41.43661216831948,
    "AUC/AUC_class18": 37.85652549697494,
    "AUC/AUC_class19": 59.37046707281694,
    "MAP_class1": 0.6072920154453872,
    "MAP_class2": 0.22836710011880032,
    "MAP_class3": 0.3484385592627146,
    "MAP_class4": 0.4419419585298853,
    "MAP_class5": 0.2388579302192635,
    "MAP_class6": 0.15950315893905143,
    "MAP_class7": 0.20423471925829761,
    "MAP_class8": 0.2245511555510732,
    "MAP_class9": 0.24608162568827985,
    "MAP_class10": 0.12483062123166093,
    "MAP_class11": 0.1457782369675108,
    "MAP_class12": 0.08679726057397893,
    "MAP_class13": 0.05281105922052285,
    "MAP_class14": 0.10620822478887651,
    "MAP_class15": 0.025489321880273717,
    "MAP_class16": 0.6223427407080283,
    "MAP_class17": 0.0476415053303456,
    "MAP_class18": 0.003420242151485164,
    "MAP_class19": 0.013847721685425782,
    "Aggregate": 39.18235359500272
}