{
    "multi-label/mAP": 21.635616302490234,
    "multi-label/precision": 19.83489990234375,
    "multi-label/recall": 35.640743255615234,
    "multi-label/f1-score": 25.088760375976562,
    "multi-label/precision_micro": 25.09765625,
    "multi-label/recall_micro": 52.77207565307617,
    "multi-label/f1-score_micro": 34.017208099365234,
    "AUC/AUC_multilabe": 59.69752094053133,
    "AUC/AUC_class1": 50.89751228958737,
    "AUC/AUC_class2": 70.52625463095873,
    "AUC/AUC_class3": 58.6831584207896,
    "AUC/AUC_class4": 58.6831584207896,
    "MAP_class1": 0.24188687367563122,
    "MAP_class2": 0.43808958695268396,
    "MAP_class3": 0.1852795936957895,
    "MAP_class4": -0.0,
    "Aggregate": 40.66446114931697
}