{
    "multi-label/mAP": 18.975906372070312,
    "multi-label/precision": 23.276212692260742,
    "multi-label/recall": 11.039041519165039,
    "multi-label/f1-score": 11.70503044128418,
    "multi-label/precision_micro": 29.04312515258789,
    "multi-label/recall_micro": 15.974796295166016,
    "multi-label/f1-score_micro": 20.612146377563477,
    "AUC/AUC_multilabe": 59.74791170753765,
    "AUC/AUC_class1": 78.44570386709337,
    "AUC/AUC_class2": 58.15459835560338,
    "AUC/AUC_class3": 65.92499092499092,
    "AUC/AUC_class4": 55.11256685600564,
    "AUC/AUC_class5": 42.03289373380088,
    "AUC/AUC_class6": 55.80124223602485,
    "AUC/AUC_class7": 55.40141559138716,
    "AUC/AUC_class8": 55.84411069392296,
    "AUC/AUC_class9": 56.00485214084322,
    "AUC/AUC_class10": 51.554926789656655,
    "AUC/AUC_class11": 51.97296792857809,
    "AUC/AUC_class12": 63.26829268292683,
    "AUC/AUC_class13": 74.90640514364775,
    "AUC/AUC_class14": 57.221819499818785,
    "AUC/AUC_class15": 52.6972849530576,
    "AUC/AUC_class16": 90.1621384750219,
    "AUC/AUC_class17": 63.43473599571161,
    "AUC/AUC_class18": 42.394122731201385,
    "AUC/AUC_class19": 64.87525384392225,
    "MAP_class1": 0.6686216477741134,
    "MAP_class2": 0.2094894990579083,
    "MAP_class3": 0.36927720022354227,
    "MAP_class4": 0.2865130772602378,
    "MAP_class5": 0.1626640555586657,
    "MAP_class6": 0.17576476053515683,
    "MAP_class7": 0.20920651227521994,
    "MAP_class8": 0.1423534650294597,
    "MAP_class9": 0.15133302458833234,
    "MAP_class10": 0.1567788555228115,
    "MAP_class11": 0.12858271341091426,
    "MAP_class12": 0.16630604318526188,
    "MAP_class13": 0.12041291515672177,
    "MAP_class14": 0.09450136174583926,
    "MAP_class15": 0.033143898097956134,
    "MAP_class16": 0.4859809141737957,
    "MAP_class17": 0.01707046794331261,
    "MAP_class18": 0.0035510436383185246,
    "MAP_class19": 0.023870601922242763,
    "Aggregate": 39.36190863561043
}