{
    "multi-label/mAP": 20.939870834350586,
    "multi-label/precision": 16.04251480102539,
    "multi-label/recall": 60.8212890625,
    "multi-label/f1-score": 24.615514755249023,
    "multi-label/precision_micro": 19.408945083618164,
    "multi-label/recall_micro": 81.06004333496094,
    "multi-label/f1-score_micro": 31.31891632080078,
    "AUC/AUC_multilabe": 60.43226982976598,
    "AUC/AUC_class1": 74.6802922313881,
    "AUC/AUC_class2": 55.33331940367117,
    "AUC/AUC_class3": 65.24354024354024,
    "AUC/AUC_class4": 70.63186699282723,
    "AUC/AUC_class5": 57.939948925141024,
    "AUC/AUC_class6": 52.593788819875776,
    "AUC/AUC_class7": 50.37427679583275,
    "AUC/AUC_class8": 62.32095675149492,
    "AUC/AUC_class9": 63.0142285751754,
    "AUC/AUC_class10": 54.99276778237368,
    "AUC/AUC_class11": 45.6232307835879,
    "AUC/AUC_class12": 73.74533715925395,
    "AUC/AUC_class13": 72.63367787092048,
    "AUC/AUC_class14": 56.9197776972333,
    "AUC/AUC_class15": 53.849276833291036,
    "AUC/AUC_class16": 92.6555652936021,
    "AUC/AUC_class17": 38.03269900830876,
    "AUC/AUC_class18": 63.720829732065674,
    "AUC/AUC_class19": 43.907745865970405,
    "MAP_class1": 0.6202974218949885,
    "MAP_class2": 0.2049115223956115,
    "MAP_class3": 0.3426134814071069,
    "MAP_class4": 0.45964163311952944,
    "MAP_class5": 0.2408872854096621,
    "MAP_class6": 0.1509772920243967,
    "MAP_class7": 0.19550212937099906,
    "MAP_class8": 0.1875567201112202,
    "MAP_class9": 0.22120298601119726,
    "MAP_class10": 0.15796518202110346,
    "MAP_class11": 0.10989671586619346,
    "MAP_class12": 0.31300148582986426,
    "MAP_class13": 0.12115628629199338,
    "MAP_class14": 0.12542822590158736,
    "MAP_class15": 0.037941307003364705,
    "MAP_class16": 0.46237150503722374,
    "MAP_class17": 0.008928887958113607,
    "MAP_class18": 0.007802184070839047,
    "MAP_class19": 0.010492895740246604,
    "Aggregate": 40.68606951347573
}