{
    "multi-label/mAP": 26.512521743774414,
    "multi-label/precision": 27.839670181274414,
    "multi-label/recall": 27.057167053222656,
    "multi-label/f1-score": 24.789344787597656,
    "multi-label/precision_micro": 38.78932571411133,
    "multi-label/recall_micro": 36.10081481933594,
    "multi-label/f1-score_micro": 37.39681625366211,
    "AUC/AUC_multilabe": 68.05565593948882,
    "AUC/AUC_class1": 85.47911540079815,
    "AUC/AUC_class2": 60.14166466427774,
    "AUC/AUC_class3": 67.61129261129261,
    "AUC/AUC_class4": 78.04676810813052,
    "AUC/AUC_class5": 61.241233419728616,
    "AUC/AUC_class6": 57.9360248447205,
    "AUC/AUC_class7": 53.81981032665964,
    "AUC/AUC_class8": 72.0602141565846,
    "AUC/AUC_class9": 77.57130679955412,
    "AUC/AUC_class10": 57.20811023422235,
    "AUC/AUC_class11": 75.7838989641335,
    "AUC/AUC_class12": 73.25824964131994,
    "AUC/AUC_class13": 70.35281191503215,
    "AUC/AUC_class14": 67.97148725383593,
    "AUC/AUC_class15": 52.098452169500135,
    "AUC/AUC_class16": 97.3794916739702,
    "AUC/AUC_class17": 49.57786116322701,
    "AUC/AUC_class18": 73.48746758859119,
    "AUC/AUC_class19": 62.03220191470844,
    "MAP_class1": 0.775293681554748,
    "MAP_class2": 0.2215033862935132,
    "MAP_class3": 0.4002240679319992,
    "MAP_class4": 0.5532088352720317,
    "MAP_class5": 0.28166115907346756,
    "MAP_class6": 0.19212684139836955,
    "MAP_class7": 0.2148188517970522,
    "MAP_class8": 0.26629894483215777,
    "MAP_class9": 0.37096395723628395,
    "MAP_class10": 0.17274920791591844,
    "MAP_class11": 0.31637042596796877,
    "MAP_class12": 0.3255114606732192,
    "MAP_class13": 0.0944865199853907,
    "MAP_class14": 0.1531265712372088,
    "MAP_class15": 0.03587214719003945,
    "MAP_class16": 0.6193197171038868,
    "MAP_class17": 0.011979905446717735,
    "MAP_class18": 0.018567501778123257,
    "MAP_class19": 0.015215484106199563,
    "Aggregate": 47.289140250782026
}