{
    "multi-label/mAP": 22.394790649414062,
    "multi-label/precision": 23.204975128173828,
    "multi-label/recall": 18.64419937133789,
    "multi-label/f1-score": 20.217741012573242,
    "multi-label/precision_micro": 33.872379302978516,
    "multi-label/recall_micro": 28.724979400634766,
    "multi-label/f1-score_micro": 31.08704376220703,
    "AUC/AUC_multilabe": 65.30697415959945,
    "AUC/AUC_class1": 80.82677767719397,
    "AUC/AUC_class2": 56.380655878143315,
    "AUC/AUC_class3": 65.12762762762763,
    "AUC/AUC_class4": 74.85219121854139,
    "AUC/AUC_class5": 61.45563348071352,
    "AUC/AUC_class6": 56.95714285714285,
    "AUC/AUC_class7": 53.364017734656144,
    "AUC/AUC_class8": 66.31136142400223,
    "AUC/AUC_class9": 73.8364697396892,
    "AUC/AUC_class10": 52.969015657116756,
    "AUC/AUC_class11": 62.42339876193734,
    "AUC/AUC_class12": 70.73888091822094,
    "AUC/AUC_class13": 70.61528444697647,
    "AUC/AUC_class14": 64.38524425113769,
    "AUC/AUC_class15": 60.04059883278355,
    "AUC/AUC_class16": 92.03330411919369,
    "AUC/AUC_class17": 53.58482980434201,
    "AUC/AUC_class18": 61.0847018150389,
    "AUC/AUC_class19": 63.845372787931545,
    "MAP_class1": 0.7238978776104394,
    "MAP_class2": 0.20559533615635495,
    "MAP_class3": 0.38794237198188775,
    "MAP_class4": 0.4536300711114961,
    "MAP_class5": 0.29087036834292296,
    "MAP_class6": 0.16913870566727,
    "MAP_class7": 0.20033414884901424,
    "MAP_class8": 0.20883878373545725,
    "MAP_class9": 0.29288930097562216,
    "MAP_class10": 0.1577001879556134,
    "MAP_class11": 0.15504719108355786,
    "MAP_class12": 0.2669303021007603,
    "MAP_class13": 0.10440390139049051,
    "MAP_class14": 0.13370678052798562,
    "MAP_class15": 0.040666838496174876,
    "MAP_class16": 0.41470991649107153,
    "MAP_class17": 0.016303678356106712,
    "MAP_class18": 0.007233355056137544,
    "MAP_class19": 0.02518343294549865,
    "Aggregate": 43.85091483988884
}