{
    "multi-label/mAP": 14.713290214538574,
    "multi-label/precision": 14.258747100830078,
    "multi-label/recall": 17.66486358642578,
    "multi-label/f1-score": 13.20754337310791,
    "multi-label/precision_micro": 18.103181838989258,
    "multi-label/recall_micro": 21.71979331970215,
    "multi-label/f1-score_micro": 19.74726104736328,
    "AUC/AUC_multilabe": 53.51560629421631,
    "AUC/AUC_class1": 60.64741620022696,
    "AUC/AUC_class2": 47.846300107606645,
    "AUC/AUC_class3": 62.17783717783717,
    "AUC/AUC_class4": 65.28732534516357,
    "AUC/AUC_class5": 44.47133709406922,
    "AUC/AUC_class6": 50.99440993788819,
    "AUC/AUC_class7": 45.70053879953079,
    "AUC/AUC_class8": 60.762063690724524,
    "AUC/AUC_class9": 56.657268375844204,
    "AUC/AUC_class10": 53.43593777755221,
    "AUC/AUC_class11": 56.321740753414005,
    "AUC/AUC_class12": 41.911764705882355,
    "AUC/AUC_class13": 42.01595181899568,
    "AUC/AUC_class14": 48.09713664371149,
    "AUC/AUC_class15": 52.27607206292819,
    "AUC/AUC_class16": 66.3102541630149,
    "AUC/AUC_class17": 47.73519163763067,
    "AUC/AUC_class18": 78.41400172860847,
    "AUC/AUC_class19": 35.73397156948071,
    "MAP_class1": 0.5013603639090469,
    "MAP_class2": 0.16958193371557095,
    "MAP_class3": 0.32421001414394174,
    "MAP_class4": 0.33015385834569333,
    "MAP_class5": 0.1749836887727605,
    "MAP_class6": 0.14196892790142102,
    "MAP_class7": 0.17047038737335776,
    "MAP_class8": 0.1627521378325409,
    "MAP_class9": 0.16537216605964478,
    "MAP_class10": 0.14402993841042733,
    "MAP_class11": 0.14634970122279703,
    "MAP_class12": 0.09749047672178493,
    "MAP_class13": 0.0319705150419908,
    "MAP_class14": 0.09503976802641265,
    "MAP_class15": 0.03133271498941836,
    "MAP_class16": 0.03547680936044462,
    "MAP_class17": 0.012002118479837258,
    "MAP_class18": 0.010087762923531304,
    "MAP_class19": 0.051071060788360385,
    "Aggregate": 34.11491984189495
}