{
    "multi-label/mAP": 19.994958877563477,
    "multi-label/precision": 19.6191349029541,
    "multi-label/recall": 19.582216262817383,
    "multi-label/f1-score": 16.65880012512207,
    "multi-label/precision_micro": 28.50312614440918,
    "multi-label/recall_micro": 28.724979400634766,
    "multi-label/f1-score_micro": 28.613624572753906,
    "AUC/AUC_multilabe": 59.15011378019947,
    "AUC/AUC_class1": 74.16104601496856,
    "AUC/AUC_class2": 56.5243055192804,
    "AUC/AUC_class3": 67.3081048081048,
    "AUC/AUC_class4": 73.95994858824993,
    "AUC/AUC_class5": 56.41199115718859,
    "AUC/AUC_class6": 55.893788819875766,
    "AUC/AUC_class7": 53.177624908046205,
    "AUC/AUC_class8": 68.44214990960923,
    "AUC/AUC_class9": 72.57097895219985,
    "AUC/AUC_class10": 46.54693328596443,
    "AUC/AUC_class11": 55.6537157433042,
    "AUC/AUC_class12": 48.70803443328551,
    "AUC/AUC_class13": 58.966794172702855,
    "AUC/AUC_class14": 58.907212758245734,
    "AUC/AUC_class15": 42.238010657193605,
    "AUC/AUC_class16": 90.67046450482033,
    "AUC/AUC_class17": 49.53095684803002,
    "AUC/AUC_class18": 52.54969749351772,
    "AUC/AUC_class19": 41.6304032492022,
    "MAP_class1": 0.6156661372114611,
    "MAP_class2": 0.1944594634313831,
    "MAP_class3": 0.3717912189775907,
    "MAP_class4": 0.44807651867558895,
    "MAP_class5": 0.22144748969984324,
    "MAP_class6": 0.15703958631484943,
    "MAP_class7": 0.21441219282814872,
    "MAP_class8": 0.228815963180218,
    "MAP_class9": 0.24122058772901533,
    "MAP_class10": 0.13223815991916707,
    "MAP_class11": 0.14176663716340837,
    "MAP_class12": 0.11798640362308797,
    "MAP_class13": 0.04950764384346197,
    "MAP_class14": 0.10214734601723066,
    "MAP_class15": 0.02883196987122836,
    "MAP_class16": 0.49950386149556436,
    "MAP_class17": 0.020695687898187064,
    "MAP_class18": 0.004517772945204912,
    "MAP_class19": 0.009254381273356002,
    "Aggregate": 39.57342273772604
}