{
    "multi-label/mAP": 19.471630096435547,
    "multi-label/precision": 20.35810661315918,
    "multi-label/recall": 24.255813598632812,
    "multi-label/f1-score": 20.806678771972656,
    "multi-label/precision_micro": 27.3768310546875,
    "multi-label/recall_micro": 38.102298736572266,
    "multi-label/f1-score_micro": 31.86115264892578,
    "AUC/AUC_multilabe": 62.006026738746655,
    "AUC/AUC_class1": 67.1642909053818,
    "AUC/AUC_class2": 56.52482788161179,
    "AUC/AUC_class3": 65.02285252285252,
    "AUC/AUC_class4": 71.47021020772006,
    "AUC/AUC_class5": 60.558011892056705,
    "AUC/AUC_class6": 54.6416149068323,
    "AUC/AUC_class7": 54.66156033163011,
    "AUC/AUC_class8": 59.62453066332915,
    "AUC/AUC_class9": 61.516621860861584,
    "AUC/AUC_class10": 53.72776410282437,
    "AUC/AUC_class11": 66.15158490683424,
    "AUC/AUC_class12": 55.99139167862267,
    "AUC/AUC_class13": 67.78098803613575,
    "AUC/AUC_class14": 65.07792678506705,
    "AUC/AUC_class15": 50.07358538442019,
    "AUC/AUC_class16": 79.85977212971078,
    "AUC/AUC_class17": 60.22514071294559,
    "AUC/AUC_class18": 57.908383751080386,
    "AUC/AUC_class19": 70.13344937626923,
    "MAP_class1": 0.5015135716110775,
    "MAP_class2": 0.1984960262362419,
    "MAP_class3": 0.3600867619326727,
    "MAP_class4": 0.40121120438060615,
    "MAP_class5": 0.28628094396073944,
    "MAP_class6": 0.15444182257555464,
    "MAP_class7": 0.21711631868640408,
    "MAP_class8": 0.1892913465828204,
    "MAP_class9": 0.18282620166029454,
    "MAP_class10": 0.1464974890772,
    "MAP_class11": 0.18887187718747098,
    "MAP_class12": 0.13346587273514512,
    "MAP_class13": 0.06024377081667684,
    "MAP_class14": 0.1412408755919659,
    "MAP_class15": 0.029518460938295292,
    "MAP_class16": 0.44906376750948146,
    "MAP_class17": 0.020662434143191827,
    "MAP_class18": 0.00904915777112546,
    "MAP_class19": 0.02926745245157173,
    "Aggregate": 40.73760641108
}