{
    "multi-label/mAP": 19.749296188354492,
    "multi-label/precision": 20.20963478088379,
    "multi-label/recall": 26.41357421875,
    "multi-label/f1-score": 21.586002349853516,
    "multi-label/precision_micro": 26.950746536254883,
    "multi-label/recall_micro": 36.10081481933594,
    "multi-label/f1-score_micro": 30.86185073852539,
    "AUC/AUC_multilabe": 62.3778318212434,
    "AUC/AUC_class1": 69.81789726001197,
    "AUC/AUC_class2": 58.8132972555083,
    "AUC/AUC_class3": 62.45792495792496,
    "AUC/AUC_class4": 76.98847381732244,
    "AUC/AUC_class5": 64.0751257813691,
    "AUC/AUC_class6": 57.125465838509314,
    "AUC/AUC_class7": 52.93307751953397,
    "AUC/AUC_class8": 61.43790849673203,
    "AUC/AUC_class9": 62.0765851419579,
    "AUC/AUC_class10": 56.041439338188646,
    "AUC/AUC_class11": 59.602762310635526,
    "AUC/AUC_class12": 54.04017216642754,
    "AUC/AUC_class13": 74.23903312444047,
    "AUC/AUC_class14": 57.40807861141316,
    "AUC/AUC_class15": 48.51814260340015,
    "AUC/AUC_class16": 90.37686240140228,
    "AUC/AUC_class17": 67.32779415706244,
    "AUC/AUC_class18": 49.37337942955921,
    "AUC/AUC_class19": 62.52538439222513,
    "MAP_class1": 0.5643708730771546,
    "MAP_class2": 0.22194100553820412,
    "MAP_class3": 0.3336207775133603,
    "MAP_class4": 0.44357191786578404,
    "MAP_class5": 0.2842023248426391,
    "MAP_class6": 0.16999877635820776,
    "MAP_class7": 0.18614820099808538,
    "MAP_class8": 0.16999620257800258,
    "MAP_class9": 0.19448981746289754,
    "MAP_class10": 0.16341758617149976,
    "MAP_class11": 0.2012741974448475,
    "MAP_class12": 0.12902428451314973,
    "MAP_class13": 0.09015228267346975,
    "MAP_class14": 0.09726688994648112,
    "MAP_class15": 0.04293539581230277,
    "MAP_class16": 0.4102431516116556,
    "MAP_class17": 0.028465867114407534,
    "MAP_class18": 0.004349469202224402,
    "MAP_class19": 0.016290458205887877,
    "Aggregate": 41.06196717096449
}