{
    "multi-label/mAP": 17.965713500976562,
    "multi-label/precision": 16.09796714782715,
    "multi-label/recall": 8.237164497375488,
    "multi-label/f1-score": 8.950274467468262,
    "multi-label/precision_micro": 31.233823776245117,
    "multi-label/recall_micro": 13.417346954345703,
    "multi-label/f1-score_micro": 18.771066665649414,
    "AUC/AUC_multilabe": 56.25827019775392,
    "AUC/AUC_class1": 70.43579707003609,
    "AUC/AUC_class2": 58.123778978050346,
    "AUC/AUC_class3": 65.94107844107843,
    "AUC/AUC_class4": 70.8690244205813,
    "AUC/AUC_class5": 53.52473700259186,
    "AUC/AUC_class6": 54.02981366459627,
    "AUC/AUC_class7": 50.42099926436965,
    "AUC/AUC_class8": 64.69545264914476,
    "AUC/AUC_class9": 63.56304504622648,
    "AUC/AUC_class10": 53.37376608216815,
    "AUC/AUC_class11": 57.112638815441564,
    "AUC/AUC_class12": 40.47991391678623,
    "AUC/AUC_class13": 52.8302270692602,
    "AUC/AUC_class14": 43.53831903668801,
    "AUC/AUC_class15": 47.366150723166704,
    "AUC/AUC_class16": 92.33128834355828,
    "AUC/AUC_class17": 52.96837309032432,
    "AUC/AUC_class18": 15.10371650821089,
    "AUC/AUC_class19": 62.199013635044956,
    "MAP_class1": 0.574565107629823,
    "MAP_class2": 0.228186193847565,
    "MAP_class3": 0.340635282388377,
    "MAP_class4": 0.406324840956114,
    "MAP_class5": 0.23588599366183227,
    "MAP_class6": 0.1539044025198578,
    "MAP_class7": 0.18963486098494264,
    "MAP_class8": 0.19347600831039374,
    "MAP_class9": 0.19190168295772628,
    "MAP_class10": 0.15123351229079063,
    "MAP_class11": 0.1488482787673035,
    "MAP_class12": 0.09332487756033611,
    "MAP_class13": 0.04212761628792726,
    "MAP_class14": 0.06814154870481448,
    "MAP_class15": 0.03099231907836443,
    "MAP_class16": 0.3241081872936886,
    "MAP_class17": 0.016798104906643137,
    "MAP_class18": 0.002489563748194396,
    "MAP_class19": 0.020907396312093426,
    "Aggregate": 37.111992409947455
}