{
    "multi-label/mAP": 20.860929489135742,
    "multi-label/precision": 22.3572940826416,
    "multi-label/recall": 12.038118362426758,
    "multi-label/f1-score": 13.482062339782715,
    "multi-label/precision_micro": 32.1402473449707,
    "multi-label/recall_micro": 16.30837631225586,
    "multi-label/f1-score_micro": 21.637571334838867,
    "AUC/AUC_multilabe": 61.847046622093714,
    "AUC/AUC_class1": 80.66421440501841,
    "AUC/AUC_class2": 58.452344884505706,
    "AUC/AUC_class3": 69.9967824967825,
    "AUC/AUC_class4": 68.4622082175878,
    "AUC/AUC_class5": 53.31176627534685,
    "AUC/AUC_class6": 55.40869565217391,
    "AUC/AUC_class7": 49.98608266894645,
    "AUC/AUC_class8": 63.59894312334864,
    "AUC/AUC_class9": 66.99232837191005,
    "AUC/AUC_class10": 48.42477224858527,
    "AUC/AUC_class11": 51.55691044265406,
    "AUC/AUC_class12": 45.43256814921091,
    "AUC/AUC_class13": 73.55741840970131,
    "AUC/AUC_class14": 58.68370182433249,
    "AUC/AUC_class15": 50.53539710733317,
    "AUC/AUC_class16": 91.45048203330411,
    "AUC/AUC_class17": 55.54811042615921,
    "AUC/AUC_class18": 75.69144338807261,
    "AUC/AUC_class19": 57.33971569480707,
    "MAP_class1": 0.7279226212946213,
    "MAP_class2": 0.23899683553563547,
    "MAP_class3": 0.4046639367391503,
    "MAP_class4": 0.39891107075000387,
    "MAP_class5": 0.2194143673586197,
    "MAP_class6": 0.15773817120204567,
    "MAP_class7": 0.18408030398869385,
    "MAP_class8": 0.210295450562099,
    "MAP_class9": 0.2177144613896973,
    "MAP_class10": 0.1316755218122297,
    "MAP_class11": 0.13215428323301626,
    "MAP_class12": 0.10015259824111229,
    "MAP_class13": 0.13441421202808648,
    "MAP_class14": 0.10421546895246717,
    "MAP_class15": 0.031455013337938195,
    "MAP_class16": 0.47728424957371135,
    "MAP_class17": 0.051511644213664415,
    "MAP_class18": 0.024669038431105215,
    "MAP_class19": 0.016307745239811648,
    "Aggregate": 41.35398908442504
}