{
    "multi-label/mAP": 18.542070388793945,
    "multi-label/precision": 20.606218338012695,
    "multi-label/recall": 23.183439254760742,
    "multi-label/f1-score": 20.6879825592041,
    "multi-label/precision_micro": 27.448745727539062,
    "multi-label/recall_micro": 35.73017120361328,
    "multi-label/f1-score_micro": 31.04669952392578,
    "AUC/AUC_multilabe": 61.35540543831887,
    "AUC/AUC_class1": 68.43658757379097,
    "AUC/AUC_class2": 58.30921760570003,
    "AUC/AUC_class3": 61.77564927564927,
    "AUC/AUC_class4": 67.77022264604669,
    "AUC/AUC_class5": 60.242129135538946,
    "AUC/AUC_class6": 54.43726708074534,
    "AUC/AUC_class7": 51.28735312245263,
    "AUC/AUC_class8": 60.6174384647476,
    "AUC/AUC_class9": 57.95619959346927,
    "AUC/AUC_class10": 55.293475778415,
    "AUC/AUC_class11": 67.4059787849566,
    "AUC/AUC_class12": 59.3364418938307,
    "AUC/AUC_class13": 61.45316187840808,
    "AUC/AUC_class14": 65.58435020740204,
    "AUC/AUC_class15": 51.273788378584115,
    "AUC/AUC_class16": 75.37686240140228,
    "AUC/AUC_class17": 52.78745644599303,
    "AUC/AUC_class18": 66.57303370786516,
    "AUC/AUC_class19": 69.83608935306063,
    "MAP_class1": 0.5075832616426105,
    "MAP_class2": 0.20951883446160063,
    "MAP_class3": 0.32143528308606295,
    "MAP_class4": 0.3690705710977158,
    "MAP_class5": 0.24971639463356093,
    "MAP_class6": 0.15438196762535866,
    "MAP_class7": 0.1902815214070757,
    "MAP_class8": 0.1988063416490905,
    "MAP_class9": 0.17228077753959842,
    "MAP_class10": 0.15609211075903187,
    "MAP_class11": 0.21709323513637793,
    "MAP_class12": 0.14421686246027235,
    "MAP_class13": 0.05532116062790225,
    "MAP_class14": 0.16383249422517646,
    "MAP_class15": 0.030932386394922455,
    "MAP_class16": 0.3308065386749354,
    "MAP_class17": 0.014839631021453845,
    "MAP_class18": 0.013620443925791927,
    "MAP_class19": 0.024409409796195318,
    "Aggregate": 39.95201647222453
}