{
    "multi-label/mAP": 17.477352142333984,
    "multi-label/precision": 14.76269245147705,
    "multi-label/recall": 10.169787406921387,
    "multi-label/f1-score": 9.198107719421387,
    "multi-label/precision_micro": 31.588130950927734,
    "multi-label/recall_micro": 20.126018524169922,
    "multi-label/f1-score_micro": 24.586822509765625,
    "AUC/AUC_multilabe": 58.93469146822414,
    "AUC/AUC_class1": 74.60283561346917,
    "AUC/AUC_class2": 54.02898066214649,
    "AUC/AUC_class3": 62.9079629079629,
    "AUC/AUC_class4": 61.3661428749119,
    "AUC/AUC_class5": 60.54371855465772,
    "AUC/AUC_class6": 51.356521739130436,
    "AUC/AUC_class7": 46.88450603415711,
    "AUC/AUC_class8": 62.45723821443471,
    "AUC/AUC_class9": 60.10687823749262,
    "AUC/AUC_class10": 55.59799020478595,
    "AUC/AUC_class11": 60.207017762155104,
    "AUC/AUC_class12": 63.2080344332855,
    "AUC/AUC_class13": 46.92561243590787,
    "AUC/AUC_class14": 48.171640288349245,
    "AUC/AUC_class15": 50.12940877949759,
    "AUC/AUC_class16": 86.36283961437336,
    "AUC/AUC_class17": 57.7928169391584,
    "AUC/AUC_class18": 52.09593777009508,
    "AUC/AUC_class19": 65.0130548302872,
    "MAP_class1": 0.6154460189081533,
    "MAP_class2": 0.18792501333588724,
    "MAP_class3": 0.3414027405081117,
    "MAP_class4": 0.3018766777983672,
    "MAP_class5": 0.27347366805971923,
    "MAP_class6": 0.14314237393839366,
    "MAP_class7": 0.1669377056013606,
    "MAP_class8": 0.17504072411152571,
    "MAP_class9": 0.18853318415976986,
    "MAP_class10": 0.15974250145718583,
    "MAP_class11": 0.15386639394829277,
    "MAP_class12": 0.16131653594590972,
    "MAP_class13": 0.03772364423346322,
    "MAP_class14": 0.08187687857654175,
    "MAP_class15": 0.03440913843331443,
    "MAP_class16": 0.24298117337592032,
    "MAP_class17": 0.03380998723999551,
    "MAP_class18": 0.00497515120396695,
    "MAP_class19": 0.01621741827746505,
    "Aggregate": 38.20602186335771
}