{
    "multi-label/mAP": 23.350561141967773,
    "multi-label/precision": 25.65347671508789,
    "multi-label/recall": 22.9990291595459,
    "multi-label/f1-score": 22.441377639770508,
    "multi-label/precision_micro": 33.101768493652344,
    "multi-label/recall_micro": 35.32246017456055,
    "multi-label/f1-score_micro": 34.17607879638672,
    "AUC/AUC_multilabe": 65.94092456227638,
    "AUC/AUC_class1": 82.86551236118372,
    "AUC/AUC_class2": 61.09549828142793,
    "AUC/AUC_class3": 69.71256971256972,
    "AUC/AUC_class4": 82.04403167627181,
    "AUC/AUC_class5": 62.66008537886872,
    "AUC/AUC_class6": 61.924844720496885,
    "AUC/AUC_class7": 55.43422072887051,
    "AUC/AUC_class8": 65.89278264497288,
    "AUC/AUC_class9": 72.8522719821651,
    "AUC/AUC_class10": 46.75755576420433,
    "AUC/AUC_class11": 69.89065853734408,
    "AUC/AUC_class12": 71.26398852223817,
    "AUC/AUC_class13": 72.42003743794253,
    "AUC/AUC_class14": 59.75494341750232,
    "AUC/AUC_class15": 47.711240801826946,
    "AUC/AUC_class16": 92.19982471516214,
    "AUC/AUC_class17": 51.199410345751815,
    "AUC/AUC_class18": 62.42437337942957,
    "AUC/AUC_class19": 64.77371627502175,
    "MAP_class1": 0.7434792293336985,
    "MAP_class2": 0.24580332026908958,
    "MAP_class3": 0.390516464729834,
    "MAP_class4": 0.5532303950422325,
    "MAP_class5": 0.27513296233708906,
    "MAP_class6": 0.197626542255703,
    "MAP_class7": 0.2182474536305759,
    "MAP_class8": 0.22313875720439785,
    "MAP_class9": 0.2661408817362009,
    "MAP_class10": 0.12709895046383574,
    "MAP_class11": 0.2509763147081131,
    "MAP_class12": 0.25050043170196207,
    "MAP_class13": 0.1444832563675335,
    "MAP_class14": 0.097154118652581,
    "MAP_class15": 0.03196909176503976,
    "MAP_class16": 0.3729470230337278,
    "MAP_class17": 0.024745039244298075,
    "MAP_class18": 0.005700159750468036,
    "MAP_class19": 0.01778344513134332,
    "Aggregate": 44.64591974786904
}