{
    "multi-label/mAP": 26.31515884399414,
    "multi-label/precision": 25.36667251586914,
    "multi-label/recall": 29.470783233642578,
    "multi-label/f1-score": 25.83711051940918,
    "multi-label/precision_micro": 32.320098876953125,
    "multi-label/recall_micro": 38.62120056152344,
    "multi-label/f1-score_micro": 35.19081115722656,
    "AUC/AUC_multilabe": 68.72580887101525,
    "AUC/AUC_class1": 84.17940610217897,
    "AUC/AUC_class2": 59.06768771090379,
    "AUC/AUC_class3": 76.65742665742665,
    "AUC/AUC_class4": 81.59500808491231,
    "AUC/AUC_class5": 68.87316092392133,
    "AUC/AUC_class6": 61.9,
    "AUC/AUC_class7": 55.28460942004494,
    "AUC/AUC_class8": 67.49408983451536,
    "AUC/AUC_class9": 71.87200839289227,
    "AUC/AUC_class10": 56.37450199203188,
    "AUC/AUC_class11": 73.07135969141754,
    "AUC/AUC_class12": 63.40172166427547,
    "AUC/AUC_class13": 76.4893790184748,
    "AUC/AUC_class14": 64.89972212154161,
    "AUC/AUC_class15": 49.822380106571934,
    "AUC/AUC_class16": 97.28308501314635,
    "AUC/AUC_class17": 49.43714821763602,
    "AUC/AUC_class18": 78.82454624027658,
    "AUC/AUC_class19": 69.26312735712213,
    "MAP_class1": 0.7632159683100157,
    "MAP_class2": 0.20155838158867104,
    "MAP_class3": 0.5058753625176047,
    "MAP_class4": 0.6045258367407589,
    "MAP_class5": 0.3214975163091026,
    "MAP_class6": 0.21648981849750007,
    "MAP_class7": 0.23237707023506068,
    "MAP_class8": 0.20838340145999723,
    "MAP_class9": 0.25601731162162344,
    "MAP_class10": 0.16184068157847273,
    "MAP_class11": 0.25825083646981334,
    "MAP_class12": 0.23972032210512106,
    "MAP_class13": 0.18798146893618817,
    "MAP_class14": 0.19581809591367627,
    "MAP_class15": 0.029851069248251934,
    "MAP_class16": 0.5635155244159273,
    "MAP_class17": 0.01530194152068678,
    "MAP_class18": 0.011282092933211788,
    "MAP_class19": 0.025750185711559025,
    "Aggregate": 47.51883308317405
}