{
    "multi-label/mAP": 25.44161033630371,
    "multi-label/precision": 31.551654815673828,
    "multi-label/recall": 21.67734718322754,
    "multi-label/f1-score": 22.32111167907715,
    "multi-label/precision_micro": 42.740840911865234,
    "multi-label/recall_micro": 35.025943756103516,
    "multi-label/f1-score_micro": 38.50071334838867,
    "AUC/AUC_multilabe": 66.96956830847785,
    "AUC/AUC_class1": 87.26412387958842,
    "AUC/AUC_class2": 55.862994807718415,
    "AUC/AUC_class3": 70.84570834570833,
    "AUC/AUC_class4": 84.38637588623078,
    "AUC/AUC_class5": 67.1748742186309,
    "AUC/AUC_class6": 54.39689440993789,
    "AUC/AUC_class7": 56.257331451179994,
    "AUC/AUC_class8": 67.04352663051036,
    "AUC/AUC_class9": 74.523637794243,
    "AUC/AUC_class10": 56.83508006191793,
    "AUC/AUC_class11": 65.76974523283667,
    "AUC/AUC_class12": 73.68005738880917,
    "AUC/AUC_class13": 73.42923414991454,
    "AUC/AUC_class14": 59.310941967701666,
    "AUC/AUC_class15": 51.56559248921593,
    "AUC/AUC_class16": 95.8282208588957,
    "AUC/AUC_class17": 46.750201018493705,
    "AUC/AUC_class18": 72.03975799481417,
    "AUC/AUC_class19": 59.45749927473165,
    "MAP_class1": 0.7874926210728355,
    "MAP_class2": 0.20727678596005963,
    "MAP_class3": 0.3965127564107857,
    "MAP_class4": 0.5826891635094054,
    "MAP_class5": 0.34751418529835754,
    "MAP_class6": 0.15764787201628128,
    "MAP_class7": 0.22637898223051503,
    "MAP_class8": 0.2506941837001111,
    "MAP_class9": 0.31905027291498167,
    "MAP_class10": 0.19058848231076064,
    "MAP_class11": 0.19519203523611667,
    "MAP_class12": 0.25123885686859565,
    "MAP_class13": 0.12905746560266843,
    "MAP_class14": 0.14244354824014352,
    "MAP_class15": 0.03476949972615337,
    "MAP_class16": 0.562520493246788,
    "MAP_class17": 0.011460594454616698,
    "MAP_class18": 0.02057713999673836,
    "MAP_class19": 0.014491841075410485,
    "Aggregate": 46.18898620653188
}