{
    "multi-label/mAP": 24.151031494140625,
    "multi-label/precision": 18.345693588256836,
    "multi-label/recall": 36.42463684082031,
    "multi-label/f1-score": 23.09756088256836,
    "multi-label/precision_micro": 25.113327026367188,
    "multi-label/recall_micro": 56.87885284423828,
    "multi-label/f1-score_micro": 34.84276580810547,
    "AUC/AUC_multilabe": 60.39092630627775,
    "AUC/AUC_class1": 58.11410695665128,
    "AUC/AUC_class2": 69.53512693269901,
    "AUC/AUC_class3": 56.95723566788035,
    "AUC/AUC_class4": 56.95723566788035,
    "MAP_class1": 0.33855969143377995,
    "MAP_class2": 0.4768621044483906,
    "MAP_class3": 0.15064577692780148,
    "MAP_class4": -0.0,
    "Aggregate": 42.271307813263526
}