{
    "multi-label/mAP": 15.99596118927002,
    "multi-label/precision": 19.703651428222656,
    "multi-label/recall": 4.746537685394287,
    "multi-label/f1-score": 5.327597141265869,
    "multi-label/precision_micro": 25.78475570678711,
    "multi-label/recall_micro": 8.524832725524902,
    "multi-label/f1-score_micro": 12.813369750976562,
    "AUC/AUC_multilabe": 56.007194740034755,
    "AUC/AUC_class1": 64.20579872754395,
    "AUC/AUC_class2": 47.566313897972194,
    "AUC/AUC_class3": 48.75136125136125,
    "AUC/AUC_class4": 69.8001575521373,
    "AUC/AUC_class5": 54.75253468516542,
    "AUC/AUC_class6": 58.74472049689442,
    "AUC/AUC_class7": 47.84679006700201,
    "AUC/AUC_class8": 60.196078431372534,
    "AUC/AUC_class9": 58.431578257163466,
    "AUC/AUC_class10": 54.185804552490666,
    "AUC/AUC_class11": 60.61374311755374,
    "AUC/AUC_class12": 51.91176470588235,
    "AUC/AUC_class13": 63.70554244323269,
    "AUC/AUC_class14": 52.7183762232693,
    "AUC/AUC_class15": 58.8530829738645,
    "AUC/AUC_class16": 88.76862401402279,
    "AUC/AUC_class17": 49.678370410077726,
    "AUC/AUC_class18": 19.554883318928262,
    "AUC/AUC_class19": 53.851174934725854,
    "MAP_class1": 0.5136828838047851,
    "MAP_class2": 0.1580704195178092,
    "MAP_class3": 0.2163836528916291,
    "MAP_class4": 0.42330334280888404,
    "MAP_class5": 0.2204046208543171,
    "MAP_class6": 0.19591973048492178,
    "MAP_class7": 0.17869130298454056,
    "MAP_class8": 0.1701502562076865,
    "MAP_class9": 0.1711055417710705,
    "MAP_class10": 0.15162516749477095,
    "MAP_class11": 0.14423146717236932,
    "MAP_class12": 0.1406282539728911,
    "MAP_class13": 0.10747862429739226,
    "MAP_class14": 0.08265661650453612,
    "MAP_class15": 0.04391886149638295,
    "MAP_class16": 0.09479672682772987,
    "MAP_class17": 0.011171036853233222,
    "MAP_class18": 0.0025772910460530813,
    "MAP_class19": 0.012436820353070577,
    "Aggregate": 36.00157794197547
}