{
    "multi-label/mAP": 20.82451820373535,
    "multi-label/precision": 24.5575008392334,
    "multi-label/recall": 14.421635627746582,
    "multi-label/f1-score": 13.457079887390137,
    "multi-label/precision_micro": 27.57056427001953,
    "multi-label/recall_micro": 20.274276733398438,
    "multi-label/f1-score_micro": 23.3660831451416,
    "AUC/AUC_multilabe": 60.10178838863658,
    "AUC/AUC_class1": 71.49182083614896,
    "AUC/AUC_class2": 57.679770996353916,
    "AUC/AUC_class3": 65.66099066099066,
    "AUC/AUC_class4": 69.45644512624901,
    "AUC/AUC_class5": 61.944465619759114,
    "AUC/AUC_class6": 55.106832298136645,
    "AUC/AUC_class7": 54.14587351134262,
    "AUC/AUC_class8": 65.65081351689612,
    "AUC/AUC_class9": 75.00295062618846,
    "AUC/AUC_class10": 45.67526074047758,
    "AUC/AUC_class11": 62.38062649702927,
    "AUC/AUC_class12": 52.09827833572454,
    "AUC/AUC_class13": 63.03410108244486,
    "AUC/AUC_class14": 64.13454955499175,
    "AUC/AUC_class15": 52.96117736615072,
    "AUC/AUC_class16": 92.71691498685364,
    "AUC/AUC_class17": 46.31466094880729,
    "AUC/AUC_class18": 30.574762316335345,
    "AUC/AUC_class19": 55.90368436321439,
    "MAP_class1": 0.6079030986110793,
    "MAP_class2": 0.21401648260416306,
    "MAP_class3": 0.3650216502416589,
    "MAP_class4": 0.43809323174256365,
    "MAP_class5": 0.2617791335199673,
    "MAP_class6": 0.1628081167986658,
    "MAP_class7": 0.21375201898306456,
    "MAP_class8": 0.19808914944433653,
    "MAP_class9": 0.264606288870435,
    "MAP_class10": 0.1289995932854518,
    "MAP_class11": 0.1562736560348804,
    "MAP_class12": 0.12402333941959236,
    "MAP_class13": 0.0627601836877961,
    "MAP_class14": 0.12134694651463852,
    "MAP_class15": 0.03217204898187266,
    "MAP_class16": 0.5727271505883144,
    "MAP_class17": 0.016433359080480898,
    "MAP_class18": 0.003031463635922517,
    "MAP_class19": 0.012821489401534249,
    "Aggregate": 40.463153145493074
}