{
    "multi-label/mAP": 26.20440101623535,
    "multi-label/precision": 29.042972564697266,
    "multi-label/recall": 19.292022705078125,
    "multi-label/f1-score": 21.510478973388672,
    "multi-label/precision_micro": 42.331932067871094,
    "multi-label/recall_micro": 29.873981475830078,
    "multi-label/f1-score_micro": 35.02824783325195,
    "AUC/AUC_multilabe": 68.49772938042243,
    "AUC/AUC_class1": 82.90057502773138,
    "AUC/AUC_class2": 59.352897543852315,
    "AUC/AUC_class3": 69.93325743325742,
    "AUC/AUC_class4": 83.27708445623782,
    "AUC/AUC_class5": 66.24771306601616,
    "AUC/AUC_class6": 59.28260869565216,
    "AUC/AUC_class7": 54.84372825417023,
    "AUC/AUC_class8": 67.9884577944653,
    "AUC/AUC_class9": 72.62277883417481,
    "AUC/AUC_class10": 54.27525566523713,
    "AUC/AUC_class11": 68.23187233645442,
    "AUC/AUC_class12": 67.63271162123385,
    "AUC/AUC_class13": 75.5229103930984,
    "AUC/AUC_class14": 64.11743385284524,
    "AUC/AUC_class15": 52.54250190307028,
    "AUC/AUC_class16": 99.45661700262927,
    "AUC/AUC_class17": 56.90833556687216,
    "AUC/AUC_class18": 73.31460674157304,
    "AUC/AUC_class19": 73.0055120394546,
    "MAP_class1": 0.7101433963425121,
    "MAP_class2": 0.23720412116508244,
    "MAP_class3": 0.377832452649721,
    "MAP_class4": 0.611927003205397,
    "MAP_class5": 0.31744135382572813,
    "MAP_class6": 0.179349790015837,
    "MAP_class7": 0.20594665589769598,
    "MAP_class8": 0.2665244070495465,
    "MAP_class9": 0.2661582529862554,
    "MAP_class10": 0.15905934664690644,
    "MAP_class11": 0.27611848957928675,
    "MAP_class12": 0.2163171531043178,
    "MAP_class13": 0.12704629886741312,
    "MAP_class14": 0.13907689433274265,
    "MAP_class15": 0.034495381590890606,
    "MAP_class16": 0.737610319679494,
    "MAP_class17": 0.05962933830273492,
    "MAP_class18": 0.011485524721028052,
    "MAP_class19": 0.04547042873238947,
    "Aggregate": 47.3510662920401
}