{
    "multi-label/mAP": 21.836458206176758,
    "multi-label/precision": 19.09894371032715,
    "multi-label/recall": 38.31626892089844,
    "multi-label/f1-score": 24.672048568725586,
    "multi-label/precision_micro": 22.789426803588867,
    "multi-label/recall_micro": 51.33470153808594,
    "multi-label/f1-score_micro": 31.565656661987305,
    "AUC/AUC_multilabe": 60.991980871883015,
    "AUC/AUC_class1": 67.56889617160734,
    "AUC/AUC_class2": 52.47884455016473,
    "AUC/AUC_class3": 61.96009138287999,
    "AUC/AUC_class4": 61.96009138287999,
    "MAP_class1": 0.4263500883388266,
    "MAP_class2": 0.2740558187490266,
    "MAP_class3": 0.17305782717136345,
    "MAP_class4": -0.0,
    "Aggregate": 41.41428711418172
}