{
    "multi-label/mAP": 22.23848533630371,
    "multi-label/precision": 26.990436553955078,
    "multi-label/recall": 11.250372886657715,
    "multi-label/f1-score": 14.268414497375488,
    "multi-label/precision_micro": 37.04917907714844,
    "multi-label/recall_micro": 16.753150939941406,
    "multi-label/f1-score_micro": 23.072996139526367,
    "AUC/AUC_multilabe": 65.02654853857456,
    "AUC/AUC_class1": 77.02853463553951,
    "AUC/AUC_class2": 53.33737293536288,
    "AUC/AUC_class3": 68.40824340824341,
    "AUC/AUC_class4": 80.598283510925,
    "AUC/AUC_class5": 62.58671291355389,
    "AUC/AUC_class6": 54.451552795031056,
    "AUC/AUC_class7": 52.31922381056524,
    "AUC/AUC_class8": 69.8811013767209,
    "AUC/AUC_class9": 73.77024457412628,
    "AUC/AUC_class10": 54.72187682391453,
    "AUC/AUC_class11": 47.87927333810308,
    "AUC/AUC_class12": 66.10043041606886,
    "AUC/AUC_class13": 73.75478147635712,
    "AUC/AUC_class14": 58.31823124320405,
    "AUC/AUC_class15": 56.361329611773655,
    "AUC/AUC_class16": 93.55390008764243,
    "AUC/AUC_class17": 57.45108549986598,
    "AUC/AUC_class18": 69.42523768366465,
    "AUC/AUC_class19": 65.55700609225413,
    "MAP_class1": 0.642857004480072,
    "MAP_class2": 0.17923239400320373,
    "MAP_class3": 0.3769511988064152,
    "MAP_class4": 0.5717371418233003,
    "MAP_class5": 0.30115164448052434,
    "MAP_class6": 0.14992869332290404,
    "MAP_class7": 0.19661749593762895,
    "MAP_class8": 0.2622894983861209,
    "MAP_class9": 0.25889343167692125,
    "MAP_class10": 0.15272238082033068,
    "MAP_class11": 0.11212642975577844,
    "MAP_class12": 0.20679964245059274,
    "MAP_class13": 0.1082343682831638,
    "MAP_class14": 0.09703095412338938,
    "MAP_class15": 0.03921456617342819,
    "MAP_class16": 0.49792222129975894,
    "MAP_class17": 0.019225164665712304,
    "MAP_class18": 0.035310591039757706,
    "MAP_class19": 0.017067350118789446,
    "Aggregate": 43.632516826255156
}