{
    "multi-label/mAP": 24.76066780090332,
    "multi-label/precision": 24.940269470214844,
    "multi-label/recall": 25.00359344482422,
    "multi-label/f1-score": 21.923864364624023,
    "multi-label/precision_micro": 37.59244155883789,
    "multi-label/recall_micro": 33.91401290893555,
    "multi-label/f1-score_micro": 35.65861511230469,
    "AUC/AUC_multilabe": 68.05756048257264,
    "AUC/AUC_class1": 86.08697453812904,
    "AUC/AUC_class2": 55.73658312351779,
    "AUC/AUC_class3": 75.66990066990067,
    "AUC/AUC_class4": 82.39189021103695,
    "AUC/AUC_class5": 69.7086064948925,
    "AUC/AUC_class6": 55.92111801242237,
    "AUC/AUC_class7": 56.42284828120962,
    "AUC/AUC_class8": 64.96558197747184,
    "AUC/AUC_class9": 74.72755884860008,
    "AUC/AUC_class10": 57.86027863070012,
    "AUC/AUC_class11": 72.24429962360406,
    "AUC/AUC_class12": 61.46915351506457,
    "AUC/AUC_class13": 76.31236265972166,
    "AUC/AUC_class14": 67.92517417743949,
    "AUC/AUC_class15": 58.784572443542245,
    "AUC/AUC_class16": 93.23838737949167,
    "AUC/AUC_class17": 46.58268560707585,
    "AUC/AUC_class18": 65.77355229040623,
    "AUC/AUC_class19": 71.27212068465332,
    "MAP_class1": 0.7941958921796157,
    "MAP_class2": 0.19610227516954473,
    "MAP_class3": 0.4409572812569813,
    "MAP_class4": 0.5501075280224946,
    "MAP_class5": 0.3854829143961145,
    "MAP_class6": 0.1672615745261925,
    "MAP_class7": 0.20802662551795081,
    "MAP_class8": 0.1976623529213218,
    "MAP_class9": 0.3054946934087006,
    "MAP_class10": 0.19658607130547934,
    "MAP_class11": 0.24489967144062097,
    "MAP_class12": 0.18820265834398373,
    "MAP_class13": 0.14333837571201985,
    "MAP_class14": 0.19139328466800049,
    "MAP_class15": 0.04251182570504297,
    "MAP_class16": 0.4086263701560576,
    "MAP_class17": 0.010605320012341017,
    "MAP_class18": 0.010229325754416908,
    "MAP_class19": 0.023139552889078423,
    "Aggregate": 46.40989496072305
}