{
    "multi-label/mAP": 24.370899200439453,
    "multi-label/precision": 27.532888412475586,
    "multi-label/recall": 21.797847747802734,
    "multi-label/f1-score": 23.384613037109375,
    "multi-label/precision_micro": 39.71428680419922,
    "multi-label/recall_micro": 30.911785125732422,
    "multi-label/f1-score_micro": 34.764488220214844,
    "AUC/AUC_multilabe": 66.77549297642913,
    "AUC/AUC_class1": 82.08887429715293,
    "AUC/AUC_class2": 58.291457286432156,
    "AUC/AUC_class3": 63.09379434379435,
    "AUC/AUC_class4": 79.86069074173889,
    "AUC/AUC_class5": 64.82981399603598,
    "AUC/AUC_class6": 58.988198757763975,
    "AUC/AUC_class7": 54.90387100622303,
    "AUC/AUC_class8": 68.70045890696703,
    "AUC/AUC_class9": 77.51622844403646,
    "AUC/AUC_class10": 48.95767249473444,
    "AUC/AUC_class11": 68.30964009083273,
    "AUC/AUC_class12": 71.93185078909613,
    "AUC/AUC_class13": 64.38715715797183,
    "AUC/AUC_class14": 63.38045185453668,
    "AUC/AUC_class15": 52.65922354732302,
    "AUC/AUC_class16": 94.75021910604733,
    "AUC/AUC_class17": 54.857946931117674,
    "AUC/AUC_class18": 79.84010371650821,
    "AUC/AUC_class19": 61.38671308384103,
    "MAP_class1": 0.7192014861702825,
    "MAP_class2": 0.21728478594060407,
    "MAP_class3": 0.3480835030126714,
    "MAP_class4": 0.49458149442980637,
    "MAP_class5": 0.3130918094790014,
    "MAP_class6": 0.1859093634985861,
    "MAP_class7": 0.20707257846931562,
    "MAP_class8": 0.2333382765072233,
    "MAP_class9": 0.3864447344921397,
    "MAP_class10": 0.14672001534805387,
    "MAP_class11": 0.21799040076462753,
    "MAP_class12": 0.24117947119939842,
    "MAP_class13": 0.07316199579908624,
    "MAP_class14": 0.12973635184095617,
    "MAP_class15": 0.03284241449819269,
    "MAP_class16": 0.5814254222898133,
    "MAP_class17": 0.013694342372069419,
    "MAP_class18": 0.07214225049660869,
    "MAP_class19": 0.016389654435255828,
    "Aggregate": 45.572721096224285
}