{
    "multi-label/mAP": 20.58188247680664,
    "multi-label/precision": 22.1317138671875,
    "multi-label/recall": 16.717023849487305,
    "multi-label/f1-score": 15.733532905578613,
    "multi-label/precision_micro": 31.114192962646484,
    "multi-label/recall_micro": 24.94440460205078,
    "multi-label/f1-score_micro": 27.689775466918945,
    "AUC/AUC_multilabe": 59.319487388865305,
    "AUC/AUC_class1": 68.27243054404508,
    "AUC/AUC_class2": 53.752128626500486,
    "AUC/AUC_class3": 69.59645084645085,
    "AUC/AUC_class4": 79.88245781334219,
    "AUC/AUC_class5": 52.07253392285409,
    "AUC/AUC_class6": 52.39565217391304,
    "AUC/AUC_class7": 51.527427083126234,
    "AUC/AUC_class8": 69.08948685857321,
    "AUC/AUC_class9": 73.76565471116648,
    "AUC/AUC_class10": 43.513842718298775,
    "AUC/AUC_class11": 53.90627430242325,
    "AUC/AUC_class12": 44.24533715925395,
    "AUC/AUC_class13": 64.07992186864165,
    "AUC/AUC_class14": 54.475252708308176,
    "AUC/AUC_class15": 46.97284953057599,
    "AUC/AUC_class16": 92.53724802804557,
    "AUC/AUC_class17": 47.84575180916645,
    "AUC/AUC_class18": 53.997407087294725,
    "AUC/AUC_class19": 55.14215259646069,
    "MAP_class1": 0.5526272449352606,
    "MAP_class2": 0.20323423749316105,
    "MAP_class3": 0.389317000780912,
    "MAP_class4": 0.5585252138878499,
    "MAP_class5": 0.19650334955722615,
    "MAP_class6": 0.147667732021027,
    "MAP_class7": 0.20248811731053784,
    "MAP_class8": 0.22121754635616248,
    "MAP_class9": 0.2706245595771554,
    "MAP_class10": 0.11924393187383586,
    "MAP_class11": 0.14181400670248648,
    "MAP_class12": 0.10352930729805701,
    "MAP_class13": 0.06397451754905337,
    "MAP_class14": 0.09693774676153329,
    "MAP_class15": 0.02778211485732457,
    "MAP_class16": 0.5674988378241118,
    "MAP_class17": 0.01954839408913575,
    "MAP_class18": 0.0047703953657840395,
    "MAP_class19": 0.01843211177992813,
    "Aggregate": 39.93799728922355
}