{
    "multi-label/mAP": 15.393037796020508,
    "multi-label/precision": 14.573068618774414,
    "multi-label/recall": 7.2112603187561035,
    "multi-label/f1-score": 7.105737686157227,
    "multi-label/precision_micro": 33.638633728027344,
    "multi-label/recall_micro": 14.974054336547852,
    "multi-label/f1-score_micro": 20.723262786865234,
    "AUC/AUC_multilabe": 54.32346500830832,
    "AUC/AUC_class1": 65.98921344876388,
    "AUC/AUC_class2": 46.62867351309563,
    "AUC/AUC_class3": 47.69845394845395,
    "AUC/AUC_class4": 67.6508147103943,
    "AUC/AUC_class5": 55.17132947095593,
    "AUC/AUC_class6": 62.88695652173914,
    "AUC/AUC_class7": 47.9009682486033,
    "AUC/AUC_class8": 56.952440550688365,
    "AUC/AUC_class9": 62.89817061176317,
    "AUC/AUC_class10": 54.012611972492195,
    "AUC/AUC_class11": 62.12710361775593,
    "AUC/AUC_class12": 44.39813486370158,
    "AUC/AUC_class13": 61.49995930658419,
    "AUC/AUC_class14": 52.41935483870967,
    "AUC/AUC_class15": 57.584369449378336,
    "AUC/AUC_class16": 74.51796669588082,
    "AUC/AUC_class17": 41.805146073438756,
    "AUC/AUC_class18": 26.901469317199656,
    "AUC/AUC_class19": 43.10269799825935,
    "MAP_class1": 0.5244976461811761,
    "MAP_class2": 0.15686918160233437,
    "MAP_class3": 0.2186498815888137,
    "MAP_class4": 0.3999056447679884,
    "MAP_class5": 0.2115040980197414,
    "MAP_class6": 0.2360396002922163,
    "MAP_class7": 0.17867518251642578,
    "MAP_class8": 0.16294556091208107,
    "MAP_class9": 0.18850104329975748,
    "MAP_class10": 0.15132048302582182,
    "MAP_class11": 0.14841902384237743,
    "MAP_class12": 0.10685967651797312,
    "MAP_class13": 0.04710437039010584,
    "MAP_class14": 0.08403111559955712,
    "MAP_class15": 0.03931193857349731,
    "MAP_class16": 0.04770611532970624,
    "MAP_class17": 0.010407345483900857,
    "MAP_class18": 0.0027938893282935754,
    "MAP_class19": 0.009134142552317471,
    "Aggregate": 34.85824813527017
}