{
    "multi-label/mAP": 22.463146209716797,
    "multi-label/precision": 18.27382469177246,
    "multi-label/recall": 57.499847412109375,
    "multi-label/f1-score": 26.578170776367188,
    "multi-label/precision_micro": 20.819501876831055,
    "multi-label/recall_micro": 74.38843536376953,
    "multi-label/f1-score_micro": 32.53363800048828,
    "AUC/AUC_multilabe": 62.73278614308641,
    "AUC/AUC_class1": 83.53170302558937,
    "AUC/AUC_class2": 58.68113958566219,
    "AUC/AUC_class3": 74.49097449097448,
    "AUC/AUC_class4": 80.42953687963845,
    "AUC/AUC_class5": 52.52039182802256,
    "AUC/AUC_class6": 50.23726708074534,
    "AUC/AUC_class7": 47.829890450722715,
    "AUC/AUC_class8": 60.400500625782215,
    "AUC/AUC_class9": 67.94767556225821,
    "AUC/AUC_class10": 52.38726622173726,
    "AUC/AUC_class11": 60.93259091050487,
    "AUC/AUC_class12": 69.4835007173601,
    "AUC/AUC_class13": 53.104907625946126,
    "AUC/AUC_class14": 60.094237042406675,
    "AUC/AUC_class15": 54.97081958893681,
    "AUC/AUC_class16": 97.90096406660824,
    "AUC/AUC_class17": 42.140176896274454,
    "AUC/AUC_class18": 55.35868625756266,
    "AUC/AUC_class19": 69.48070786190891,
    "MAP_class1": 0.7260600431320402,
    "MAP_class2": 0.20178780608460253,
    "MAP_class3": 0.4612217312282809,
    "MAP_class4": 0.560052286542841,
    "MAP_class5": 0.21781116978751897,
    "MAP_class6": 0.1416193064081614,
    "MAP_class7": 0.17312193956722316,
    "MAP_class8": 0.18637089469628998,
    "MAP_class9": 0.2358380505764251,
    "MAP_class10": 0.15581012728921534,
    "MAP_class11": 0.16507482905294124,
    "MAP_class12": 0.22551970442692748,
    "MAP_class13": 0.04105994254460232,
    "MAP_class14": 0.133053152373628,
    "MAP_class15": 0.038604459205000316,
    "MAP_class16": 0.5521623201271851,
    "MAP_class17": 0.00976120806258981,
    "MAP_class18": 0.014636992285753794,
    "MAP_class19": 0.028431861949822633,
    "Aggregate": 42.59796629612491
}