{
    "multi-label/mAP": 18.561716079711914,
    "multi-label/precision": 15.704174041748047,
    "multi-label/recall": 12.804348945617676,
    "multi-label/f1-score": 11.614130973815918,
    "multi-label/precision_micro": 33.23615264892578,
    "multi-label/recall_micro": 25.35211181640625,
    "multi-label/f1-score_micro": 28.7636661529541,
    "AUC/AUC_multilabe": 59.53553436506905,
    "AUC/AUC_class1": 77.43813033111908,
    "AUC/AUC_class2": 53.2971510358445,
    "AUC/AUC_class3": 63.99325149325149,
    "AUC/AUC_class4": 63.900659231311415,
    "AUC/AUC_class5": 59.634185851501755,
    "AUC/AUC_class6": 54.36211180124223,
    "AUC/AUC_class7": 49.07996500785335,
    "AUC/AUC_class8": 62.37727715199555,
    "AUC/AUC_class9": 67.8034227263786,
    "AUC/AUC_class10": 51.92097850635673,
    "AUC/AUC_class11": 47.798394873549626,
    "AUC/AUC_class12": 59.307747489239595,
    "AUC/AUC_class13": 61.3554976804753,
    "AUC/AUC_class14": 49.34356248238089,
    "AUC/AUC_class15": 45.01395584876934,
    "AUC/AUC_class16": 81.04294478527608,
    "AUC/AUC_class17": 65.69954435808094,
    "AUC/AUC_class18": 59.22644770959378,
    "AUC/AUC_class19": 58.57992457209167,
    "MAP_class1": 0.6629176492375486,
    "MAP_class2": 0.1846480805725778,
    "MAP_class3": 0.35373392833115885,
    "MAP_class4": 0.3147524937309987,
    "MAP_class5": 0.2694592649465246,
    "MAP_class6": 0.17172061265306748,
    "MAP_class7": 0.17049601170453063,
    "MAP_class8": 0.1738571630475081,
    "MAP_class9": 0.2322338542572254,
    "MAP_class10": 0.14572969733985208,
    "MAP_class11": 0.10840375707177896,
    "MAP_class12": 0.16054103251744828,
    "MAP_class13": 0.05416530320989302,
    "MAP_class14": 0.07808665021538777,
    "MAP_class15": 0.031746440574248976,
    "MAP_class16": 0.346147707128146,
    "MAP_class17": 0.046468169985717726,
    "MAP_class18": 0.005384884154983027,
    "MAP_class19": 0.016233786289821275,
    "Aggregate": 39.0486263587672
}