{
    "multi-label/mAP": 19.629344940185547,
    "multi-label/precision": 21.188209533691406,
    "multi-label/recall": 14.908050537109375,
    "multi-label/f1-score": 15.395008087158203,
    "multi-label/precision_micro": 32.05988693237305,
    "multi-label/recall_micro": 23.01704978942871,
    "multi-label/f1-score_micro": 26.796117782592773,
    "AUC/AUC_multilabe": 57.600505519085225,
    "AUC/AUC_class1": 72.639963789828,
    "AUC/AUC_class2": 58.70621297756976,
    "AUC/AUC_class3": 66.20136620136621,
    "AUC/AUC_class4": 77.64086404908994,
    "AUC/AUC_class5": 49.485916298216196,
    "AUC/AUC_class6": 54.804968944099386,
    "AUC/AUC_class7": 48.16042706324433,
    "AUC/AUC_class8": 62.16172994020304,
    "AUC/AUC_class9": 70.19867549668875,
    "AUC/AUC_class10": 42.166366381607325,
    "AUC/AUC_class11": 52.956730021463905,
    "AUC/AUC_class12": 34.28263988522238,
    "AUC/AUC_class13": 56.43159436803125,
    "AUC/AUC_class14": 49.296242599975834,
    "AUC/AUC_class15": 48.14514082720122,
    "AUC/AUC_class16": 92.04206836108676,
    "AUC/AUC_class17": 54.60332350576253,
    "AUC/AUC_class18": 46.41313742437338,
    "AUC/AUC_class19": 58.072236727589214,
    "MAP_class1": 0.5998802552032092,
    "MAP_class2": 0.21890377309033168,
    "MAP_class3": 0.35719293174270295,
    "MAP_class4": 0.517727791019105,
    "MAP_class5": 0.1961060702749882,
    "MAP_class6": 0.16556175272950785,
    "MAP_class7": 0.1716841246362804,
    "MAP_class8": 0.1981085078463553,
    "MAP_class9": 0.2331880012401779,
    "MAP_class10": 0.12120391670017759,
    "MAP_class11": 0.13140640119322042,
    "MAP_class12": 0.084444368546636,
    "MAP_class13": 0.08232873798038995,
    "MAP_class14": 0.0773181409394231,
    "MAP_class15": 0.03160296801263823,
    "MAP_class16": 0.5070929857946332,
    "MAP_class17": 0.017563154971180425,
    "MAP_class18": 0.003852053337758527,
    "MAP_class19": 0.014409856429513394,
    "Aggregate": 38.61492589556427
}