{
    "multi-label/mAP": 23.213680267333984,
    "multi-label/precision": 22.769079208374023,
    "multi-label/recall": 23.274559020996094,
    "multi-label/f1-score": 20.720470428466797,
    "multi-label/precision_micro": 37.32904052734375,
    "multi-label/recall_micro": 34.395851135253906,
    "multi-label/f1-score_micro": 35.802467346191406,
    "AUC/AUC_multilabe": 65.95389438073892,
    "AUC/AUC_class1": 82.44189159898511,
    "AUC/AUC_class2": 56.402595096062434,
    "AUC/AUC_class3": 73.47106722106722,
    "AUC/AUC_class4": 75.38849040175795,
    "AUC/AUC_class5": 62.418527976825736,
    "AUC/AUC_class6": 56.15900621118013,
    "AUC/AUC_class7": 51.120345149810134,
    "AUC/AUC_class8": 67.47948824920039,
    "AUC/AUC_class9": 74.52167071011738,
    "AUC/AUC_class10": 51.417260892734795,
    "AUC/AUC_class11": 65.46022957041092,
    "AUC/AUC_class12": 71.43328550932569,
    "AUC/AUC_class13": 58.87523398714089,
    "AUC/AUC_class14": 58.66658612218597,
    "AUC/AUC_class15": 59.51788886069526,
    "AUC/AUC_class16": 97.13847502191061,
    "AUC/AUC_class17": 50.34173143929242,
    "AUC/AUC_class18": 69.59809853068279,
    "AUC/AUC_class19": 71.27212068465332,
    "MAP_class1": 0.7253217889594494,
    "MAP_class2": 0.20983244015109423,
    "MAP_class3": 0.44132672916236787,
    "MAP_class4": 0.4840043932673542,
    "MAP_class5": 0.28652072932447376,
    "MAP_class6": 0.1920959059455831,
    "MAP_class7": 0.19552949564950411,
    "MAP_class8": 0.20225906145869468,
    "MAP_class9": 0.2664440715950091,
    "MAP_class10": 0.14030139730280272,
    "MAP_class11": 0.1648439691248465,
    "MAP_class12": 0.22324437270255776,
    "MAP_class13": 0.053051319387226556,
    "MAP_class14": 0.11298363702901854,
    "MAP_class15": 0.06254996600290996,
    "MAP_class16": 0.5953358183961632,
    "MAP_class17": 0.013607859000779394,
    "MAP_class18": 0.018799636465048872,
    "MAP_class19": 0.02264788958957502,
    "Aggregate": 44.58405371803909
}