{
    "multi-label/mAP": 20.615558624267578,
    "multi-label/precision": 22.471826553344727,
    "multi-label/recall": 23.8123722076416,
    "multi-label/f1-score": 21.981054306030273,
    "multi-label/precision_micro": 32.35492706298828,
    "multi-label/recall_micro": 35.54484939575195,
    "multi-label/f1-score_micro": 33.87495422363281,
    "AUC/AUC_multilabe": 63.03221286217781,
    "AUC/AUC_class1": 72.9504277645319,
    "AUC/AUC_class2": 58.29511382275202,
    "AUC/AUC_class3": 66.1201036201036,
    "AUC/AUC_class4": 82.82930469754136,
    "AUC/AUC_class5": 68.79383290135692,
    "AUC/AUC_class6": 59.37018633540373,
    "AUC/AUC_class7": 53.88939698192735,
    "AUC/AUC_class8": 59.94020303156724,
    "AUC/AUC_class9": 67.14576093370927,
    "AUC/AUC_class10": 54.574060446113634,
    "AUC/AUC_class11": 65.10483093290198,
    "AUC/AUC_class12": 56.94332855093257,
    "AUC/AUC_class13": 75.0061040123708,
    "AUC/AUC_class14": 58.24372759856631,
    "AUC/AUC_class15": 53.133722405480846,
    "AUC/AUC_class16": 88.79491673970202,
    "AUC/AUC_class17": 53.444116858751,
    "AUC/AUC_class18": 42.52376836646499,
    "AUC/AUC_class19": 60.50913838120104,
    "MAP_class1": 0.5945872189044703,
    "MAP_class2": 0.22847304734379478,
    "MAP_class3": 0.3667401470990599,
    "MAP_class4": 0.6087564332736428,
    "MAP_class5": 0.32726085212836764,
    "MAP_class6": 0.2085116293239691,
    "MAP_class7": 0.21199239291327798,
    "MAP_class8": 0.16080054894788767,
    "MAP_class9": 0.21859599914928032,
    "MAP_class10": 0.1474308111798351,
    "MAP_class11": 0.14913368679552996,
    "MAP_class12": 0.1469607771341458,
    "MAP_class13": 0.10286168293096576,
    "MAP_class14": 0.10362613447800943,
    "MAP_class15": 0.040744375112790436,
    "MAP_class16": 0.23832773756361664,
    "MAP_class17": 0.015084146101331958,
    "MAP_class18": 0.004000310825361328,
    "MAP_class19": 0.0430677352737718,
    "Aggregate": 41.82388450077077
}