{
    "multi-label/mAP": 23.10251808166504,
    "multi-label/precision": 29.244592666625977,
    "multi-label/recall": 14.610847473144531,
    "multi-label/f1-score": 15.934734344482422,
    "multi-label/precision_micro": 38.03814697265625,
    "multi-label/recall_micro": 25.871013641357422,
    "multi-label/f1-score_micro": 30.7963809967041,
    "AUC/AUC_multilabe": 66.91968030917333,
    "AUC/AUC_class1": 76.16376177786844,
    "AUC/AUC_class2": 56.17484511956874,
    "AUC/AUC_class3": 71.48425898425899,
    "AUC/AUC_class4": 72.03159334964137,
    "AUC/AUC_class5": 64.7030797377649,
    "AUC/AUC_class6": 52.196273291925465,
    "AUC/AUC_class7": 57.332445275066114,
    "AUC/AUC_class8": 67.89667640105688,
    "AUC/AUC_class9": 68.69779030883221,
    "AUC/AUC_class10": 55.66967797599411,
    "AUC/AUC_class11": 75.25274520172954,
    "AUC/AUC_class12": 61.97776183644189,
    "AUC/AUC_class13": 73.06299340766664,
    "AUC/AUC_class14": 58.63738874793605,
    "AUC/AUC_class15": 51.32199949251459,
    "AUC/AUC_class16": 91.80105170902718,
    "AUC/AUC_class17": 69.2173679978558,
    "AUC/AUC_class18": 77.22558340535869,
    "AUC/AUC_class19": 70.62663185378591,
    "MAP_class1": 0.664771490651613,
    "MAP_class2": 0.20086699237751934,
    "MAP_class3": 0.4373786788081714,
    "MAP_class4": 0.4280744024973025,
    "MAP_class5": 0.31004743046793404,
    "MAP_class6": 0.16374220889032545,
    "MAP_class7": 0.24760948720994216,
    "MAP_class8": 0.21309160607715605,
    "MAP_class9": 0.21964098086445727,
    "MAP_class10": 0.15264158398816136,
    "MAP_class11": 0.29632215014461616,
    "MAP_class12": 0.1672899979898973,
    "MAP_class13": 0.1551052423480166,
    "MAP_class14": 0.11791171278658921,
    "MAP_class15": 0.03065610498628492,
    "MAP_class16": 0.5040420230700791,
    "MAP_class17": 0.02650200904788144,
    "MAP_class18": 0.009123363047323195,
    "MAP_class19": 0.04466152100182466,
    "Aggregate": 45.011100644731656
}