{
    "multi-label/mAP": 21.390024185180664,
    "multi-label/precision": 20.713668823242188,
    "multi-label/recall": 17.473085403442383,
    "multi-label/f1-score": 17.310556411743164,
    "multi-label/precision_micro": 33.78952407836914,
    "multi-label/recall_micro": 26.538175582885742,
    "multi-label/f1-score_micro": 29.72804832458496,
    "AUC/AUC_multilabe": 61.22444354853452,
    "AUC/AUC_class1": 75.06534406038429,
    "AUC/AUC_class2": 55.43988131927831,
    "AUC/AUC_class3": 73.65813615813616,
    "AUC/AUC_class4": 79.49707699324185,
    "AUC/AUC_class5": 50.435946790669306,
    "AUC/AUC_class6": 56.02360248447206,
    "AUC/AUC_class7": 49.27381354752769,
    "AUC/AUC_class8": 67.16381588096232,
    "AUC/AUC_class9": 68.16995606845452,
    "AUC/AUC_class10": 47.86015174968914,
    "AUC/AUC_class11": 54.75938656795347,
    "AUC/AUC_class12": 37.87661406025825,
    "AUC/AUC_class13": 71.54309432733783,
    "AUC/AUC_class14": 60.76577665015505,
    "AUC/AUC_class15": 50.04821111393048,
    "AUC/AUC_class16": 94.89044697633653,
    "AUC/AUC_class17": 51.36692575716965,
    "AUC/AUC_class18": 57.82195332757131,
    "AUC/AUC_class19": 61.6042935886278,
    "MAP_class1": 0.616536340745898,
    "MAP_class2": 0.2034929618777192,
    "MAP_class3": 0.448672765481844,
    "MAP_class4": 0.5087840151495499,
    "MAP_class5": 0.2038387522645702,
    "MAP_class6": 0.16780794461475215,
    "MAP_class7": 0.1814114505149921,
    "MAP_class8": 0.24682116710729676,
    "MAP_class9": 0.2073398771785745,
    "MAP_class10": 0.13082998929067227,
    "MAP_class11": 0.14406865289097395,
    "MAP_class12": 0.08808682313282037,
    "MAP_class13": 0.12780495404996517,
    "MAP_class14": 0.10563769388038002,
    "MAP_class15": 0.03873832187591174,
    "MAP_class16": 0.5988755287293501,
    "MAP_class17": 0.020751296951304288,
    "MAP_class18": 0.005788962793310497,
    "MAP_class19": 0.018817185199379725,
    "Aggregate": 41.30723409987059
}