{
    "multi-label/mAP": 17.11983871459961,
    "multi-label/precision": 15.33203125,
    "multi-label/recall": 8.745448112487793,
    "multi-label/f1-score": 9.713005065917969,
    "multi-label/precision_micro": 29.11480140686035,
    "multi-label/recall_micro": 15.604151725769043,
    "multi-label/f1-score_micro": 20.318532943725586,
    "AUC/AUC_multilabe": 58.038839956488346,
    "AUC/AUC_class1": 75.85489156073491,
    "AUC/AUC_class2": 50.311850311850314,
    "AUC/AUC_class3": 61.45513645513646,
    "AUC/AUC_class4": 58.11642273726109,
    "AUC/AUC_class5": 58.57457310565635,
    "AUC/AUC_class6": 51.20248447204969,
    "AUC/AUC_class7": 45.970932659999605,
    "AUC/AUC_class8": 63.331247392574056,
    "AUC/AUC_class9": 69.26693331584814,
    "AUC/AUC_class10": 53.885730961504294,
    "AUC/AUC_class11": 48.80315426011759,
    "AUC/AUC_class12": 58.15853658536585,
    "AUC/AUC_class13": 54.370472857491656,
    "AUC/AUC_class14": 49.8066932463453,
    "AUC/AUC_class15": 47.10225831007358,
    "AUC/AUC_class16": 88.15074496056091,
    "AUC/AUC_class17": 56.58670597694988,
    "AUC/AUC_class18": 48.444252376836644,
    "AUC/AUC_class19": 63.34493762692197,
    "MAP_class1": 0.6283140234770787,
    "MAP_class2": 0.18284658693210026,
    "MAP_class3": 0.31816692398046503,
    "MAP_class4": 0.2739900750928901,
    "MAP_class5": 0.2765460959377639,
    "MAP_class6": 0.15584087239414582,
    "MAP_class7": 0.16079603296905154,
    "MAP_class8": 0.17793492321523016,
    "MAP_class9": 0.2288329991957136,
    "MAP_class10": 0.15672822866281255,
    "MAP_class11": 0.10687163985536094,
    "MAP_class12": 0.1627292282198809,
    "MAP_class13": 0.04805087662027606,
    "MAP_class14": 0.07570597578147595,
    "MAP_class15": 0.030296749326973314,
    "MAP_class16": 0.22082880262993196,
    "MAP_class17": 0.02353692632286823,
    "MAP_class18": 0.004454816712274698,
    "MAP_class19": 0.020297552365501667,
    "Aggregate": 37.57933926690679
}