{
    "multi-label/mAP": 18.780473709106445,
    "multi-label/precision": 17.421180725097656,
    "multi-label/recall": 23.963632583618164,
    "multi-label/f1-score": 16.281108856201172,
    "multi-label/precision_micro": 24.721803665161133,
    "multi-label/recall_micro": 30.467012405395508,
    "multi-label/f1-score_micro": 27.295368194580078,
    "AUC/AUC_multilabe": 56.874637703935605,
    "AUC/AUC_class1": 67.12970636610524,
    "AUC/AUC_class2": 55.9371702587783,
    "AUC/AUC_class3": 62.52722502722503,
    "AUC/AUC_class4": 66.07778100252914,
    "AUC/AUC_class5": 55.769267418813854,
    "AUC/AUC_class6": 52.01242236024846,
    "AUC/AUC_class7": 51.217269419647295,
    "AUC/AUC_class8": 59.727437074120424,
    "AUC/AUC_class9": 61.627434266605476,
    "AUC/AUC_class10": 47.91597939452382,
    "AUC/AUC_class11": 51.89753320683111,
    "AUC/AUC_class12": 44.948350071736016,
    "AUC/AUC_class13": 62.51119068934646,
    "AUC/AUC_class14": 57.95578108010149,
    "AUC/AUC_class15": 45.18650088809947,
    "AUC/AUC_class16": 91.92813321647677,
    "AUC/AUC_class17": 58.44277673545966,
    "AUC/AUC_class18": 46.13223854796888,
    "AUC/AUC_class19": 41.67391935015956,
    "MAP_class1": 0.5519352543568841,
    "MAP_class2": 0.19830017252251494,
    "MAP_class3": 0.3259057518959849,
    "MAP_class4": 0.35977958206235217,
    "MAP_class5": 0.24159875583074092,
    "MAP_class6": 0.16142668966673213,
    "MAP_class7": 0.19734156635367003,
    "MAP_class8": 0.15484163356596528,
    "MAP_class9": 0.18384626979235832,
    "MAP_class10": 0.13066782620061085,
    "MAP_class11": 0.15550423039936043,
    "MAP_class12": 0.11613631780548511,
    "MAP_class13": 0.07911711145690176,
    "MAP_class14": 0.108715303455859,
    "MAP_class15": 0.03625465344274887,
    "MAP_class16": 0.4966554724188793,
    "MAP_class17": 0.026879702789328767,
    "MAP_class18": 0.01316809674402702,
    "MAP_class19": 0.03026008691504333,
    "Aggregate": 37.8276727405874
}