{
    "multi-label/mAP": 22.34307289123535,
    "multi-label/precision": 23.341655731201172,
    "multi-label/recall": 26.252822875976562,
    "multi-label/f1-score": 23.167545318603516,
    "multi-label/precision_micro": 32.59193420410156,
    "multi-label/recall_micro": 40.7338752746582,
    "multi-label/f1-score_micro": 36.21087646484375,
    "AUC/AUC_multilabe": 65.14271213123381,
    "AUC/AUC_class1": 83.63019724343691,
    "AUC/AUC_class2": 61.12527293431816,
    "AUC/AUC_class3": 73.23037323037323,
    "AUC/AUC_class4": 78.73792445789627,
    "AUC/AUC_class5": 63.7897354779692,
    "AUC/AUC_class6": 57.39440993788819,
    "AUC/AUC_class7": 54.40881165874705,
    "AUC/AUC_class8": 69.03073286052009,
    "AUC/AUC_class9": 76.33663366336634,
    "AUC/AUC_class10": 47.11218818991549,
    "AUC/AUC_class11": 69.60447320123184,
    "AUC/AUC_class12": 70.3622668579627,
    "AUC/AUC_class13": 72.668267274355,
    "AUC/AUC_class14": 61.74036486649752,
    "AUC/AUC_class15": 48.62725196650596,
    "AUC/AUC_class16": 94.04031551270815,
    "AUC/AUC_class17": 56.23827392120076,
    "AUC/AUC_class18": 34.85306828003457,
    "AUC/AUC_class19": 64.78096895851465,
    "MAP_class1": 0.7415754473863658,
    "MAP_class2": 0.22629862183933877,
    "MAP_class3": 0.4465580017811785,
    "MAP_class4": 0.5139489941099111,
    "MAP_class5": 0.2735094645444412,
    "MAP_class6": 0.1757509937438436,
    "MAP_class7": 0.20432296871003958,
    "MAP_class8": 0.23805233849792934,
    "MAP_class9": 0.3059725998476813,
    "MAP_class10": 0.1329259485453566,
    "MAP_class11": 0.22585347225742597,
    "MAP_class12": 0.2505902876157492,
    "MAP_class13": 0.09449579826372427,
    "MAP_class14": 0.10814101960401842,
    "MAP_class15": 0.0303300376717546,
    "MAP_class16": 0.236520127971491,
    "MAP_class17": 0.016182500026744966,
    "MAP_class18": 0.0032126701813099366,
    "MAP_class19": 0.02094880818917136,
    "Aggregate": 43.74290896242605
}