{
    "multi-label/mAP": 17.771724700927734,
    "multi-label/precision": 17.865528106689453,
    "multi-label/recall": 21.22846031188965,
    "multi-label/f1-score": 18.887540817260742,
    "multi-label/precision_micro": 27.503129959106445,
    "multi-label/recall_micro": 32.579689025878906,
    "multi-label/f1-score_micro": 29.82694435119629,
    "AUC/AUC_multilabe": 59.98995272030605,
    "AUC/AUC_class1": 69.59716183651872,
    "AUC/AUC_class2": 58.02818667140275,
    "AUC/AUC_class3": 63.46030096030096,
    "AUC/AUC_class4": 73.98523985239852,
    "AUC/AUC_class5": 54.69154977892971,
    "AUC/AUC_class6": 55.55652173913044,
    "AUC/AUC_class7": 55.17476191422948,
    "AUC/AUC_class8": 62.35363649005702,
    "AUC/AUC_class9": 58.94039735099338,
    "AUC/AUC_class10": 52.894155860633894,
    "AUC/AUC_class11": 59.161819143310424,
    "AUC/AUC_class12": 51.249641319942604,
    "AUC/AUC_class13": 70.8614796125987,
    "AUC/AUC_class14": 57.581249244895496,
    "AUC/AUC_class15": 47.68079167723928,
    "AUC/AUC_class16": 84.99123575810692,
    "AUC/AUC_class17": 55.81613508442778,
    "AUC/AUC_class18": 49.611063094209165,
    "AUC/AUC_class19": 58.1737742964897,
    "MAP_class1": 0.5722258152658423,
    "MAP_class2": 0.21952827504788133,
    "MAP_class3": 0.3534518459825232,
    "MAP_class4": 0.4228518697854341,
    "MAP_class5": 0.23903866035990068,
    "MAP_class6": 0.17115025745156492,
    "MAP_class7": 0.20873931648805705,
    "MAP_class8": 0.2036396719398717,
    "MAP_class9": 0.1692026013872595,
    "MAP_class10": 0.1537143144990421,
    "MAP_class11": 0.15972222875214265,
    "MAP_class12": 0.12372028612214131,
    "MAP_class13": 0.07964978330923438,
    "MAP_class14": 0.09927245355986544,
    "MAP_class15": 0.035521905019720496,
    "MAP_class16": 0.1098132831681438,
    "MAP_class17": 0.024089255045441224,
    "MAP_class18": 0.004152876938809955,
    "MAP_class19": 0.027099466280980034,
    "Aggregate": 38.88072416647896
}