{
    "multi-label/mAP": 22.760894775390625,
    "multi-label/precision": 17.319561004638672,
    "multi-label/recall": 50.381103515625,
    "multi-label/f1-score": 25.619388580322266,
    "multi-label/precision_micro": 25.03556251525879,
    "multi-label/recall_micro": 72.27926635742188,
    "multi-label/f1-score_micro": 37.18964767456055,
    "AUC/AUC_multilabe": 63.10421145737418,
    "AUC/AUC_class1": 61.83263816475496,
    "AUC/AUC_class2": 65.76268985221944,
    "AUC/AUC_class3": 62.41075890626115,
    "AUC/AUC_class4": 62.41075890626115,
    "MAP_class1": 0.3780501850829362,
    "MAP_class2": 0.3937426294263986,
    "MAP_class3": 0.1384948930697284,
    "MAP_class4": -0.0,
    "Aggregate": 42.93070207342538
}