{
    "multi-label/mAP": 15.85496711730957,
    "multi-label/precision": 13.871978759765625,
    "multi-label/recall": 12.391881942749023,
    "multi-label/f1-score": 9.77121353149414,
    "multi-label/precision_micro": 27.50352668762207,
    "multi-label/recall_micro": 21.682727813720703,
    "multi-label/f1-score_micro": 24.24870491027832,
    "AUC/AUC_multilabe": 56.321365211150685,
    "AUC/AUC_class1": 72.37635628769237,
    "AUC/AUC_class2": 55.86456189471265,
    "AUC/AUC_class3": 67.48382998382998,
    "AUC/AUC_class4": 52.23516729549318,
    "AUC/AUC_class5": 57.62168394572343,
    "AUC/AUC_class6": 58.039130434782614,
    "AUC/AUC_class7": 46.524643616915526,
    "AUC/AUC_class8": 57.87998887498262,
    "AUC/AUC_class9": 58.14110550127861,
    "AUC/AUC_class10": 61.00439008298017,
    "AUC/AUC_class11": 59.65875509378792,
    "AUC/AUC_class12": 53.20803443328551,
    "AUC/AUC_class13": 51.996012045251085,
    "AUC/AUC_class14": 39.82622528291249,
    "AUC/AUC_class15": 44.94798274549608,
    "AUC/AUC_class16": 75.61349693251533,
    "AUC/AUC_class17": 56.311980702224595,
    "AUC/AUC_class18": 50.77787381158168,
    "AUC/AUC_class19": 50.59472004641717,
    "MAP_class1": 0.5876277571362911,
    "MAP_class2": 0.1917419562938533,
    "MAP_class3": 0.3612366581082632,
    "MAP_class4": 0.2355899991445306,
    "MAP_class5": 0.24190779542510102,
    "MAP_class6": 0.17079525427238174,
    "MAP_class7": 0.16510351959532127,
    "MAP_class8": 0.15451903727682548,
    "MAP_class9": 0.16521590414889695,
    "MAP_class10": 0.19949921201375972,
    "MAP_class11": 0.15687946015126455,
    "MAP_class12": 0.1296643382766694,
    "MAP_class13": 0.043114260568161214,
    "MAP_class14": 0.06312865073351179,
    "MAP_class15": 0.030378832984462603,
    "MAP_class16": 0.07626715079410772,
    "MAP_class17": 0.02397119132916886,
    "MAP_class18": 0.004398373256646244,
    "MAP_class19": 0.011404462874956054,
    "Aggregate": 36.08816632763895
}