{
    "multi-label/mAP": 26.489280700683594,
    "multi-label/precision": 27.620336532592773,
    "multi-label/recall": 24.96112632751465,
    "multi-label/f1-score": 25.647790908813477,
    "multi-label/precision_micro": 40.42731475830078,
    "multi-label/recall_micro": 35.767234802246094,
    "multi-label/f1-score_micro": 37.954769134521484,
    "AUC/AUC_multilabe": 68.84986298939312,
    "AUC/AUC_class1": 84.51919521617728,
    "AUC/AUC_class2": 64.22392628422779,
    "AUC/AUC_class3": 71.43187143187144,
    "AUC/AUC_class4": 82.64397363074754,
    "AUC/AUC_class5": 65.99662677237383,
    "AUC/AUC_class6": 58.667080745341615,
    "AUC/AUC_class7": 55.0271387955544,
    "AUC/AUC_class8": 72.38631622861911,
    "AUC/AUC_class9": 78.61189430201298,
    "AUC/AUC_class10": 52.38472860151751,
    "AUC/AUC_class11": 67.36320652004851,
    "AUC/AUC_class12": 72.2144906743185,
    "AUC/AUC_class13": 72.35899731423456,
    "AUC/AUC_class14": 68.35004631307639,
    "AUC/AUC_class15": 46.105049479827464,
    "AUC/AUC_class16": 96.39789658194566,
    "AUC/AUC_class17": 36.417850442240685,
    "AUC/AUC_class18": 84.44252376836647,
    "AUC/AUC_class19": 78.6045836959675,
    "MAP_class1": 0.7372227244922364,
    "MAP_class2": 0.26878228856049136,
    "MAP_class3": 0.4140162091669959,
    "MAP_class4": 0.5658831085696938,
    "MAP_class5": 0.3472204390749388,
    "MAP_class6": 0.17887441022771444,
    "MAP_class7": 0.23459253976632968,
    "MAP_class8": 0.25407753170112024,
    "MAP_class9": 0.34732097749538965,
    "MAP_class10": 0.15979918637778145,
    "MAP_class11": 0.2372448782274143,
    "MAP_class12": 0.2563047498300861,
    "MAP_class13": 0.14562962768563792,
    "MAP_class14": 0.14380187519153298,
    "MAP_class15": 0.028707566098303994,
    "MAP_class16": 0.6281785675397487,
    "MAP_class17": 0.008960856190228362,
    "MAP_class18": 0.05001404845154845,
    "MAP_class19": 0.026331982940773237,
    "Aggregate": 47.66957246203331
}