{
    "multi-label/mAP": 26.95412254333496,
    "multi-label/precision": 28.145048141479492,
    "multi-label/recall": 24.21881675720215,
    "multi-label/f1-score": 23.544479370117188,
    "multi-label/precision_micro": 39.22902297973633,
    "multi-label/recall_micro": 32.060787200927734,
    "multi-label/f1-score_micro": 35.28451919555664,
    "AUC/AUC_multilabe": 68.41247091189139,
    "AUC/AUC_class1": 86.80273106297255,
    "AUC/AUC_class2": 55.686958702034076,
    "AUC/AUC_class3": 70.83910833910835,
    "AUC/AUC_class4": 84.45748165346821,
    "AUC/AUC_class5": 63.03028281750266,
    "AUC/AUC_class6": 57.316149068322986,
    "AUC/AUC_class7": 58.40308567111359,
    "AUC/AUC_class8": 74.73230426922544,
    "AUC/AUC_class9": 75.70388826962167,
    "AUC/AUC_class10": 57.204938208947645,
    "AUC/AUC_class11": 64.82253398450867,
    "AUC/AUC_class12": 73.59325681492109,
    "AUC/AUC_class13": 62.773663221290796,
    "AUC/AUC_class14": 73.46864806089164,
    "AUC/AUC_class15": 52.7429586399391,
    "AUC/AUC_class16": 98.52760736196319,
    "AUC/AUC_class17": 54.844545698204236,
    "AUC/AUC_class18": 61.25756266205704,
    "AUC/AUC_class19": 73.62924281984334,
    "MAP_class1": 0.7876341199316041,
    "MAP_class2": 0.2032003500034439,
    "MAP_class3": 0.41213739753281503,
    "MAP_class4": 0.5647882935054176,
    "MAP_class5": 0.2689009755233183,
    "MAP_class6": 0.18457867964360486,
    "MAP_class7": 0.22608432465256584,
    "MAP_class8": 0.3498251829203761,
    "MAP_class9": 0.3304487864631858,
    "MAP_class10": 0.1865057375154775,
    "MAP_class11": 0.2544970742455861,
    "MAP_class12": 0.22918418030222587,
    "MAP_class13": 0.08438798673759955,
    "MAP_class14": 0.19765921628388922,
    "MAP_class15": 0.034638690698323205,
    "MAP_class16": 0.7170913129016578,
    "MAP_class17": 0.02476978726745952,
    "MAP_class18": 0.02009851020745516,
    "MAP_class19": 0.04487058816257404,
    "Aggregate": 47.68334386252091
}