{
    "multi-label/mAP": 16.87238883972168,
    "multi-label/precision": 17.144424438476562,
    "multi-label/recall": 8.498846054077148,
    "multi-label/f1-score": 9.331448554992676,
    "multi-label/precision_micro": 32.88288497924805,
    "multi-label/recall_micro": 16.2342472076416,
    "multi-label/f1-score_micro": 21.736970901489258,
    "AUC/AUC_multilabe": 57.199242522260285,
    "AUC/AUC_class1": 74.25380270556286,
    "AUC/AUC_class2": 52.48592233516857,
    "AUC/AUC_class3": 56.675906675906674,
    "AUC/AUC_class4": 64.29661262904764,
    "AUC/AUC_class5": 52.288839762158865,
    "AUC/AUC_class6": 60.13540372670807,
    "AUC/AUC_class7": 43.93452889834384,
    "AUC/AUC_class8": 54.525100820470044,
    "AUC/AUC_class9": 56.180578322732934,
    "AUC/AUC_class10": 55.901870226101956,
    "AUC/AUC_class11": 70.85653404672287,
    "AUC/AUC_class12": 60.8873744619799,
    "AUC/AUC_class13": 68.67420851306258,
    "AUC/AUC_class14": 56.66203535902703,
    "AUC/AUC_class15": 52.39025628013194,
    "AUC/AUC_class16": 67.33128834355828,
    "AUC/AUC_class17": 48.746984722594476,
    "AUC/AUC_class18": 49.80553154710458,
    "AUC/AUC_class19": 40.75282854656223,
    "MAP_class1": 0.635801672854507,
    "MAP_class2": 0.18109416231024072,
    "MAP_class3": 0.26679380893654847,
    "MAP_class4": 0.37242758101480367,
    "MAP_class5": 0.21209970176135687,
    "MAP_class6": 0.21700355074933608,
    "MAP_class7": 0.1622933570139357,
    "MAP_class8": 0.1347035783909776,
    "MAP_class9": 0.1549906158971145,
    "MAP_class10": 0.15759342151472433,
    "MAP_class11": 0.22895006683209773,
    "MAP_class12": 0.19130967424042322,
    "MAP_class13": 0.08250484638771637,
    "MAP_class14": 0.09954301382229988,
    "MAP_class15": 0.03910844845026946,
    "MAP_class16": 0.043018440796587926,
    "MAP_class17": 0.012620300885956072,
    "MAP_class18": 0.004953852532978456,
    "MAP_class19": 0.008943640911842986,
    "Aggregate": 37.03581530140308
}