{
    "multi-label/mAP": 20.717365264892578,
    "multi-label/precision": 23.661178588867188,
    "multi-label/recall": 13.69140338897705,
    "multi-label/f1-score": 16.514101028442383,
    "multi-label/precision_micro": 34.173126220703125,
    "multi-label/recall_micro": 19.60711669921875,
    "multi-label/f1-score_micro": 24.917570114135742,
    "AUC/AUC_multilabe": 63.822921552901526,
    "AUC/AUC_class1": 73.4674427203529,
    "AUC/AUC_class2": 58.452867246837094,
    "AUC/AUC_class3": 66.76855426855427,
    "AUC/AUC_class4": 75.70255814917701,
    "AUC/AUC_class5": 64.76978197896021,
    "AUC/AUC_class6": 56.06770186335404,
    "AUC/AUC_class7": 52.24665487007177,
    "AUC/AUC_class8": 65.86844666944792,
    "AUC/AUC_class9": 65.64815421939545,
    "AUC/AUC_class10": 55.67475321643363,
    "AUC/AUC_class11": 63.82788440600991,
    "AUC/AUC_class12": 68.75179340028694,
    "AUC/AUC_class13": 55.69504354195492,
    "AUC/AUC_class14": 62.4783536708147,
    "AUC/AUC_class15": 45.85384420197919,
    "AUC/AUC_class16": 94.6099912357581,
    "AUC/AUC_class17": 60.02412221924418,
    "AUC/AUC_class18": 57.087294727744165,
    "AUC/AUC_class19": 69.64026689875253,
    "MAP_class1": 0.6111949958395168,
    "MAP_class2": 0.22648112514300472,
    "MAP_class3": 0.3535143805579728,
    "MAP_class4": 0.44658132956580443,
    "MAP_class5": 0.3001722100166707,
    "MAP_class6": 0.16561718272771866,
    "MAP_class7": 0.19198595419344905,
    "MAP_class8": 0.22241300127710334,
    "MAP_class9": 0.2215686268911486,
    "MAP_class10": 0.1624199931598738,
    "MAP_class11": 0.17791988544600698,
    "MAP_class12": 0.20193791012913173,
    "MAP_class13": 0.0567868872817064,
    "MAP_class14": 0.1326459102790869,
    "MAP_class15": 0.03202186185663755,
    "MAP_class16": 0.3696154916609688,
    "MAP_class17": 0.030996987048671956,
    "MAP_class18": 0.015582302064860203,
    "MAP_class19": 0.016843111897619594,
    "Aggregate": 42.270142742337484
}