{
    "multi-label/mAP": 26.251670837402344,
    "multi-label/precision": 27.613683700561523,
    "multi-label/recall": 23.835906982421875,
    "multi-label/f1-score": 24.716766357421875,
    "multi-label/precision_micro": 36.63603591918945,
    "multi-label/recall_micro": 33.98814010620117,
    "multi-label/f1-score_micro": 35.262447357177734,
    "AUC/AUC_multilabe": 66.7209268158321,
    "AUC/AUC_class1": 86.55330800321302,
    "AUC/AUC_class2": 58.987766274198435,
    "AUC/AUC_class3": 70.27522027522028,
    "AUC/AUC_class4": 81.3773373688793,
    "AUC/AUC_class5": 62.33276795243178,
    "AUC/AUC_class6": 63.78571428571428,
    "AUC/AUC_class7": 53.45646857665468,
    "AUC/AUC_class8": 67.72284800445001,
    "AUC/AUC_class9": 76.94315126876926,
    "AUC/AUC_class10": 54.35455629710457,
    "AUC/AUC_class11": 66.05204218122998,
    "AUC/AUC_class12": 75.49426111908178,
    "AUC/AUC_class13": 71.28774314315945,
    "AUC/AUC_class14": 62.058515565220894,
    "AUC/AUC_class15": 50.92108601877696,
    "AUC/AUC_class16": 97.40140227870289,
    "AUC/AUC_class17": 47.755293487000806,
    "AUC/AUC_class18": 67.76145203111496,
    "AUC/AUC_class19": 53.17667536988686,
    "MAP_class1": 0.7781499865176099,
    "MAP_class2": 0.21288938146077624,
    "MAP_class3": 0.44252858566237996,
    "MAP_class4": 0.5629664404230653,
    "MAP_class5": 0.29098089062298693,
    "MAP_class6": 0.23087651916437066,
    "MAP_class7": 0.20483394647874414,
    "MAP_class8": 0.25483099696293493,
    "MAP_class9": 0.3150005177176221,
    "MAP_class10": 0.16188134202980814,
    "MAP_class11": 0.20951189818381438,
    "MAP_class12": 0.27023863246629315,
    "MAP_class13": 0.12244790460486199,
    "MAP_class14": 0.12963797816819417,
    "MAP_class15": 0.03136186211244453,
    "MAP_class16": 0.6983439995463964,
    "MAP_class17": 0.026646527319605776,
    "MAP_class18": 0.017751087092712062,
    "MAP_class19": 0.026939154695581544,
    "Aggregate": 46.48629933220606
}