{
    "multi-label/mAP": 20.950716018676758,
    "multi-label/precision": 23.626306533813477,
    "multi-label/recall": 14.086692810058594,
    "multi-label/f1-score": 14.381858825683594,
    "multi-label/precision_micro": 31.62347984313965,
    "multi-label/recall_micro": 22.164566040039062,
    "multi-label/f1-score_micro": 26.06232261657715,
    "AUC/AUC_multilabe": 58.64801856435037,
    "AUC/AUC_class1": 72.89416812229858,
    "AUC/AUC_class2": 57.23785246398312,
    "AUC/AUC_class3": 67.45701745701746,
    "AUC/AUC_class4": 73.30693644015092,
    "AUC/AUC_class5": 55.16132413477665,
    "AUC/AUC_class6": 55.66397515527951,
    "AUC/AUC_class7": 53.32325983657078,
    "AUC/AUC_class8": 65.12237519121125,
    "AUC/AUC_class9": 74.25742574257426,
    "AUC/AUC_class10": 45.23752125256934,
    "AUC/AUC_class11": 61.322985037484045,
    "AUC/AUC_class12": 50.40746054519369,
    "AUC/AUC_class13": 59.60771547163669,
    "AUC/AUC_class14": 61.455438766058556,
    "AUC/AUC_class15": 49.317432123826435,
    "AUC/AUC_class16": 93.73794916739702,
    "AUC/AUC_class17": 46.40176896274457,
    "AUC/AUC_class18": 24.50302506482282,
    "AUC/AUC_class19": 47.89672178706121,
    "MAP_class1": 0.6125211232490776,
    "MAP_class2": 0.21266533998375473,
    "MAP_class3": 0.38138091080097386,
    "MAP_class4": 0.4540968675027916,
    "MAP_class5": 0.22070553992115308,
    "MAP_class6": 0.17107099070241255,
    "MAP_class7": 0.20662671539146732,
    "MAP_class8": 0.200943463741976,
    "MAP_class9": 0.26874790590148906,
    "MAP_class10": 0.12218172025186345,
    "MAP_class11": 0.17204101028233929,
    "MAP_class12": 0.11829879961405015,
    "MAP_class13": 0.050465172776773495,
    "MAP_class14": 0.12085316012590085,
    "MAP_class15": 0.02951579674174773,
    "MAP_class16": 0.6007552410150772,
    "MAP_class17": 0.02486884696705739,
    "MAP_class18": 0.002705103883939461,
    "MAP_class19": 0.010109191340163318,
    "Aggregate": 39.79914849321205
}