{
    "multi-label/mAP": 19.888111114501953,
    "multi-label/precision": 22.314220428466797,
    "multi-label/recall": 8.94545841217041,
    "multi-label/f1-score": 11.33250617980957,
    "multi-label/precision_micro": 30.64369773864746,
    "multi-label/recall_micro": 12.52779769897461,
    "multi-label/f1-score_micro": 17.784793853759766,
    "AUC/AUC_multilabe": 59.04844502806619,
    "AUC/AUC_class1": 72.11466129464115,
    "AUC/AUC_class2": 55.480103218796685,
    "AUC/AUC_class3": 61.12761112761114,
    "AUC/AUC_class4": 74.15066959658361,
    "AUC/AUC_class5": 48.15234791889007,
    "AUC/AUC_class6": 54.12049689440993,
    "AUC/AUC_class7": 52.517545778078215,
    "AUC/AUC_class8": 62.5837852871645,
    "AUC/AUC_class9": 67.4434463313881,
    "AUC/AUC_class10": 48.757834902428506,
    "AUC/AUC_class11": 53.14492798705944,
    "AUC/AUC_class12": 42.16068866571019,
    "AUC/AUC_class13": 50.76096687555952,
    "AUC/AUC_class14": 54.18126535379163,
    "AUC/AUC_class15": 50.07866023851815,
    "AUC/AUC_class16": 94.96494303242768,
    "AUC/AUC_class17": 49.07531492897347,
    "AUC/AUC_class18": 67.93431287813311,
    "AUC/AUC_class19": 63.17087322309254,
    "MAP_class1": 0.603607417921999,
    "MAP_class2": 0.1987539601199444,
    "MAP_class3": 0.35379943717510565,
    "MAP_class4": 0.45556117585786127,
    "MAP_class5": 0.18829112847069174,
    "MAP_class6": 0.15145427069318193,
    "MAP_class7": 0.20882975023865724,
    "MAP_class8": 0.21908704310588106,
    "MAP_class9": 0.2245728916620644,
    "MAP_class10": 0.1370229959656512,
    "MAP_class11": 0.15269254163664306,
    "MAP_class12": 0.09359305439795476,
    "MAP_class13": 0.045870928538681244,
    "MAP_class14": 0.08596193228324936,
    "MAP_class15": 0.029612427793898107,
    "MAP_class16": 0.5755349592668886,
    "MAP_class17": 0.02032730203857112,
    "MAP_class18": 0.014973838220828747,
    "MAP_class19": 0.01919389877385346,
    "Aggregate": 39.468277656563636
}