{
    "multi-label/mAP": 20.55745506286621,
    "multi-label/precision": 15.430315971374512,
    "multi-label/recall": 62.545597076416016,
    "multi-label/f1-score": 23.759389877319336,
    "multi-label/precision_micro": 19.368915557861328,
    "multi-label/recall_micro": 85.54484558105469,
    "multi-label/f1-score_micro": 31.586151123046875,
    "AUC/AUC_multilabe": 63.44448973074395,
    "AUC/AUC_class1": 78.44666012163557,
    "AUC/AUC_class2": 60.187632549441595,
    "AUC/AUC_class3": 62.954575454575455,
    "AUC/AUC_class4": 76.44429702723994,
    "AUC/AUC_class5": 58.96335188290899,
    "AUC/AUC_class6": 57.5055900621118,
    "AUC/AUC_class7": 57.429369544903274,
    "AUC/AUC_class8": 65.0458906967042,
    "AUC/AUC_class9": 67.08346993639762,
    "AUC/AUC_class10": 45.337757251249776,
    "AUC/AUC_class11": 62.511276324384866,
    "AUC/AUC_class12": 67.8113342898135,
    "AUC/AUC_class13": 75.8891511353463,
    "AUC/AUC_class14": 61.73029680641133,
    "AUC/AUC_class15": 57.37122557726465,
    "AUC/AUC_class16": 92.51971954425942,
    "AUC/AUC_class17": 57.47118734923613,
    "AUC/AUC_class18": 55.85566119273984,
    "AUC/AUC_class19": 44.88685813751088,
    "MAP_class1": 0.6632160204165319,
    "MAP_class2": 0.23446317699621338,
    "MAP_class3": 0.3127035684154657,
    "MAP_class4": 0.4927832854586432,
    "MAP_class5": 0.24039628551272574,
    "MAP_class6": 0.16406985848265632,
    "MAP_class7": 0.22680036010976573,
    "MAP_class8": 0.20636807112267502,
    "MAP_class9": 0.2369894234301665,
    "MAP_class10": 0.12264927180695948,
    "MAP_class11": 0.15287875480191632,
    "MAP_class12": 0.23359855018098083,
    "MAP_class13": 0.13762995403752828,
    "MAP_class14": 0.14741560515703983,
    "MAP_class15": 0.0376182245044159,
    "MAP_class16": 0.2660798671431072,
    "MAP_class17": 0.015652151855284534,
    "MAP_class18": 0.004716213406397262,
    "MAP_class19": 0.009888033932772088,
    "Aggregate": 42.00097296213841
}