{
    "multi-label/mAP": 23.82558822631836,
    "multi-label/precision": 26.138771057128906,
    "multi-label/recall": 22.913291931152344,
    "multi-label/f1-score": 23.67181968688965,
    "multi-label/precision_micro": 37.977806091308594,
    "multi-label/recall_micro": 34.24759292602539,
    "multi-label/f1-score_micro": 36.0163688659668,
    "AUC/AUC_multilabe": 65.85868394618937,
    "AUC/AUC_class1": 84.60238936134947,
    "AUC/AUC_class2": 59.05724046427563,
    "AUC/AUC_class3": 72.95647295647296,
    "AUC/AUC_class4": 81.98722998465941,
    "AUC/AUC_class5": 60.22974157645983,
    "AUC/AUC_class6": 55.54596273291925,
    "AUC/AUC_class7": 56.44521542040282,
    "AUC/AUC_class8": 69.44513975803088,
    "AUC/AUC_class9": 73.60173103403055,
    "AUC/AUC_class10": 58.627908747176896,
    "AUC/AUC_class11": 69.51426260615298,
    "AUC/AUC_class12": 66.7661406025825,
    "AUC/AUC_class13": 69.66102384634166,
    "AUC/AUC_class14": 64.42753010349966,
    "AUC/AUC_class15": 49.14234965744734,
    "AUC/AUC_class16": 94.77651183172657,
    "AUC/AUC_class17": 51.480836236933804,
    "AUC/AUC_class18": 51.080380293863435,
    "AUC/AUC_class19": 61.966927763272416,
    "MAP_class1": 0.7615159405526547,
    "MAP_class2": 0.20793293728382967,
    "MAP_class3": 0.44093369553725437,
    "MAP_class4": 0.5474810671794371,
    "MAP_class5": 0.2746681994736031,
    "MAP_class6": 0.16320766116457544,
    "MAP_class7": 0.244671667023603,
    "MAP_class8": 0.2455141466261595,
    "MAP_class9": 0.2588523826255776,
    "MAP_class10": 0.17633317143195198,
    "MAP_class11": 0.20875540819078978,
    "MAP_class12": 0.20111890048862294,
    "MAP_class13": 0.10368782662808748,
    "MAP_class14": 0.14388427163826523,
    "MAP_class15": 0.02927818536552681,
    "MAP_class16": 0.45060480423662413,
    "MAP_class17": 0.03572504874498069,
    "MAP_class18": 0.004305776147888324,
    "MAP_class19": 0.02839071597762578,
    "Aggregate": 44.84213620024484
}