{
    "multi-label/mAP": 24.466602325439453,
    "multi-label/precision": 26.41832733154297,
    "multi-label/recall": 15.38504695892334,
    "multi-label/f1-score": 18.598026275634766,
    "multi-label/precision_micro": 42.97844314575195,
    "multi-label/recall_micro": 24.38843536376953,
    "multi-label/f1-score_micro": 31.118465423583984,
    "AUC/AUC_multilabe": 67.48559754303828,
    "AUC/AUC_class1": 83.89316724254441,
    "AUC/AUC_class2": 54.19352479653987,
    "AUC/AUC_class3": 70.48724548724547,
    "AUC/AUC_class4": 82.11119864007628,
    "AUC/AUC_class5": 60.38553895410885,
    "AUC/AUC_class6": 55.8304347826087,
    "AUC/AUC_class7": 59.4275006461618,
    "AUC/AUC_class8": 68.28605200945627,
    "AUC/AUC_class9": 72.28575175398333,
    "AUC/AUC_class10": 54.90458547973711,
    "AUC/AUC_class11": 65.50377951286278,
    "AUC/AUC_class12": 68.05954088952653,
    "AUC/AUC_class13": 80.74794498250183,
    "AUC/AUC_class14": 60.724497603801694,
    "AUC/AUC_class15": 56.32834306013702,
    "AUC/AUC_class16": 92.88781770376862,
    "AUC/AUC_class17": 64.32591798445458,
    "AUC/AUC_class18": 65.01728608470181,
    "AUC/AUC_class19": 66.8262257035103,
    "MAP_class1": 0.7617939415810706,
    "MAP_class2": 0.19743200825428647,
    "MAP_class3": 0.39354757712731187,
    "MAP_class4": 0.5840204023688376,
    "MAP_class5": 0.27210475182813276,
    "MAP_class6": 0.16953962675089163,
    "MAP_class7": 0.22355841909398314,
    "MAP_class8": 0.23087741295417558,
    "MAP_class9": 0.28268532821701087,
    "MAP_class10": 0.15459837799201406,
    "MAP_class11": 0.18385279611165356,
    "MAP_class12": 0.2481508451299459,
    "MAP_class13": 0.17888124228785254,
    "MAP_class14": 0.11674049073682545,
    "MAP_class15": 0.034382318888727795,
    "MAP_class16": 0.5120325869632606,
    "MAP_class17": 0.023124033400781875,
    "MAP_class18": 0.04354495457739767,
    "MAP_class19": 0.03778744584972495,
    "Aggregate": 45.97610024550305
}