{
    "multi-label/mAP": 20.67451286315918,
    "multi-label/precision": 21.66765594482422,
    "multi-label/recall": 21.223569869995117,
    "multi-label/f1-score": 20.16069793701172,
    "multi-label/precision_micro": 31.744749069213867,
    "multi-label/recall_micro": 29.1326904296875,
    "multi-label/f1-score_micro": 30.382680892944336,
    "AUC/AUC_multilabe": 62.02879231778437,
    "AUC/AUC_class1": 72.75965498336117,
    "AUC/AUC_class2": 60.28113540676355,
    "AUC/AUC_class3": 65.14495264495265,
    "AUC/AUC_class4": 80.9465566565778,
    "AUC/AUC_class5": 63.16416374447326,
    "AUC/AUC_class6": 58.088198757763976,
    "AUC/AUC_class7": 48.55110642781876,
    "AUC/AUC_class8": 60.57154776804339,
    "AUC/AUC_class9": 62.73293554521015,
    "AUC/AUC_class10": 51.94825792371913,
    "AUC/AUC_class11": 59.853952157277504,
    "AUC/AUC_class12": 53.29985652797704,
    "AUC/AUC_class13": 60.78985920078131,
    "AUC/AUC_class14": 51.60082155370303,
    "AUC/AUC_class15": 54.49632073077899,
    "AUC/AUC_class16": 88.72918492550394,
    "AUC/AUC_class17": 57.77271508978825,
    "AUC/AUC_class18": 64.32584269662922,
    "AUC/AUC_class19": 63.4899912967798,
    "MAP_class1": 0.6037528234451077,
    "MAP_class2": 0.21885872625248914,
    "MAP_class3": 0.37349157304258773,
    "MAP_class4": 0.5308816128761943,
    "MAP_class5": 0.3156578031575976,
    "MAP_class6": 0.1567197337392408,
    "MAP_class7": 0.17933140401129677,
    "MAP_class8": 0.17609307327133084,
    "MAP_class9": 0.18811324540932425,
    "MAP_class10": 0.14355058486537184,
    "MAP_class11": 0.17734914916242475,
    "MAP_class12": 0.1278475606663842,
    "MAP_class13": 0.143591689494106,
    "MAP_class14": 0.09174439595266566,
    "MAP_class15": 0.03968612544004921,
    "MAP_class16": 0.36392616310808346,
    "MAP_class17": 0.01915321946239902,
    "MAP_class18": 0.05402759263644865,
    "MAP_class19": 0.023991719445929538,
    "Aggregate": 41.350628252152795
}