{
    "multi-label/mAP": 18.345905303955078,
    "multi-label/precision": 13.173896789550781,
    "multi-label/recall": 12.37195873260498,
    "multi-label/f1-score": 11.023580551147461,
    "multi-label/precision_micro": 36.52219772338867,
    "multi-label/recall_micro": 25.61156463623047,
    "multi-label/f1-score_micro": 30.108932495117188,
    "AUC/AUC_multilabe": 59.50028568173178,
    "AUC/AUC_class1": 72.17203656717369,
    "AUC/AUC_class2": 58.85299679269528,
    "AUC/AUC_class3": 65.46546546546547,
    "AUC/AUC_class4": 75.24275467473775,
    "AUC/AUC_class5": 59.51650404025004,
    "AUC/AUC_class6": 55.50124223602485,
    "AUC/AUC_class7": 56.01526930035588,
    "AUC/AUC_class8": 68.50855235711306,
    "AUC/AUC_class9": 53.985312438528624,
    "AUC/AUC_class10": 50.70196919329053,
    "AUC/AUC_class11": 68.08022521541668,
    "AUC/AUC_class12": 64.46556671449068,
    "AUC/AUC_class13": 53.96353869943843,
    "AUC/AUC_class14": 51.3622085296605,
    "AUC/AUC_class15": 48.25425019030703,
    "AUC/AUC_class16": 82.99737072743208,
    "AUC/AUC_class17": 55.105869740016075,
    "AUC/AUC_class18": 48.40103716508211,
    "AUC/AUC_class19": 41.913257905425006,
    "MAP_class1": 0.5782451899245059,
    "MAP_class2": 0.21066622786850073,
    "MAP_class3": 0.34978836600129226,
    "MAP_class4": 0.4603544516421658,
    "MAP_class5": 0.26211771885942775,
    "MAP_class6": 0.15466031986424345,
    "MAP_class7": 0.20920163029639952,
    "MAP_class8": 0.2388674270826145,
    "MAP_class9": 0.1571845603269696,
    "MAP_class10": 0.15817174046050791,
    "MAP_class11": 0.20308575368951115,
    "MAP_class12": 0.17805786187023287,
    "MAP_class13": 0.07325227967158687,
    "MAP_class14": 0.08281671064110738,
    "MAP_class15": 0.03249381690779098,
    "MAP_class16": 0.10657331188950539,
    "MAP_class17": 0.016759953669741937,
    "MAP_class18": 0.003975086664575718,
    "MAP_class19": 0.00944985468016452,
    "Aggregate": 38.92309616194706
}