{
    "multi-label/mAP": 16.132614135742188,
    "multi-label/precision": 5.561861515045166,
    "multi-label/recall": 25.0,
    "multi-label/f1-score": 9.099349975585938,
    "multi-label/precision_micro": 22.247446060180664,
    "multi-label/recall_micro": 40.24640655517578,
    "multi-label/f1-score_micro": 28.654972076416016,
    "AUC/AUC_multilabe": 54.4354293451031,
    "AUC/AUC_class1": 60.524355727692544,
    "AUC/AUC_class2": 48.04337721636659,
    "AUC/AUC_class3": 54.58699221817663,
    "AUC/AUC_class4": 54.58699221817663,
    "MAP_class1": 0.3066817506803909,
    "MAP_class2": 0.23818896769771639,
    "MAP_class3": 0.09009034789964881,
    "MAP_class4": -0.0,
    "Aggregate": 35.1547280010235
}