{
    "multi-label/mAP": 19.31306266784668,
    "multi-label/precision": 14.863360404968262,
    "multi-label/recall": 8.270017623901367,
    "multi-label/f1-score": 9.795694351196289,
    "multi-label/precision_micro": 34.34675216674805,
    "multi-label/recall_micro": 15.492958068847656,
    "multi-label/f1-score_micro": 21.35376739501953,
    "AUC/AUC_multilabe": 61.76580884685104,
    "AUC/AUC_class1": 68.56185691882037,
    "AUC/AUC_class2": 57.64320563315538,
    "AUC/AUC_class3": 58.997458997459,
    "AUC/AUC_class4": 68.38135909448982,
    "AUC/AUC_class5": 60.81338618691874,
    "AUC/AUC_class6": 53.92795031055901,
    "AUC/AUC_class7": 56.464600274370234,
    "AUC/AUC_class8": 62.10471422611599,
    "AUC/AUC_class9": 61.86479575109829,
    "AUC/AUC_class10": 53.574238079529025,
    "AUC/AUC_class11": 65.28758515569105,
    "AUC/AUC_class12": 69.34505021520803,
    "AUC/AUC_class13": 52.879059168226576,
    "AUC/AUC_class14": 56.37006161652772,
    "AUC/AUC_class15": 53.01192590713018,
    "AUC/AUC_class16": 86.78790534618756,
    "AUC/AUC_class17": 69.49209327258107,
    "AUC/AUC_class18": 58.55661192739845,
    "AUC/AUC_class19": 59.48651000870322,
    "MAP_class1": 0.5545878176725447,
    "MAP_class2": 0.2232726798973665,
    "MAP_class3": 0.30333962638875134,
    "MAP_class4": 0.3943333051832331,
    "MAP_class5": 0.2603323624238205,
    "MAP_class6": 0.16151385361596807,
    "MAP_class7": 0.21782400577388406,
    "MAP_class8": 0.17517873731477684,
    "MAP_class9": 0.17924418044308965,
    "MAP_class10": 0.16297040062912443,
    "MAP_class11": 0.18897370607150957,
    "MAP_class12": 0.24649638378551955,
    "MAP_class13": 0.04482134263112675,
    "MAP_class14": 0.09261389633480774,
    "MAP_class15": 0.030601625942701792,
    "MAP_class16": 0.3034641535865908,
    "MAP_class17": 0.028709971918813908,
    "MAP_class18": 0.005057006896302202,
    "MAP_class19": 0.09614661908823031,
    "Aggregate": 40.539435148683836
}