{
    "multi-label/mAP": 20.623899459838867,
    "multi-label/precision": 20.863245010375977,
    "multi-label/recall": 17.024330139160156,
    "multi-label/f1-score": 16.189294815063477,
    "multi-label/precision_micro": 30.98398208618164,
    "multi-label/recall_micro": 25.092660903930664,
    "multi-label/f1-score_micro": 27.72885513305664,
    "AUC/AUC_multilabe": 61.33213655487291,
    "AUC/AUC_class1": 75.12558809654345,
    "AUC/AUC_class2": 54.68350066340015,
    "AUC/AUC_class3": 73.1948981948982,
    "AUC/AUC_class4": 76.34022969443178,
    "AUC/AUC_class5": 50.928114041774656,
    "AUC/AUC_class6": 53.814906832298135,
    "AUC/AUC_class7": 48.868719804362094,
    "AUC/AUC_class8": 63.73522458628841,
    "AUC/AUC_class9": 66.35761589403974,
    "AUC/AUC_class10": 45.74187327124623,
    "AUC/AUC_class11": 55.05723706722245,
    "AUC/AUC_class12": 38.7948350071736,
    "AUC/AUC_class13": 73.172865630341,
    "AUC/AUC_class14": 64.32684950263783,
    "AUC/AUC_class15": 51.649327581832026,
    "AUC/AUC_class16": 94.87730061349693,
    "AUC/AUC_class17": 47.84240150093809,
    "AUC/AUC_class18": 74.39498703543647,
    "AUC/AUC_class19": 56.40411952422396,
    "MAP_class1": 0.6215804653583825,
    "MAP_class2": 0.19431696610529414,
    "MAP_class3": 0.44698498272783466,
    "MAP_class4": 0.4818000499095896,
    "MAP_class5": 0.21013770500405762,
    "MAP_class6": 0.15238917881329692,
    "MAP_class7": 0.1818934312293864,
    "MAP_class8": 0.2230570028808403,
    "MAP_class9": 0.20233252201521618,
    "MAP_class10": 0.13039243097629802,
    "MAP_class11": 0.13070746247307452,
    "MAP_class12": 0.08951969526900569,
    "MAP_class13": 0.10488029245367425,
    "MAP_class14": 0.12141483296614061,
    "MAP_class15": 0.03320558089920293,
    "MAP_class16": 0.538126824542074,
    "MAP_class17": 0.030685652148105792,
    "MAP_class18": 0.008186058745071003,
    "MAP_class19": 0.016944390535850715,
    "Aggregate": 40.97805650125855
}