{
    "multi-label/mAP": 29.066085815429688,
    "multi-label/precision": 21.811113357543945,
    "multi-label/recall": 46.286380767822266,
    "multi-label/f1-score": 29.347103118896484,
    "multi-label/precision_micro": 28.184282302856445,
    "multi-label/recall_micro": 64.06570434570312,
    "multi-label/f1-score_micro": 39.14680099487305,
    "AUC/AUC_multilabe": 70.351418151878,
    "AUC/AUC_class1": 68.11001042752868,
    "AUC/AUC_class2": 69.16772614799929,
    "AUC/AUC_class3": 72.063968015992,
    "AUC/AUC_class4": 72.063968015992,
    "MAP_class1": 0.4383952030213313,
    "MAP_class2": 0.472536451992681,
    "MAP_class3": 0.25163216143402667,
    "MAP_class4": -0.0,
    "Aggregate": 49.70775678153949
}