{
    "multi-label/mAP": 19.458904266357422,
    "multi-label/precision": 16.23312759399414,
    "multi-label/recall": 13.551328659057617,
    "multi-label/f1-score": 12.496201515197754,
    "multi-label/precision_micro": 32.197357177734375,
    "multi-label/recall_micro": 23.461822509765625,
    "multi-label/f1-score_micro": 27.14408302307129,
    "AUC/AUC_multilabe": 61.64650025693702,
    "AUC/AUC_class1": 75.45613341663372,
    "AUC/AUC_class2": 62.07074875416583,
    "AUC/AUC_class3": 70.97564597564597,
    "AUC/AUC_class4": 72.52622413864587,
    "AUC/AUC_class5": 52.18830995578595,
    "AUC/AUC_class6": 50.01987577639751,
    "AUC/AUC_class7": 50.323577946994845,
    "AUC/AUC_class8": 63.52871645111945,
    "AUC/AUC_class9": 67.61195987148383,
    "AUC/AUC_class10": 45.44243408531479,
    "AUC/AUC_class11": 50.57859209257474,
    "AUC/AUC_class12": 46.59038737446198,
    "AUC/AUC_class13": 70.49320419956051,
    "AUC/AUC_class14": 61.69505859610971,
    "AUC/AUC_class15": 47.81781273788378,
    "AUC/AUC_class16": 90.94653812445223,
    "AUC/AUC_class17": 47.12543554006968,
    "AUC/AUC_class18": 79.47277441659463,
    "AUC/AUC_class19": 66.42007542790833,
    "MAP_class1": 0.6320037007967245,
    "MAP_class2": 0.2457745483636274,
    "MAP_class3": 0.4093100703160447,
    "MAP_class4": 0.44168706153588,
    "MAP_class5": 0.2132112974413626,
    "MAP_class6": 0.154102005730927,
    "MAP_class7": 0.18810469745237474,
    "MAP_class8": 0.2092016294735634,
    "MAP_class9": 0.20305958937203625,
    "MAP_class10": 0.13328048585666707,
    "MAP_class11": 0.11721565316091015,
    "MAP_class12": 0.10265190855050711,
    "MAP_class13": 0.12223721720784556,
    "MAP_class14": 0.11405947475839529,
    "MAP_class15": 0.03848882585014182,
    "MAP_class16": 0.32112192939925355,
    "MAP_class17": 0.021524811281375955,
    "MAP_class18": 0.010293042910794636,
    "MAP_class19": 0.01986375695760479,
    "Aggregate": 40.55270198745808
}