{
    "multi-label/mAP": 20.758808135986328,
    "multi-label/precision": 16.474075317382812,
    "multi-label/recall": 62.14099884033203,
    "multi-label/f1-score": 24.890825271606445,
    "multi-label/precision_micro": 19.780517578125,
    "multi-label/recall_micro": 81.50481414794922,
    "multi-label/f1-score_micro": 31.834962844848633,
    "AUC/AUC_multilabe": 62.788804964357546,
    "AUC/AUC_class1": 81.23701087580166,
    "AUC/AUC_class2": 61.21668634231449,
    "AUC/AUC_class3": 68.89313764313763,
    "AUC/AUC_class4": 77.92404328537667,
    "AUC/AUC_class5": 59.86669080652538,
    "AUC/AUC_class6": 60.26770186335402,
    "AUC/AUC_class7": 53.199992047239405,
    "AUC/AUC_class8": 66.0346266166041,
    "AUC/AUC_class9": 64.92361156645467,
    "AUC/AUC_class10": 46.78864161189636,
    "AUC/AUC_class11": 71.57510809717859,
    "AUC/AUC_class12": 63.80703012912481,
    "AUC/AUC_class13": 64.7493285586392,
    "AUC/AUC_class14": 60.96512423986146,
    "AUC/AUC_class15": 53.65896980461811,
    "AUC/AUC_class16": 86.77914110429448,
    "AUC/AUC_class17": 55.13267220584294,
    "AUC/AUC_class18": 48.919619706136565,
    "AUC/AUC_class19": 47.0481578183928,
    "MAP_class1": 0.7252614400328312,
    "MAP_class2": 0.23055439772015218,
    "MAP_class3": 0.3943337344988086,
    "MAP_class4": 0.49809523401566796,
    "MAP_class5": 0.24966677404788667,
    "MAP_class6": 0.18660656341375334,
    "MAP_class7": 0.20148368667610617,
    "MAP_class8": 0.20504765661611932,
    "MAP_class9": 0.19197737980162943,
    "MAP_class10": 0.12410014375095364,
    "MAP_class11": 0.2700485756716147,
    "MAP_class12": 0.18938658001556202,
    "MAP_class13": 0.09012079758979408,
    "MAP_class14": 0.126352458594389,
    "MAP_class15": 0.035610757917685365,
    "MAP_class16": 0.18896691263605822,
    "MAP_class17": 0.01900170212417439,
    "MAP_class18": 0.006675881376438479,
    "MAP_class19": 0.010881362710241958,
    "Aggregate": 41.77380258536263
}