{
    "multi-label/mAP": 18.080890655517578,
    "multi-label/precision": 12.78864574432373,
    "multi-label/recall": 7.061387538909912,
    "multi-label/f1-score": 7.107916355133057,
    "multi-label/precision_micro": 27.720413208007812,
    "multi-label/recall_micro": 12.935506820678711,
    "multi-label/f1-score_micro": 17.639625549316406,
    "AUC/AUC_multilabe": 57.371136852835036,
    "AUC/AUC_class1": 71.63302775688184,
    "AUC/AUC_class2": 55.280560808199006,
    "AUC/AUC_class3": 55.03374253374253,
    "AUC/AUC_class4": 63.08304656080268,
    "AUC/AUC_class5": 56.95894953499009,
    "AUC/AUC_class6": 56.83850931677019,
    "AUC/AUC_class7": 44.35055768733722,
    "AUC/AUC_class8": 56.418439716312065,
    "AUC/AUC_class9": 61.3720411776277,
    "AUC/AUC_class10": 58.628543152231835,
    "AUC/AUC_class11": 53.57653902385915,
    "AUC/AUC_class12": 55.12410329985653,
    "AUC/AUC_class13": 54.061202897371196,
    "AUC/AUC_class14": 44.09306914743667,
    "AUC/AUC_class15": 55.701598579040855,
    "AUC/AUC_class16": 97.46275197195442,
    "AUC/AUC_class17": 68.1653712141517,
    "AUC/AUC_class18": 32.99481417458946,
    "AUC/AUC_class19": 49.27473165071076,
    "MAP_class1": 0.5815806695314226,
    "MAP_class2": 0.19143812936535798,
    "MAP_class3": 0.2667665423109652,
    "MAP_class4": 0.3151097734178465,
    "MAP_class5": 0.24278215477442178,
    "MAP_class6": 0.16965160217905662,
    "MAP_class7": 0.15637064928721633,
    "MAP_class8": 0.13753995159702867,
    "MAP_class9": 0.1796393966294423,
    "MAP_class10": 0.17871223334135053,
    "MAP_class11": 0.1235965052991983,
    "MAP_class12": 0.1274138290782416,
    "MAP_class13": 0.042889138871152255,
    "MAP_class14": 0.07348250026082571,
    "MAP_class15": 0.04922178505923219,
    "MAP_class16": 0.5265845009781479,
    "MAP_class17": 0.059317780080796904,
    "MAP_class18": 0.003050728524000115,
    "MAP_class19": 0.010220653258307323,
    "Aggregate": 37.72601191021755
}