{
    "multi-label/mAP": 18.271068572998047,
    "multi-label/precision": 12.881629943847656,
    "multi-label/recall": 9.251469612121582,
    "multi-label/f1-score": 9.272019386291504,
    "multi-label/precision_micro": 28.305519104003906,
    "multi-label/recall_micro": 16.345441818237305,
    "multi-label/f1-score_micro": 20.723684310913086,
    "AUC/AUC_multilabe": 59.503428299947196,
    "AUC/AUC_class1": 65.34374163277275,
    "AUC/AUC_class2": 57.5063467023266,
    "AUC/AUC_class3": 61.75667425667426,
    "AUC/AUC_class4": 66.5686802935445,
    "AUC/AUC_class5": 57.934231590181426,
    "AUC/AUC_class6": 55.793167701863354,
    "AUC/AUC_class7": 50.16253454480386,
    "AUC/AUC_class8": 54.17605340008343,
    "AUC/AUC_class9": 57.33722378860403,
    "AUC/AUC_class10": 55.434948105666514,
    "AUC/AUC_class11": 65.22537095218837,
    "AUC/AUC_class12": 71.62338593974175,
    "AUC/AUC_class13": 50.63888662814357,
    "AUC/AUC_class14": 55.45789537271959,
    "AUC/AUC_class15": 53.00431362598326,
    "AUC/AUC_class16": 84.89044697633655,
    "AUC/AUC_class17": 51.902975073706784,
    "AUC/AUC_class18": 49.330164217804665,
    "AUC/AUC_class19": 66.47809689585146,
    "MAP_class1": 0.5360719515008153,
    "MAP_class2": 0.22045435885906564,
    "MAP_class3": 0.30157413944151956,
    "MAP_class4": 0.3787938215730232,
    "MAP_class5": 0.2291786902497802,
    "MAP_class6": 0.15760688105088944,
    "MAP_class7": 0.1741259247069304,
    "MAP_class8": 0.12841353833475005,
    "MAP_class9": 0.17727339651198826,
    "MAP_class10": 0.14892105359018046,
    "MAP_class11": 0.16509580775009827,
    "MAP_class12": 0.32255459342101644,
    "MAP_class13": 0.06289417604731543,
    "MAP_class14": 0.10249549778420111,
    "MAP_class15": 0.0349045573190554,
    "MAP_class16": 0.2797646889816912,
    "MAP_class17": 0.014292740693233191,
    "MAP_class18": 0.00435904124577443,
    "MAP_class19": 0.03272831145922581,
    "Aggregate": 38.887248809238216
}