{
    "multi-label/mAP": 20.56767463684082,
    "multi-label/precision": 21.23676300048828,
    "multi-label/recall": 14.030693054199219,
    "multi-label/f1-score": 14.726051330566406,
    "multi-label/precision_micro": 30.168899536132812,
    "multi-label/recall_micro": 19.19940757751465,
    "multi-label/f1-score_micro": 23.465457916259766,
    "AUC/AUC_multilabe": 60.56697468851571,
    "AUC/AUC_class1": 70.98978720148921,
    "AUC/AUC_class2": 55.66972074509763,
    "AUC/AUC_class3": 70.38494538494537,
    "AUC/AUC_class4": 66.26269745843527,
    "AUC/AUC_class5": 52.95919728617168,
    "AUC/AUC_class6": 56.47639751552794,
    "AUC/AUC_class7": 49.839453645346644,
    "AUC/AUC_class8": 65.43178973717147,
    "AUC/AUC_class9": 73.80040653071931,
    "AUC/AUC_class10": 49.84774278681453,
    "AUC/AUC_class11": 55.224437739135844,
    "AUC/AUC_class12": 38.35294117647059,
    "AUC/AUC_class13": 75.77724424188166,
    "AUC/AUC_class14": 55.468970238814386,
    "AUC/AUC_class15": 47.46257295102766,
    "AUC/AUC_class16": 88.4837861524978,
    "AUC/AUC_class17": 51.2463146609488,
    "AUC/AUC_class18": 61.732929991356954,
    "AUC/AUC_class19": 65.36118363794604,
    "MAP_class1": 0.594701370800252,
    "MAP_class2": 0.2004331260160958,
    "MAP_class3": 0.41494258739667356,
    "MAP_class4": 0.4126337837683475,
    "MAP_class5": 0.21351236568051302,
    "MAP_class6": 0.1695440596845183,
    "MAP_class7": 0.20336907548048994,
    "MAP_class8": 0.23493256696208747,
    "MAP_class9": 0.2858112421794957,
    "MAP_class10": 0.14370706663492802,
    "MAP_class11": 0.1494169716269631,
    "MAP_class12": 0.0882606997797888,
    "MAP_class13": 0.18677645360562398,
    "MAP_class14": 0.10483670280744245,
    "MAP_class15": 0.02954311688160364,
    "MAP_class16": 0.4100254892961935,
    "MAP_class17": 0.012864377466030223,
    "MAP_class18": 0.013903732446189752,
    "MAP_class19": 0.03864357071210177,
    "Aggregate": 40.567325131692954
}