{
    "multi-label/mAP": 33.49671173095703,
    "multi-label/precision": 23.499773025512695,
    "multi-label/recall": 45.833282470703125,
    "multi-label/f1-score": 30.4444637298584,
    "multi-label/precision_micro": 30.53359603881836,
    "multi-label/recall_micro": 63.44969177246094,
    "multi-label/f1-score_micro": 41.227481842041016,
    "AUC/AUC_multilabe": 68.86985454569208,
    "AUC/AUC_class1": 67.87017726798747,
    "AUC/AUC_class2": 72.16981776921078,
    "AUC/AUC_class3": 67.71971157278503,
    "AUC/AUC_class4": 67.71971157278503,
    "MAP_class1": 0.48957402353731794,
    "MAP_class2": 0.5114695358605488,
    "MAP_class3": 0.3388690084067779,
    "MAP_class4": -0.0,
    "Aggregate": 51.1838343704041
}