{
    "multi-label/mAP": 18.50619125366211,
    "multi-label/precision": 26.661666870117188,
    "multi-label/recall": 10.2457857131958,
    "multi-label/f1-score": 10.622204780578613,
    "multi-label/precision_micro": 25.385129928588867,
    "multi-label/recall_micro": 14.047442436218262,
    "multi-label/f1-score_micro": 18.086376190185547,
    "AUC/AUC_multilabe": 59.61856427900039,
    "AUC/AUC_class1": 79.83322920783874,
    "AUC/AUC_class2": 52.776878153762574,
    "AUC/AUC_class3": 60.41109791109792,
    "AUC/AUC_class4": 55.09805547493677,
    "AUC/AUC_class5": 44.069217868577525,
    "AUC/AUC_class6": 55.408074534161486,
    "AUC/AUC_class7": 55.2652245660775,
    "AUC/AUC_class8": 62.51842581004033,
    "AUC/AUC_class9": 50.88158153563701,
    "AUC/AUC_class10": 54.8931661887482,
    "AUC/AUC_class11": 51.173515413568914,
    "AUC/AUC_class12": 59.979196556671454,
    "AUC/AUC_class13": 66.95898103686822,
    "AUC/AUC_class14": 57.07381901655189,
    "AUC/AUC_class15": 55.70921086018777,
    "AUC/AUC_class16": 92.61174408413673,
    "AUC/AUC_class17": 68.19217367997857,
    "AUC/AUC_class18": 49.070872947277444,
    "AUC/AUC_class19": 60.8282564548883,
    "MAP_class1": 0.6600412585349088,
    "MAP_class2": 0.1917381295701129,
    "MAP_class3": 0.2986599562449768,
    "MAP_class4": 0.31005144086521813,
    "MAP_class5": 0.16638414708390012,
    "MAP_class6": 0.1582396728545507,
    "MAP_class7": 0.20891119178552972,
    "MAP_class8": 0.1821884826031206,
    "MAP_class9": 0.1383099956615615,
    "MAP_class10": 0.15756465753076537,
    "MAP_class11": 0.14455244567226777,
    "MAP_class12": 0.1434779544172144,
    "MAP_class13": 0.10116491776970074,
    "MAP_class14": 0.1225332778063362,
    "MAP_class15": 0.033048907328827606,
    "MAP_class16": 0.4503615840995657,
    "MAP_class17": 0.020529822033860508,
    "MAP_class18": 0.004059431649155286,
    "MAP_class19": 0.024359365785664867,
    "Aggregate": 39.06237855870345
}