{
    "multi-label/mAP": 21.457138061523438,
    "multi-label/precision": 21.313583374023438,
    "multi-label/recall": 21.766748428344727,
    "multi-label/f1-score": 19.558290481567383,
    "multi-label/precision_micro": 32.17110061645508,
    "multi-label/recall_micro": 33.17272186279297,
    "multi-label/f1-score_micro": 32.66423416137695,
    "AUC/AUC_multilabe": 64.52282495386731,
    "AUC/AUC_class1": 81.80853234052863,
    "AUC/AUC_class2": 61.80747813913645,
    "AUC/AUC_class3": 64.20692670692671,
    "AUC/AUC_class4": 77.77188108959741,
    "AUC/AUC_class5": 57.6121550541241,
    "AUC/AUC_class6": 61.11304347826086,
    "AUC/AUC_class7": 52.65174861323737,
    "AUC/AUC_class8": 65.36086775135585,
    "AUC/AUC_class9": 70.91141564487575,
    "AUC/AUC_class10": 48.62334103078133,
    "AUC/AUC_class11": 70.59678974709927,
    "AUC/AUC_class12": 68.23888091822094,
    "AUC/AUC_class13": 72.76796614307806,
    "AUC/AUC_class14": 61.03560066046474,
    "AUC/AUC_class15": 52.13143872113677,
    "AUC/AUC_class16": 89.18930762489045,
    "AUC/AUC_class17": 62.40284106137766,
    "AUC/AUC_class18": 46.71564390665514,
    "AUC/AUC_class19": 60.98781549173194,
    "MAP_class1": 0.7202270819934311,
    "MAP_class2": 0.24575267033165965,
    "MAP_class3": 0.36175764794144705,
    "MAP_class4": 0.4879629294399605,
    "MAP_class5": 0.2476624544840103,
    "MAP_class6": 0.2043504149613426,
    "MAP_class7": 0.20718686035816072,
    "MAP_class8": 0.20704538398345296,
    "MAP_class9": 0.28049863554397775,
    "MAP_class10": 0.13345682051285218,
    "MAP_class11": 0.23758672133626707,
    "MAP_class12": 0.2367746516220846,
    "MAP_class13": 0.08423858546147837,
    "MAP_class14": 0.11954475838091143,
    "MAP_class15": 0.03318528335268964,
    "MAP_class16": 0.18324837886551265,
    "MAP_class17": 0.06862661698472915,
    "MAP_class18": 0.0038831397995853266,
    "MAP_class19": 0.013866739839404703,
    "Aggregate": 42.98998030638881
}