{
    "multi-label/mAP": 27.038908004760742,
    "multi-label/precision": 28.5518856048584,
    "multi-label/recall": 25.645038604736328,
    "multi-label/f1-score": 23.88648796081543,
    "multi-label/precision_micro": 32.84410858154297,
    "multi-label/recall_micro": 30.68939971923828,
    "multi-label/f1-score_micro": 31.73021697998047,
    "AUC/AUC_multilabe": 68.97642289649484,
    "AUC/AUC_class1": 80.66772067167321,
    "AUC/AUC_class2": 56.169099133923254,
    "AUC/AUC_class3": 68.95521895521894,
    "AUC/AUC_class4": 83.70620672498859,
    "AUC/AUC_class5": 70.91829928342736,
    "AUC/AUC_class6": 53.56459627329193,
    "AUC/AUC_class7": 54.04298467105394,
    "AUC/AUC_class8": 65.63273536364902,
    "AUC/AUC_class9": 69.87804078421087,
    "AUC/AUC_class10": 54.513791965894384,
    "AUC/AUC_class11": 75.06376955859022,
    "AUC/AUC_class12": 71.22596843615496,
    "AUC/AUC_class13": 66.00675510702368,
    "AUC/AUC_class14": 72.44271273810962,
    "AUC/AUC_class15": 56.597310327328074,
    "AUC/AUC_class16": 99.08851884312007,
    "AUC/AUC_class17": 59.72259447869204,
    "AUC/AUC_class18": 78.3275713050994,
    "AUC/AUC_class19": 74.02814041195242,
    "MAP_class1": 0.7102051941616067,
    "MAP_class2": 0.20736238195443762,
    "MAP_class3": 0.3833145564439918,
    "MAP_class4": 0.6168909845534336,
    "MAP_class5": 0.3730277326371809,
    "MAP_class6": 0.16646849468137126,
    "MAP_class7": 0.20488608781571327,
    "MAP_class8": 0.23783740720048185,
    "MAP_class9": 0.258352804712254,
    "MAP_class10": 0.15371821964605645,
    "MAP_class11": 0.33435392574071154,
    "MAP_class12": 0.28889438633009884,
    "MAP_class13": 0.14090134509651878,
    "MAP_class14": 0.2504264450512374,
    "MAP_class15": 0.03652480756628088,
    "MAP_class16": 0.7061732161535466,
    "MAP_class17": 0.023761651130340414,
    "MAP_class18": 0.011697190251991799,
    "MAP_class19": 0.0341109647920337,
    "Aggregate": 48.01165301645607
}