{
    "multi-label/mAP": 19.256162643432617,
    "multi-label/precision": 15.225852966308594,
    "multi-label/recall": 8.96406364440918,
    "multi-label/f1-score": 9.112147331237793,
    "multi-label/precision_micro": 32.267234802246094,
    "multi-label/recall_micro": 16.827280044555664,
    "multi-label/f1-score_micro": 22.119367599487305,
    "AUC/AUC_multilabe": 60.39206394747505,
    "AUC/AUC_class1": 67.0608560390662,
    "AUC/AUC_class2": 59.790637177571845,
    "AUC/AUC_class3": 61.96498696498697,
    "AUC/AUC_class4": 66.64538330776566,
    "AUC/AUC_class5": 58.54217487421863,
    "AUC/AUC_class6": 57.74596273291925,
    "AUC/AUC_class7": 50.16651092510488,
    "AUC/AUC_class8": 56.930190515922675,
    "AUC/AUC_class9": 62.72178873516489,
    "AUC/AUC_class10": 56.746897759281346,
    "AUC/AUC_class11": 66.54042367872584,
    "AUC/AUC_class12": 70.20373027259683,
    "AUC/AUC_class13": 48.96231789696427,
    "AUC/AUC_class14": 55.11658813579798,
    "AUC/AUC_class15": 44.308551129155035,
    "AUC/AUC_class16": 90.920245398773,
    "AUC/AUC_class17": 49.03511123023318,
    "AUC/AUC_class18": 49.39498703543647,
    "AUC/AUC_class19": 74.65187119234116,
    "MAP_class1": 0.5543734299115421,
    "MAP_class2": 0.22902679144483534,
    "MAP_class3": 0.3271740550911908,
    "MAP_class4": 0.41069649543777775,
    "MAP_class5": 0.2411989907818058,
    "MAP_class6": 0.16932178446557977,
    "MAP_class7": 0.17445269577628958,
    "MAP_class8": 0.14425522056756285,
    "MAP_class9": 0.21197021388583492,
    "MAP_class10": 0.15826618939627235,
    "MAP_class11": 0.17147279906731275,
    "MAP_class12": 0.2763740156956599,
    "MAP_class13": 0.04796075142085454,
    "MAP_class14": 0.09081076955304694,
    "MAP_class15": 0.028127072441261336,
    "MAP_class16": 0.3775654498355757,
    "MAP_class17": 0.011371841792944766,
    "MAP_class18": 0.00413591676587725,
    "MAP_class19": 0.030116603414967764,
    "Aggregate": 39.824113780964346
}