{
    "multi-label/mAP": 22.555137634277344,
    "multi-label/precision": 26.10616111755371,
    "multi-label/recall": 18.44914436340332,
    "multi-label/f1-score": 19.5883846282959,
    "multi-label/precision_micro": 36.11388397216797,
    "multi-label/recall_micro": 26.79762840270996,
    "multi-label/f1-score_micro": 30.765954971313477,
    "AUC/AUC_multilabe": 64.01933278038415,
    "AUC/AUC_class1": 79.84247300174675,
    "AUC/AUC_class2": 53.43766650299314,
    "AUC/AUC_class3": 68.2061182061182,
    "AUC/AUC_class4": 78.14295783407272,
    "AUC/AUC_class5": 63.337589571581034,
    "AUC/AUC_class6": 57.384472049689435,
    "AUC/AUC_class7": 52.737737837246755,
    "AUC/AUC_class8": 66.47615074398554,
    "AUC/AUC_class9": 76.66120254409546,
    "AUC/AUC_class10": 54.971832415560684,
    "AUC/AUC_class11": 48.331103991041154,
    "AUC/AUC_class12": 72.54232424677188,
    "AUC/AUC_class13": 73.16269227638969,
    "AUC/AUC_class14": 54.66352543191978,
    "AUC/AUC_class15": 55.38695762496828,
    "AUC/AUC_class16": 91.5293602103418,
    "AUC/AUC_class17": 42.70972929509515,
    "AUC/AUC_class18": 61.27917026793431,
    "AUC/AUC_class19": 65.56425877574704,
    "MAP_class1": 0.6922510678362882,
    "MAP_class2": 0.19570776044054047,
    "MAP_class3": 0.39310655008978057,
    "MAP_class4": 0.511979654265849,
    "MAP_class5": 0.3054053003573944,
    "MAP_class6": 0.16451107288124237,
    "MAP_class7": 0.20297149311964785,
    "MAP_class8": 0.21250964576835749,
    "MAP_class9": 0.3026482371760281,
    "MAP_class10": 0.16117095079671684,
    "MAP_class11": 0.10367724509430562,
    "MAP_class12": 0.2857861783643693,
    "MAP_class13": 0.08908235255130323,
    "MAP_class14": 0.1034407156646644,
    "MAP_class15": 0.038326641832345874,
    "MAP_class16": 0.4723872627806846,
    "MAP_class17": 0.011618365994550819,
    "MAP_class18": 0.022581725019797362,
    "MAP_class19": 0.01631404857421661,
    "Aggregate": 43.28723551810808
}