{
    "multi-label/mAP": 25.672752380371094,
    "multi-label/precision": 27.507173538208008,
    "multi-label/recall": 20.287090301513672,
    "multi-label/f1-score": 21.432973861694336,
    "multi-label/precision_micro": 40.94368362426758,
    "multi-label/recall_micro": 29.91104507446289,
    "multi-label/f1-score_micro": 34.56842803955078,
    "AUC/AUC_multilabe": 67.766146074225,
    "AUC/AUC_class1": 81.82797618288686,
    "AUC/AUC_class2": 60.384563148382256,
    "AUC/AUC_class3": 65.97861597861598,
    "AUC/AUC_class4": 83.57643351714417,
    "AUC/AUC_class5": 67.50886186918737,
    "AUC/AUC_class6": 60.318012422360255,
    "AUC/AUC_class7": 55.41682406505358,
    "AUC/AUC_class8": 72.59143373661522,
    "AUC/AUC_class9": 76.31171726444167,
    "AUC/AUC_class10": 52.11193442789352,
    "AUC/AUC_class11": 64.13040097054157,
    "AUC/AUC_class12": 65.33428981348636,
    "AUC/AUC_class13": 74.73956213884594,
    "AUC/AUC_class14": 64.50304055414604,
    "AUC/AUC_class15": 51.06318193351941,
    "AUC/AUC_class16": 99.34268185801928,
    "AUC/AUC_class17": 49.45054945054945,
    "AUC/AUC_class18": 69.53327571305098,
    "AUC/AUC_class19": 73.43342036553526,
    "MAP_class1": 0.704772235190899,
    "MAP_class2": 0.24920089692433528,
    "MAP_class3": 0.3403188731929834,
    "MAP_class4": 0.5680360780069733,
    "MAP_class5": 0.3094411445944384,
    "MAP_class6": 0.19465500922516585,
    "MAP_class7": 0.22896169340023026,
    "MAP_class8": 0.2740829291389647,
    "MAP_class9": 0.3029062015926176,
    "MAP_class10": 0.14725156766352657,
    "MAP_class11": 0.22873425143699305,
    "MAP_class12": 0.185372966941545,
    "MAP_class13": 0.15172794612141513,
    "MAP_class14": 0.16409543364350532,
    "MAP_class15": 0.033766650389164404,
    "MAP_class16": 0.7078287149259858,
    "MAP_class17": 0.04920565048660586,
    "MAP_class18": 0.00891621877584075,
    "MAP_class19": 0.028548460998059084,
    "Aggregate": 46.71944914934737
}