{
    "multi-label/mAP": 25.680055618286133,
    "multi-label/precision": 30.339380264282227,
    "multi-label/recall": 16.521081924438477,
    "multi-label/f1-score": 20.074050903320312,
    "multi-label/precision_micro": 44.71392822265625,
    "multi-label/recall_micro": 26.649370193481445,
    "multi-label/f1-score_micro": 33.395263671875,
    "AUC/AUC_multilabe": 69.17983572363221,
    "AUC/AUC_class1": 85.61251290943632,
    "AUC/AUC_class2": 58.12848023903301,
    "AUC/AUC_class3": 69.69194469194468,
    "AUC/AUC_class4": 85.02384012604172,
    "AUC/AUC_class5": 63.081738832139045,
    "AUC/AUC_class6": 57.20621118012422,
    "AUC/AUC_class7": 58.343937014136024,
    "AUC/AUC_class8": 67.21596439994435,
    "AUC/AUC_class9": 78.51485148514851,
    "AUC/AUC_class10": 52.83896262085417,
    "AUC/AUC_class11": 69.00177310479982,
    "AUC/AUC_class12": 69.77546628407461,
    "AUC/AUC_class13": 76.94717994628469,
    "AUC/AUC_class14": 63.934195159276705,
    "AUC/AUC_class15": 55.666074600355245,
    "AUC/AUC_class16": 93.6108676599474,
    "AUC/AUC_class17": 61.739480032162966,
    "AUC/AUC_class18": 77.3552290406223,
    "AUC/AUC_class19": 70.72816942268638,
    "MAP_class1": 0.7825682385185768,
    "MAP_class2": 0.2082581118265283,
    "MAP_class3": 0.4145191418839575,
    "MAP_class4": 0.6088797889974873,
    "MAP_class5": 0.28311068133990125,
    "MAP_class6": 0.19027670980571448,
    "MAP_class7": 0.22150945785282244,
    "MAP_class8": 0.22385197969449488,
    "MAP_class9": 0.401320701814676,
    "MAP_class10": 0.14559453819127327,
    "MAP_class11": 0.20608856036639966,
    "MAP_class12": 0.24492737731051772,
    "MAP_class13": 0.17290316749597215,
    "MAP_class14": 0.13276998640099247,
    "MAP_class15": 0.03304047020751581,
    "MAP_class16": 0.48182796341327466,
    "MAP_class17": 0.02104013165458287,
    "MAP_class18": 0.028329765547758946,
    "MAP_class19": 0.07839364041866768,
    "Aggregate": 47.4299452637664
}