{
    "multi-label/mAP": 23.771799087524414,
    "multi-label/precision": 29.336181640625,
    "multi-label/recall": 20.4998722076416,
    "multi-label/f1-score": 21.849817276000977,
    "multi-label/precision_micro": 37.795955657958984,
    "multi-label/recall_micro": 32.542625427246094,
    "multi-label/f1-score_micro": 34.97311782836914,
    "AUC/AUC_multilabe": 65.7422189718051,
    "AUC/AUC_class1": 85.23766112889035,
    "AUC/AUC_class2": 60.08054827150304,
    "AUC/AUC_class3": 68.48166848166848,
    "AUC/AUC_class4": 80.76827397487457,
    "AUC/AUC_class5": 59.82857524012808,
    "AUC/AUC_class6": 61.52111801242236,
    "AUC/AUC_class7": 55.433226633795265,
    "AUC/AUC_class8": 67.24516757057432,
    "AUC/AUC_class9": 71.46744475772081,
    "AUC/AUC_class10": 46.02545233080417,
    "AUC/AUC_class11": 69.46215821071951,
    "AUC/AUC_class12": 67.82137733142036,
    "AUC/AUC_class13": 73.33767396435256,
    "AUC/AUC_class14": 63.12975715839073,
    "AUC/AUC_class15": 49.756407003298655,
    "AUC/AUC_class16": 92.79141104294477,
    "AUC/AUC_class17": 58.87161618868936,
    "AUC/AUC_class18": 48.81158167675022,
    "AUC/AUC_class19": 69.03104148534958,
    "MAP_class1": 0.7613213046688494,
    "MAP_class2": 0.23010796899697178,
    "MAP_class3": 0.40209992768379865,
    "MAP_class4": 0.5241692294103326,
    "MAP_class5": 0.25571385959702786,
    "MAP_class6": 0.2052811410092857,
    "MAP_class7": 0.21110122010284757,
    "MAP_class8": 0.22378933803241083,
    "MAP_class9": 0.25648085926277386,
    "MAP_class10": 0.12553356860938064,
    "MAP_class11": 0.20776205688682853,
    "MAP_class12": 0.26127464347479323,
    "MAP_class13": 0.11495519000728228,
    "MAP_class14": 0.14234924104093322,
    "MAP_class15": 0.031773320667331184,
    "MAP_class16": 0.5032255174202362,
    "MAP_class17": 0.021273504711047646,
    "MAP_class18": 0.007397545962229716,
    "MAP_class19": 0.03103593465940774,
    "Aggregate": 44.757018360123
}