{
    "multi-label/mAP": 24.07842445373535,
    "multi-label/precision": 27.624597549438477,
    "multi-label/recall": 14.756304740905762,
    "multi-label/f1-score": 17.254606246948242,
    "multi-label/precision_micro": 39.07710266113281,
    "multi-label/recall_micro": 24.796144485473633,
    "multi-label/f1-score_micro": 30.34013557434082,
    "AUC/AUC_multilabe": 64.38908006783055,
    "AUC/AUC_class1": 78.33892210988003,
    "AUC/AUC_class2": 55.90687324355667,
    "AUC/AUC_class3": 74.20634920634922,
    "AUC/AUC_class4": 76.12421742194951,
    "AUC/AUC_class5": 61.86442293032475,
    "AUC/AUC_class6": 54.02546583850931,
    "AUC/AUC_class7": 55.22098733522874,
    "AUC/AUC_class8": 66.92462800723126,
    "AUC/AUC_class9": 67.0893711887745,
    "AUC/AUC_class10": 58.8353592001421,
    "AUC/AUC_class11": 70.99496064951629,
    "AUC/AUC_class12": 67.9835007173601,
    "AUC/AUC_class13": 70.206315618133,
    "AUC/AUC_class14": 65.10209012927389,
    "AUC/AUC_class15": 45.53159096675971,
    "AUC/AUC_class16": 97.49342681858019,
    "AUC/AUC_class17": 40.84025730367194,
    "AUC/AUC_class18": 58.21089023336214,
    "AUC/AUC_class19": 58.49289237017696,
    "MAP_class1": 0.6695234971846428,
    "MAP_class2": 0.19796963076656227,
    "MAP_class3": 0.4602069082681873,
    "MAP_class4": 0.4913378865130006,
    "MAP_class5": 0.29121006668881333,
    "MAP_class6": 0.15462861922131405,
    "MAP_class7": 0.21370998821466802,
    "MAP_class8": 0.22484715960986346,
    "MAP_class9": 0.238295073407293,
    "MAP_class10": 0.17950634147378663,
    "MAP_class11": 0.2914632217746573,
    "MAP_class12": 0.23513726819431457,
    "MAP_class13": 0.08770702116468079,
    "MAP_class14": 0.15667949307824236,
    "MAP_class15": 0.02689015278468368,
    "MAP_class16": 0.5039177309639997,
    "MAP_class17": 0.010110364239853366,
    "MAP_class18": 0.010052434118204787,
    "MAP_class19": 0.1315100148065365,
    "Aggregate": 44.233231803581866
}