{
    "multi-label/mAP": 26.495960235595703,
    "multi-label/precision": 30.027240753173828,
    "multi-label/recall": 21.045692443847656,
    "multi-label/f1-score": 23.139911651611328,
    "multi-label/precision_micro": 43.68787384033203,
    "multi-label/recall_micro": 32.579689025878906,
    "multi-label/f1-score_micro": 37.32484436035156,
    "AUC/AUC_multilabe": 68.155910605512,
    "AUC/AUC_class1": 84.13159337506852,
    "AUC/AUC_class2": 60.13435159163802,
    "AUC/AUC_class3": 71.41207141207143,
    "AUC/AUC_class4": 85.61113644844313,
    "AUC/AUC_class5": 64.52346013111755,
    "AUC/AUC_class6": 65.58819875776398,
    "AUC/AUC_class7": 53.37495278048392,
    "AUC/AUC_class8": 72.10193297177027,
    "AUC/AUC_class9": 75.28096518261098,
    "AUC/AUC_class10": 55.80353744258635,
    "AUC/AUC_class11": 70.33937848010702,
    "AUC/AUC_class12": 72.47847919655666,
    "AUC/AUC_class13": 69.62643444290714,
    "AUC/AUC_class14": 63.34118642020056,
    "AUC/AUC_class15": 53.133722405480846,
    "AUC/AUC_class16": 96.3672217353199,
    "AUC/AUC_class17": 54.50951487536854,
    "AUC/AUC_class18": 58.42696629213483,
    "AUC/AUC_class19": 68.77719756309834,
    "MAP_class1": 0.7493412318063564,
    "MAP_class2": 0.2179359970679131,
    "MAP_class3": 0.4274265136628723,
    "MAP_class4": 0.6178454066514079,
    "MAP_class5": 0.31230935363569234,
    "MAP_class6": 0.24567053317528434,
    "MAP_class7": 0.22360051504027478,
    "MAP_class8": 0.26159439891277825,
    "MAP_class9": 0.32589316098825816,
    "MAP_class10": 0.1584874857558863,
    "MAP_class11": 0.2266688598931191,
    "MAP_class12": 0.2705154341919052,
    "MAP_class13": 0.11953698142292983,
    "MAP_class14": 0.13662223030282536,
    "MAP_class15": 0.03167931748280251,
    "MAP_class16": 0.6547064874884226,
    "MAP_class17": 0.017473698840420375,
    "MAP_class18": 0.006936927806493024,
    "MAP_class19": 0.029250039820926957,
    "Aggregate": 47.32399365524697
}