{
    "multi-label/mAP": 19.6932430267334,
    "multi-label/precision": 21.319242477416992,
    "multi-label/recall": 20.129047393798828,
    "multi-label/f1-score": 19.491912841796875,
    "multi-label/precision_micro": 28.729915618896484,
    "multi-label/recall_micro": 27.835433959960938,
    "multi-label/f1-score_micro": 28.275602340698242,
    "AUC/AUC_multilabe": 63.14323940553396,
    "AUC/AUC_class1": 58.98130203618468,
    "AUC/AUC_class2": 57.03831005338542,
    "AUC/AUC_class3": 59.52215952215953,
    "AUC/AUC_class4": 72.90683693353789,
    "AUC/AUC_class5": 66.03450411648117,
    "AUC/AUC_class6": 56.5832298136646,
    "AUC/AUC_class7": 50.96476927053304,
    "AUC/AUC_class8": 60.35878181059658,
    "AUC/AUC_class9": 64.84689528555504,
    "AUC/AUC_class10": 51.78331260943489,
    "AUC/AUC_class11": 61.449746477120726,
    "AUC/AUC_class12": 51.3428981348637,
    "AUC/AUC_class13": 74.67648734434769,
    "AUC/AUC_class14": 51.81225081551286,
    "AUC/AUC_class15": 60.614057345851315,
    "AUC/AUC_class16": 93.77300613496932,
    "AUC/AUC_class17": 57.819619404985254,
    "AUC/AUC_class18": 84.85306828003458,
    "AUC/AUC_class19": 64.3603133159269,
    "MAP_class1": 0.45579924212426615,
    "MAP_class2": 0.20372250508073908,
    "MAP_class3": 0.2969759785411112,
    "MAP_class4": 0.4502328841159454,
    "MAP_class5": 0.32009118112429547,
    "MAP_class6": 0.15314300627951638,
    "MAP_class7": 0.191602728035086,
    "MAP_class8": 0.16226771404867577,
    "MAP_class9": 0.2106992061930748,
    "MAP_class10": 0.14269583949472492,
    "MAP_class11": 0.16878340593356947,
    "MAP_class12": 0.12655202093649287,
    "MAP_class13": 0.10576439595770872,
    "MAP_class14": 0.08768886845400961,
    "MAP_class15": 0.0401457322205283,
    "MAP_class16": 0.5577756974761651,
    "MAP_class17": 0.016594879958124663,
    "MAP_class18": 0.0264481155285753,
    "MAP_class19": 0.021790117086964975,
    "Aggregate": 41.41049738326586
}