{
    "multi-label/mAP": 17.74785614013672,
    "multi-label/precision": 14.185803413391113,
    "multi-label/recall": 13.42853832244873,
    "multi-label/f1-score": 11.478404998779297,
    "multi-label/precision_micro": 32.903228759765625,
    "multi-label/recall_micro": 26.464048385620117,
    "multi-label/f1-score_micro": 29.334428787231445,
    "AUC/AUC_multilabe": 60.60797161347759,
    "AUC/AUC_class1": 76.08152388723846,
    "AUC/AUC_class2": 53.73541303189544,
    "AUC/AUC_class3": 65.89735339735341,
    "AUC/AUC_class4": 67.20510800613624,
    "AUC/AUC_class5": 61.72291889007471,
    "AUC/AUC_class6": 53.85527950310559,
    "AUC/AUC_class7": 48.7901862934171,
    "AUC/AUC_class8": 52.53511333611459,
    "AUC/AUC_class9": 60.0059012523769,
    "AUC/AUC_class10": 57.137691273124055,
    "AUC/AUC_class11": 46.95772544871995,
    "AUC/AUC_class12": 57.42682926829268,
    "AUC/AUC_class13": 60.78172051762024,
    "AUC/AUC_class14": 58.37561918569531,
    "AUC/AUC_class15": 50.88556204009135,
    "AUC/AUC_class16": 89.75021910604733,
    "AUC/AUC_class17": 61.518359689091405,
    "AUC/AUC_class18": 69.57649092480553,
    "AUC/AUC_class19": 59.31244560487381,
    "MAP_class1": 0.6419641199822419,
    "MAP_class2": 0.18482570432480439,
    "MAP_class3": 0.3526221866935024,
    "MAP_class4": 0.32748944999361895,
    "MAP_class5": 0.2844211409892464,
    "MAP_class6": 0.16201262076460005,
    "MAP_class7": 0.1682769767278366,
    "MAP_class8": 0.1224471221484686,
    "MAP_class9": 0.16712983290354294,
    "MAP_class10": 0.16619993682328185,
    "MAP_class11": 0.1011084433726869,
    "MAP_class12": 0.14642133013430858,
    "MAP_class13": 0.054320710479575436,
    "MAP_class14": 0.11010179919796016,
    "MAP_class15": 0.030786424433932487,
    "MAP_class16": 0.29178614662182106,
    "MAP_class17": 0.030550940036969475,
    "MAP_class18": 0.01468787647939731,
    "MAP_class19": 0.014939895643477604,
    "Aggregate": 39.17791385345267
}