{
    "multi-label/mAP": 22.177114486694336,
    "multi-label/precision": 22.099727630615234,
    "multi-label/recall": 25.608118057250977,
    "multi-label/f1-score": 22.385644912719727,
    "multi-label/precision_micro": 31.51041603088379,
    "multi-label/recall_micro": 35.8784294128418,
    "multi-label/f1-score_micro": 33.5528564453125,
    "AUC/AUC_multilabe": 68.01313763183062,
    "AUC/AUC_class1": 83.95946755747087,
    "AUC/AUC_class2": 61.96784337487855,
    "AUC/AUC_class3": 70.71205821205821,
    "AUC/AUC_class4": 79.41581325925617,
    "AUC/AUC_class5": 65.55782131422473,
    "AUC/AUC_class6": 58.619875776397514,
    "AUC/AUC_class7": 59.91112790027239,
    "AUC/AUC_class8": 67.3279098873592,
    "AUC/AUC_class9": 72.1198609927218,
    "AUC/AUC_class10": 53.33252975359707,
    "AUC/AUC_class11": 71.05639717547515,
    "AUC/AUC_class12": 65.39956958393113,
    "AUC/AUC_class13": 78.81907707332954,
    "AUC/AUC_class14": 60.700334259594854,
    "AUC/AUC_class15": 59.829992387718846,
    "AUC/AUC_class16": 88.46187554776512,
    "AUC/AUC_class17": 66.2020905923345,
    "AUC/AUC_class18": 58.68625756266206,
    "AUC/AUC_class19": 70.16971279373368,
    "MAP_class1": 0.757228714824904,
    "MAP_class2": 0.23939569083827228,
    "MAP_class3": 0.3912820066118913,
    "MAP_class4": 0.47735827365847316,
    "MAP_class5": 0.2784539993080476,
    "MAP_class6": 0.1727434618694648,
    "MAP_class7": 0.2274199162333529,
    "MAP_class8": 0.20481652971675796,
    "MAP_class9": 0.23746323980369125,
    "MAP_class10": 0.14093998456311177,
    "MAP_class11": 0.2069144794882938,
    "MAP_class12": 0.18512713616022197,
    "MAP_class13": 0.16359643497825452,
    "MAP_class14": 0.10150760542474602,
    "MAP_class15": 0.03932470232336882,
    "MAP_class16": 0.3275544399925796,
    "MAP_class17": 0.03417247823794158,
    "MAP_class18": 0.005988215277323098,
    "MAP_class19": 0.020339482283871987,
    "Aggregate": 45.08979721484839
}