{
    "multi-label/mAP": 21.327905654907227,
    "multi-label/precision": 23.161462783813477,
    "multi-label/recall": 18.861209869384766,
    "multi-label/f1-score": 18.249027252197266,
    "multi-label/precision_micro": 32.395687103271484,
    "multi-label/recall_micro": 25.61156463623047,
    "multi-label/f1-score_micro": 28.606914520263672,
    "AUC/AUC_multilabe": 59.57123854762573,
    "AUC/AUC_class1": 73.14614119417068,
    "AUC/AUC_class2": 60.65566919838277,
    "AUC/AUC_class3": 65.90477840477841,
    "AUC/AUC_class4": 79.86773912682948,
    "AUC/AUC_class5": 55.01505564872694,
    "AUC/AUC_class6": 51.629192546583845,
    "AUC/AUC_class7": 48.821003240749945,
    "AUC/AUC_class8": 69.0258656654151,
    "AUC/AUC_class9": 71.53104714444956,
    "AUC/AUC_class10": 44.99010328114294,
    "AUC/AUC_class11": 59.2139235387439,
    "AUC/AUC_class12": 39.60473457675753,
    "AUC/AUC_class13": 56.97281679824204,
    "AUC/AUC_class14": 56.62276992469091,
    "AUC/AUC_class15": 46.275057092108604,
    "AUC/AUC_class16": 95.3680981595092,
    "AUC/AUC_class17": 52.79415706244974,
    "AUC/AUC_class18": 50.216076058772686,
    "AUC/AUC_class19": 54.199303742384686,
    "MAP_class1": 0.59287177772808,
    "MAP_class2": 0.21968732079555092,
    "MAP_class3": 0.36340873748848757,
    "MAP_class4": 0.5310724021459472,
    "MAP_class5": 0.2134329869055886,
    "MAP_class6": 0.16374836346961608,
    "MAP_class7": 0.2063031706487447,
    "MAP_class8": 0.24148638922558072,
    "MAP_class9": 0.25602089868739375,
    "MAP_class10": 0.12325726875805124,
    "MAP_class11": 0.14969689922286272,
    "MAP_class12": 0.09751407169266049,
    "MAP_class13": 0.05247644188406117,
    "MAP_class14": 0.10224222455203438,
    "MAP_class15": 0.031123805166480407,
    "MAP_class16": 0.6401565458282613,
    "MAP_class17": 0.050919913983958814,
    "MAP_class18": 0.005137004330593635,
    "MAP_class19": 0.011745452003186087,
    "Aggregate": 40.449571048857976
}