{
    "multi-label/mAP": 24.90650177001953,
    "multi-label/precision": 26.147336959838867,
    "multi-label/recall": 25.523794174194336,
    "multi-label/f1-score": 24.190340042114258,
    "multi-label/precision_micro": 34.43754196166992,
    "multi-label/recall_micro": 36.99036407470703,
    "multi-label/f1-score_micro": 35.6683349609375,
    "AUC/AUC_multilabe": 67.4576634391622,
    "AUC/AUC_class1": 78.6667580421007,
    "AUC/AUC_class2": 55.7162109925929,
    "AUC/AUC_class3": 74.14818664818664,
    "AUC/AUC_class4": 80.98884696712136,
    "AUC/AUC_class5": 64.00175331605426,
    "AUC/AUC_class6": 58.62795031055901,
    "AUC/AUC_class7": 57.432848877666665,
    "AUC/AUC_class8": 68.63996662494785,
    "AUC/AUC_class9": 65.92420169169235,
    "AUC/AUC_class10": 53.99611744106376,
    "AUC/AUC_class11": 79.36199334308021,
    "AUC/AUC_class12": 63.10688665710187,
    "AUC/AUC_class13": 68.60502970619355,
    "AUC/AUC_class14": 73.21593975272846,
    "AUC/AUC_class15": 49.34026896726719,
    "AUC/AUC_class16": 95.56967572304995,
    "AUC/AUC_class17": 43.520503886357545,
    "AUC/AUC_class18": 77.31201382886776,
    "AUC/AUC_class19": 73.52045256744995,
    "MAP_class1": 0.6569498389283343,
    "MAP_class2": 0.2073977088647766,
    "MAP_class3": 0.4481202090108243,
    "MAP_class4": 0.516205723186279,
    "MAP_class5": 0.304274265860886,
    "MAP_class6": 0.17819805765460625,
    "MAP_class7": 0.22749439301857527,
    "MAP_class8": 0.23487280439171193,
    "MAP_class9": 0.20014912803675527,
    "MAP_class10": 0.14594680800122256,
    "MAP_class11": 0.3239408614907551,
    "MAP_class12": 0.16761382476170517,
    "MAP_class13": 0.08260863180047257,
    "MAP_class14": 0.22880471845584188,
    "MAP_class15": 0.031837062993771516,
    "MAP_class16": 0.7251508806305045,
    "MAP_class17": 0.011526766053228598,
    "MAP_class18": 0.009080783364590445,
    "MAP_class19": 0.03199982214082833,
    "Aggregate": 46.18191668970128
}