{
    "multi-label/mAP": 19.455429077148438,
    "multi-label/precision": 21.4147891998291,
    "multi-label/recall": 16.325069427490234,
    "multi-label/f1-score": 15.748960494995117,
    "multi-label/precision_micro": 31.744644165039062,
    "multi-label/recall_micro": 26.90882110595703,
    "multi-label/f1-score_micro": 29.127382278442383,
    "AUC/AUC_multilabe": 59.8568948451269,
    "AUC/AUC_class1": 76.26384975328632,
    "AUC/AUC_class2": 55.06952642631035,
    "AUC/AUC_class3": 65.6003531003531,
    "AUC/AUC_class4": 73.62908909987976,
    "AUC/AUC_class5": 65.84130583930478,
    "AUC/AUC_class6": 52.53229813664596,
    "AUC/AUC_class7": 46.0889814501859,
    "AUC/AUC_class8": 51.77930746766792,
    "AUC/AUC_class9": 65.22654252180185,
    "AUC/AUC_class10": 57.84314969421677,
    "AUC/AUC_class11": 63.501259837620935,
    "AUC/AUC_class12": 54.19081779053084,
    "AUC/AUC_class13": 62.370798404818096,
    "AUC/AUC_class14": 46.5537030324997,
    "AUC/AUC_class15": 43.9812230398376,
    "AUC/AUC_class16": 93.71603856266432,
    "AUC/AUC_class17": 59.280353792548915,
    "AUC/AUC_class18": 42.02679343128781,
    "AUC/AUC_class19": 61.785610675950096,
    "MAP_class1": 0.6482414034038244,
    "MAP_class2": 0.19964563698660628,
    "MAP_class3": 0.34372819743588773,
    "MAP_class4": 0.4176594873037286,
    "MAP_class5": 0.31051195034236184,
    "MAP_class6": 0.15559227243646184,
    "MAP_class7": 0.16389408152795537,
    "MAP_class8": 0.1254533830046503,
    "MAP_class9": 0.22884915309073212,
    "MAP_class10": 0.17854614430874738,
    "MAP_class11": 0.17288403289732546,
    "MAP_class12": 0.13250819016114646,
    "MAP_class13": 0.06095429491908735,
    "MAP_class14": 0.07942505407808947,
    "MAP_class15": 0.02838635492964338,
    "MAP_class16": 0.4125480422456055,
    "MAP_class17": 0.017138655599576474,
    "MAP_class18": 0.004800325566660181,
    "MAP_class19": 0.015764572808478934,
    "Aggregate": 39.65616119373863
}