{
    "multi-label/mAP": 26.410099029541016,
    "multi-label/precision": 28.319494247436523,
    "multi-label/recall": 20.28935432434082,
    "multi-label/f1-score": 22.345245361328125,
    "multi-label/precision_micro": 43.08943176269531,
    "multi-label/recall_micro": 31.430688858032227,
    "multi-label/f1-score_micro": 36.348052978515625,
    "AUC/AUC_multilabe": 68.54397452882421,
    "AUC/AUC_class1": 81.94240797643788,
    "AUC/AUC_class2": 59.533634910519325,
    "AUC/AUC_class3": 75.505313005313,
    "AUC/AUC_class4": 82.39189021103695,
    "AUC/AUC_class5": 61.67575087665802,
    "AUC/AUC_class6": 59.9751552795031,
    "AUC/AUC_class7": 53.329721454559916,
    "AUC/AUC_class8": 69.59254623835352,
    "AUC/AUC_class9": 78.6361550062291,
    "AUC/AUC_class10": 55.53581850940188,
    "AUC/AUC_class11": 71.95850312626374,
    "AUC/AUC_class12": 71.80703012912481,
    "AUC/AUC_class13": 73.84837633270938,
    "AUC/AUC_class14": 63.135797994442434,
    "AUC/AUC_class15": 49.946714031971574,
    "AUC/AUC_class16": 97.7125328659071,
    "AUC/AUC_class17": 60.29214687751273,
    "AUC/AUC_class18": 67.76145203111496,
    "AUC/AUC_class19": 67.75456919060052,
    "MAP_class1": 0.7122088696556543,
    "MAP_class2": 0.23253993918623667,
    "MAP_class3": 0.49688129370811096,
    "MAP_class4": 0.5363746211031593,
    "MAP_class5": 0.26845875861612833,
    "MAP_class6": 0.18320036696373915,
    "MAP_class7": 0.22598728154399114,
    "MAP_class8": 0.24685616185105458,
    "MAP_class9": 0.3432666216490058,
    "MAP_class10": 0.16497412571962028,
    "MAP_class11": 0.2404864251911994,
    "MAP_class12": 0.24231456342100594,
    "MAP_class13": 0.1133839630792248,
    "MAP_class14": 0.12665867015739607,
    "MAP_class15": 0.02937316066847772,
    "MAP_class16": 0.6601092583720658,
    "MAP_class17": 0.0336214574302596,
    "MAP_class18": 0.130651937063575,
    "MAP_class19": 0.030571846165222565,
    "Aggregate": 47.47703811058349
}