{
    "multi-label/mAP": 17.88591957092285,
    "multi-label/precision": 13.185528755187988,
    "multi-label/recall": 8.596051216125488,
    "multi-label/f1-score": 8.820725440979004,
    "multi-label/precision_micro": 34.7949104309082,
    "multi-label/recall_micro": 18.235729217529297,
    "multi-label/f1-score_micro": 23.929960250854492,
    "AUC/AUC_multilabe": 57.798837323041475,
    "AUC/AUC_class1": 66.16245489666078,
    "AUC/AUC_class2": 55.61852923661969,
    "AUC/AUC_class3": 58.847308847308845,
    "AUC/AUC_class4": 71.88233343007587,
    "AUC/AUC_class5": 50.557440158560766,
    "AUC/AUC_class6": 55.292546583850935,
    "AUC/AUC_class7": 59.07559098952224,
    "AUC/AUC_class8": 64.10374078709498,
    "AUC/AUC_class9": 61.18287325421284,
    "AUC/AUC_class10": 50.56017966351156,
    "AUC/AUC_class11": 64.78131707468815,
    "AUC/AUC_class12": 66.26542324246772,
    "AUC/AUC_class13": 50.17701635875314,
    "AUC/AUC_class14": 51.90185655027989,
    "AUC/AUC_class15": 50.710479573712256,
    "AUC/AUC_class16": 87.4715162138475,
    "AUC/AUC_class17": 53.08228357008845,
    "AUC/AUC_class18": 42.67502160760588,
    "AUC/AUC_class19": 37.829997098926604,
    "MAP_class1": 0.5511838067217159,
    "MAP_class2": 0.20554197377692524,
    "MAP_class3": 0.2804902410914053,
    "MAP_class4": 0.41716677306157474,
    "MAP_class5": 0.19792869012283568,
    "MAP_class6": 0.1594390251243265,
    "MAP_class7": 0.2253398606283179,
    "MAP_class8": 0.17711853395210148,
    "MAP_class9": 0.200819837649239,
    "MAP_class10": 0.15140892654186935,
    "MAP_class11": 0.20481423745780533,
    "MAP_class12": 0.21033251189749633,
    "MAP_class13": 0.038482803810927585,
    "MAP_class14": 0.08898778419829598,
    "MAP_class15": 0.03125009420674091,
    "MAP_class16": 0.23074788910837885,
    "MAP_class17": 0.014665986997515507,
    "MAP_class18": 0.0038676118562488114,
    "MAP_class19": 0.008720607738536203,
    "Aggregate": 37.842332335052994
}