{
    "multi-label/mAP": 23.171865463256836,
    "multi-label/precision": 25.967262268066406,
    "multi-label/recall": 18.49445152282715,
    "multi-label/f1-score": 20.289976119995117,
    "multi-label/precision_micro": 43.14720916748047,
    "multi-label/recall_micro": 28.354337692260742,
    "multi-label/f1-score_micro": 34.22053146362305,
    "AUC/AUC_multilabe": 64.51149339611575,
    "AUC/AUC_class1": 85.39751501319631,
    "AUC/AUC_class2": 53.52855754865805,
    "AUC/AUC_class3": 69.47414447414447,
    "AUC/AUC_class4": 83.26278038061278,
    "AUC/AUC_class5": 63.62965009910047,
    "AUC/AUC_class6": 56.81987577639751,
    "AUC/AUC_class7": 54.42919060778972,
    "AUC/AUC_class8": 63.67751355861494,
    "AUC/AUC_class9": 77.17723427971936,
    "AUC/AUC_class10": 53.683990154033545,
    "AUC/AUC_class11": 61.786480853578865,
    "AUC/AUC_class12": 67.24246771879484,
    "AUC/AUC_class13": 75.63888662814355,
    "AUC/AUC_class14": 60.151624984897914,
    "AUC/AUC_class15": 57.10225831007358,
    "AUC/AUC_class16": 94.88606485539002,
    "AUC/AUC_class17": 50.26132404181185,
    "AUC/AUC_class18": 49.17891097666379,
    "AUC/AUC_class19": 48.38990426457789,
    "MAP_class1": 0.7666947085083057,
    "MAP_class2": 0.18828123760135057,
    "MAP_class3": 0.39120871970281335,
    "MAP_class4": 0.5641478424014477,
    "MAP_class5": 0.3046947296898409,
    "MAP_class6": 0.1678720388381598,
    "MAP_class7": 0.20439346277242787,
    "MAP_class8": 0.19670172804813785,
    "MAP_class9": 0.3231707744490004,
    "MAP_class10": 0.16970541716995777,
    "MAP_class11": 0.14987917879169754,
    "MAP_class12": 0.23008546624114468,
    "MAP_class13": 0.11824951425940107,
    "MAP_class14": 0.1101824735963341,
    "MAP_class15": 0.036434424950000925,
    "MAP_class16": 0.43793410161687535,
    "MAP_class17": 0.016035527249875507,
    "MAP_class18": 0.004518973589607135,
    "MAP_class19": 0.016640924541387363,
    "Aggregate": 43.82635523494673
}