{
    "multi-label/mAP": 25.21144676208496,
    "multi-label/precision": 25.057125091552734,
    "multi-label/recall": 17.30854034423828,
    "multi-label/f1-score": 19.249727249145508,
    "multi-label/precision_micro": 42.800899505615234,
    "multi-label/recall_micro": 28.206077575683594,
    "multi-label/f1-score_micro": 34.00357437133789,
    "AUC/AUC_multilabe": 68.91688495504866,
    "AUC/AUC_class1": 78.44634137012152,
    "AUC/AUC_class2": 59.96092729761071,
    "AUC/AUC_class3": 70.83044583044583,
    "AUC/AUC_class4": 81.0041875699656,
    "AUC/AUC_class5": 69.50659399298674,
    "AUC/AUC_class6": 50.81304347826088,
    "AUC/AUC_class7": 57.061057319522035,
    "AUC/AUC_class8": 70.55555555555556,
    "AUC/AUC_class9": 73.94334797718182,
    "AUC/AUC_class10": 47.519476235186644,
    "AUC/AUC_class11": 69.21641210688398,
    "AUC/AUC_class12": 67.11406025824964,
    "AUC/AUC_class13": 79.3440221372182,
    "AUC/AUC_class14": 66.00821553703032,
    "AUC/AUC_class15": 56.838365896980456,
    "AUC/AUC_class16": 96.31463628396145,
    "AUC/AUC_class17": 62.12811578665237,
    "AUC/AUC_class18": 85.13396715643906,
    "AUC/AUC_class19": 67.6820423556716,
    "MAP_class1": 0.6560438389864595,
    "MAP_class2": 0.24026110486254854,
    "MAP_class3": 0.4157886438978531,
    "MAP_class4": 0.525963491288239,
    "MAP_class5": 0.3774915082048697,
    "MAP_class6": 0.1435850789336054,
    "MAP_class7": 0.2145738392746268,
    "MAP_class8": 0.24421671791757518,
    "MAP_class9": 0.28923700094903465,
    "MAP_class10": 0.13218927585683676,
    "MAP_class11": 0.23004262206898857,
    "MAP_class12": 0.21260601629448136,
    "MAP_class13": 0.17878587596559192,
    "MAP_class14": 0.12636392709982086,
    "MAP_class15": 0.038402165996889726,
    "MAP_class16": 0.648007585352533,
    "MAP_class17": 0.06711953960948508,
    "MAP_class18": 0.022417789558165074,
    "MAP_class19": 0.027078848100258048,
    "Aggregate": 47.064165820202916
}