{
    "multi-label/mAP": 19.168899536132812,
    "multi-label/precision": 19.297880172729492,
    "multi-label/recall": 11.472672462463379,
    "multi-label/f1-score": 11.842673301696777,
    "multi-label/precision_micro": 17.08568572998047,
    "multi-label/recall_micro": 12.342475891113281,
    "multi-label/f1-score_micro": 14.331827163696289,
    "AUC/AUC_multilabe": 60.47423703205328,
    "AUC/AUC_class1": 70.7226734326988,
    "AUC/AUC_class2": 56.240662773326086,
    "AUC/AUC_class3": 62.78916278916279,
    "AUC/AUC_class4": 72.73891952402668,
    "AUC/AUC_class5": 37.930229455709714,
    "AUC/AUC_class6": 55.86832298136646,
    "AUC/AUC_class7": 57.549158001471255,
    "AUC/AUC_class8": 49.21568627450981,
    "AUC/AUC_class9": 58.857779817716875,
    "AUC/AUC_class10": 52.96140279645749,
    "AUC/AUC_class11": 51.128410116029485,
    "AUC/AUC_class12": 60.548063127690114,
    "AUC/AUC_class13": 62.94457556767314,
    "AUC/AUC_class14": 60.37815633683701,
    "AUC/AUC_class15": 56.45013955848769,
    "AUC/AUC_class16": 95.2410166520596,
    "AUC/AUC_class17": 71.14714553738945,
    "AUC/AUC_class18": 43.431287813310284,
    "AUC/AUC_class19": 72.86771105308965,
    "MAP_class1": 0.5737561868775511,
    "MAP_class2": 0.20445144431098627,
    "MAP_class3": 0.30875514717217345,
    "MAP_class4": 0.4412951742540589,
    "MAP_class5": 0.14705040836307373,
    "MAP_class6": 0.1744060782687566,
    "MAP_class7": 0.23098303038712598,
    "MAP_class8": 0.1263412336567625,
    "MAP_class9": 0.1684844601200351,
    "MAP_class10": 0.14357400900379463,
    "MAP_class11": 0.11835361938562645,
    "MAP_class12": 0.15077140445320814,
    "MAP_class13": 0.07707281078908154,
    "MAP_class14": 0.09936011422406796,
    "MAP_class15": 0.03401460043099982,
    "MAP_class16": 0.5854435583014285,
    "MAP_class17": 0.02902005427146109,
    "MAP_class18": 0.0036368067223643222,
    "MAP_class19": 0.025320800710026226,
    "Aggregate": 39.82156836261238
}