{
    "multi-label/mAP": 18.238460540771484,
    "multi-label/precision": 19.532453536987305,
    "multi-label/recall": 44.938079833984375,
    "multi-label/f1-score": 26.280851364135742,
    "multi-label/precision_micro": 26.05242156982422,
    "multi-label/recall_micro": 67.35112762451172,
    "multi-label/f1-score_micro": 37.571590423583984,
    "AUC/AUC_multilabe": 60.30021427890301,
    "AUC/AUC_class1": 64.89497988976612,
    "AUC/AUC_class2": 46.09598217337216,
    "AUC/AUC_class3": 65.10494752623688,
    "AUC/AUC_class4": 65.10494752623688,
    "MAP_class1": 0.33968767665666655,
    "MAP_class2": 0.22679338022605297,
    "MAP_class3": 0.16304828570888996,
    "MAP_class4": -0.0,
    "Aggregate": 39.269223921846624
}