{
    "multi-label/mAP": 20.565357208251953,
    "multi-label/precision": 23.72880744934082,
    "multi-label/recall": 7.5484538078308105,
    "multi-label/f1-score": 9.4536714553833,
    "multi-label/precision_micro": 36.66666793823242,
    "multi-label/recall_micro": 13.454410552978516,
    "multi-label/f1-score_micro": 19.685466766357422,
    "AUC/AUC_multilabe": 58.837983364212995,
    "AUC/AUC_class1": 75.983348420905,
    "AUC/AUC_class2": 55.367272955212655,
    "AUC/AUC_class3": 70.77640827640828,
    "AUC/AUC_class4": 70.06550852025374,
    "AUC/AUC_class5": 49.173368653758196,
    "AUC/AUC_class6": 53.26832298136645,
    "AUC/AUC_class7": 50.324074994532474,
    "AUC/AUC_class8": 67.99610624391602,
    "AUC/AUC_class9": 68.69647891941513,
    "AUC/AUC_class10": 46.22973075849469,
    "AUC/AUC_class11": 52.40224593274645,
    "AUC/AUC_class12": 43.55595408895265,
    "AUC/AUC_class13": 64.64352567754537,
    "AUC/AUC_class14": 57.35371108694777,
    "AUC/AUC_class15": 50.411063181933514,
    "AUC/AUC_class16": 90.56091148115688,
    "AUC/AUC_class17": 50.22112034307157,
    "AUC/AUC_class18": 49.93517718236819,
    "AUC/AUC_class19": 50.9573542210618,
    "MAP_class1": 0.6309577736483661,
    "MAP_class2": 0.2099478061856611,
    "MAP_class3": 0.4477902457210997,
    "MAP_class4": 0.42955217357241143,
    "MAP_class5": 0.18794622080173562,
    "MAP_class6": 0.15710049068073892,
    "MAP_class7": 0.18760193402133757,
    "MAP_class8": 0.24225434857460693,
    "MAP_class9": 0.20605533376401725,
    "MAP_class10": 0.1316166922326565,
    "MAP_class11": 0.13561125027489057,
    "MAP_class12": 0.09652555431981875,
    "MAP_class13": 0.10458756379213997,
    "MAP_class14": 0.10741868163824174,
    "MAP_class15": 0.03926883785554734,
    "MAP_class16": 0.5453453604913209,
    "MAP_class17": 0.019440145919564944,
    "MAP_class18": 0.007049843688386813,
    "MAP_class19": 0.021347257431147255,
    "Aggregate": 39.701669352142524
}