{
    "multi-label/mAP": 22.82312774658203,
    "multi-label/precision": 17.779754638671875,
    "multi-label/recall": 61.5532341003418,
    "multi-label/f1-score": 26.495756149291992,
    "multi-label/precision_micro": 20.909809112548828,
    "multi-label/recall_micro": 78.53965759277344,
    "multi-label/f1-score_micro": 33.02680969238281,
    "AUC/AUC_multilabe": 64.65664964809747,
    "AUC/AUC_class1": 84.2581377261542,
    "AUC/AUC_class2": 60.8870757111963,
    "AUC/AUC_class3": 70.15312015312016,
    "AUC/AUC_class4": 79.73630747543432,
    "AUC/AUC_class5": 63.023136148803175,
    "AUC/AUC_class6": 62.55155279503105,
    "AUC/AUC_class7": 54.46149869773544,
    "AUC/AUC_class8": 64.3269364483382,
    "AUC/AUC_class9": 70.92452953904662,
    "AUC/AUC_class10": 45.883345598497726,
    "AUC/AUC_class11": 72.0106075216972,
    "AUC/AUC_class12": 66.59397417503587,
    "AUC/AUC_class13": 70.46878815007732,
    "AUC/AUC_class14": 61.45342515404132,
    "AUC/AUC_class15": 50.82720121796499,
    "AUC/AUC_class16": 93.16827344434707,
    "AUC/AUC_class17": 56.58000536049316,
    "AUC/AUC_class18": 44.68452895419188,
    "AUC/AUC_class19": 56.48389904264577,
    "MAP_class1": 0.750846826974955,
    "MAP_class2": 0.23144204045130015,
    "MAP_class3": 0.407300592386591,
    "MAP_class4": 0.5194023830568499,
    "MAP_class5": 0.26516673087801146,
    "MAP_class6": 0.22188537720487372,
    "MAP_class7": 0.20816857020343893,
    "MAP_class8": 0.2048286684109535,
    "MAP_class9": 0.2452747311238756,
    "MAP_class10": 0.12066596821626559,
    "MAP_class11": 0.2667721547031263,
    "MAP_class12": 0.20480615768027907,
    "MAP_class13": 0.07903783439528339,
    "MAP_class14": 0.13524423330552426,
    "MAP_class15": 0.03342159554779443,
    "MAP_class16": 0.39551695072060317,
    "MAP_class17": 0.015592846473290012,
    "MAP_class18": 0.009718952947459308,
    "MAP_class19": 0.02130116291315608,
    "Aggregate": 43.73988739666355
}