{
    "multi-label/mAP": 23.522512435913086,
    "multi-label/precision": 27.945838928222656,
    "multi-label/recall": 18.56670570373535,
    "multi-label/f1-score": 20.25278663635254,
    "multi-label/precision_micro": 36.47285079956055,
    "multi-label/recall_micro": 28.13195037841797,
    "multi-label/f1-score_micro": 31.763967514038086,
    "AUC/AUC_multilabe": 66.38578291825164,
    "AUC/AUC_class1": 79.63624077214368,
    "AUC/AUC_class2": 59.55714121543267,
    "AUC/AUC_class3": 65.1107151107151,
    "AUC/AUC_class4": 77.14084331854554,
    "AUC/AUC_class5": 63.205614422930324,
    "AUC/AUC_class6": 56.32919254658386,
    "AUC/AUC_class7": 59.57462671729924,
    "AUC/AUC_class8": 71.36629119732999,
    "AUC/AUC_class9": 69.70559307586387,
    "AUC/AUC_class10": 58.17050270256553,
    "AUC/AUC_class11": 68.35474538837217,
    "AUC/AUC_class12": 69.40602582496412,
    "AUC/AUC_class13": 77.49654105965654,
    "AUC/AUC_class14": 53.68893721557729,
    "AUC/AUC_class15": 52.801319462065464,
    "AUC/AUC_class16": 95.56967572304995,
    "AUC/AUC_class17": 52.546234253551326,
    "AUC/AUC_class18": 71.24027657735523,
    "AUC/AUC_class19": 60.429358862779225,
    "MAP_class1": 0.6734054406919954,
    "MAP_class2": 0.2220633908440821,
    "MAP_class3": 0.35307043245652303,
    "MAP_class4": 0.4945919948158869,
    "MAP_class5": 0.3096287834255339,
    "MAP_class6": 0.16736852999862406,
    "MAP_class7": 0.24630894775924383,
    "MAP_class8": 0.2430764850586416,
    "MAP_class9": 0.2927028383192954,
    "MAP_class10": 0.18708635943218324,
    "MAP_class11": 0.20432829854521656,
    "MAP_class12": 0.25317850087951715,
    "MAP_class13": 0.16692111516339472,
    "MAP_class14": 0.1044216689956794,
    "MAP_class15": 0.03253077396241895,
    "MAP_class16": 0.4787882613688154,
    "MAP_class17": 0.012771271827248142,
    "MAP_class18": 0.00853481563786998,
    "MAP_class19": 0.018499213871267958,
    "Aggregate": 44.954147046108545
}