{
    "multi-label/mAP": 25.209579467773438,
    "multi-label/precision": 25.1239070892334,
    "multi-label/recall": 23.78375816345215,
    "multi-label/f1-score": 22.905834197998047,
    "multi-label/precision_micro": 39.83708190917969,
    "multi-label/recall_micro": 38.06523513793945,
    "multi-label/f1-score_micro": 38.931007385253906,
    "AUC/AUC_multilabe": 66.92466995341643,
    "AUC/AUC_class1": 84.25941273221046,
    "AUC/AUC_class2": 56.98764090723889,
    "AUC/AUC_class3": 70.41485166485167,
    "AUC/AUC_class4": 86.44222397280153,
    "AUC/AUC_class5": 66.00734677542309,
    "AUC/AUC_class6": 60.218633540372664,
    "AUC/AUC_class7": 55.381533689882104,
    "AUC/AUC_class8": 65.93936865526354,
    "AUC/AUC_class9": 73.62861451708085,
    "AUC/AUC_class10": 54.265105184358106,
    "AUC/AUC_class11": 72.7354029925032,
    "AUC/AUC_class12": 74.35437589670015,
    "AUC/AUC_class13": 63.35354439651665,
    "AUC/AUC_class14": 59.8143449720108,
    "AUC/AUC_class15": 50.45419944176606,
    "AUC/AUC_class16": 96.83610867659948,
    "AUC/AUC_class17": 52.0101849370142,
    "AUC/AUC_class18": 63.67761452031115,
    "AUC/AUC_class19": 64.78822164200754,
    "MAP_class1": 0.7542767292937842,
    "MAP_class2": 0.20697416912128602,
    "MAP_class3": 0.42573640028635196,
    "MAP_class4": 0.6534264647005964,
    "MAP_class5": 0.2820844420325681,
    "MAP_class6": 0.21312944522687016,
    "MAP_class7": 0.22826360268770898,
    "MAP_class8": 0.20649319476699945,
    "MAP_class9": 0.27408236329278557,
    "MAP_class10": 0.15401228317270524,
    "MAP_class11": 0.2759413750977334,
    "MAP_class12": 0.2692590669429245,
    "MAP_class13": 0.0848283352572983,
    "MAP_class14": 0.12233604977011958,
    "MAP_class15": 0.029846124581996158,
    "MAP_class16": 0.5747108116323228,
    "MAP_class17": 0.012177517359372184,
    "MAP_class18": 0.006538326253023911,
    "MAP_class19": 0.016025147839777314,
    "Aggregate": 46.067971422277225
}