{
    "multi-label/mAP": 19.899755477905273,
    "multi-label/precision": 21.484464645385742,
    "multi-label/recall": 9.878887176513672,
    "multi-label/f1-score": 11.940930366516113,
    "multi-label/precision_micro": 32.80815505981445,
    "multi-label/recall_micro": 13.120830535888672,
    "multi-label/f1-score_micro": 18.74503517150879,
    "AUC/AUC_multilabe": 61.09528771635818,
    "AUC/AUC_class1": 72.79328326809554,
    "AUC/AUC_class2": 57.49433236870423,
    "AUC/AUC_class3": 64.31747681747682,
    "AUC/AUC_class4": 72.55649073344667,
    "AUC/AUC_class5": 52.59281140417747,
    "AUC/AUC_class6": 57.301863354037266,
    "AUC/AUC_class7": 55.14742429966002,
    "AUC/AUC_class8": 62.81671533861771,
    "AUC/AUC_class9": 68.82696216641531,
    "AUC/AUC_class10": 50.40919126043596,
    "AUC/AUC_class11": 48.55429744610695,
    "AUC/AUC_class12": 47.142754662840744,
    "AUC/AUC_class13": 55.29421339627248,
    "AUC/AUC_class14": 59.29684668358101,
    "AUC/AUC_class15": 50.15732047703628,
    "AUC/AUC_class16": 91.98510078878176,
    "AUC/AUC_class17": 58.18815331010453,
    "AUC/AUC_class18": 64.84442523768365,
    "AUC/AUC_class19": 71.09080359733102,
    "MAP_class1": 0.5998087945444424,
    "MAP_class2": 0.20135879172086185,
    "MAP_class3": 0.36085032365889513,
    "MAP_class4": 0.43001913291048266,
    "MAP_class5": 0.21059750906361535,
    "MAP_class6": 0.16438134260371626,
    "MAP_class7": 0.2140143217758951,
    "MAP_class8": 0.222428082610725,
    "MAP_class9": 0.24310987921120603,
    "MAP_class10": 0.1601985091956361,
    "MAP_class11": 0.13024046123327349,
    "MAP_class12": 0.10455025805618899,
    "MAP_class13": 0.06027723253840557,
    "MAP_class14": 0.10215286567936933,
    "MAP_class15": 0.03156270255087708,
    "MAP_class16": 0.49015254212547754,
    "MAP_class17": 0.030143008104220707,
    "MAP_class18": 0.006435854996724529,
    "MAP_class19": 0.018671677468902036,
    "Aggregate": 40.49752093725518
}