{
    "multi-label/mAP": 20.442140579223633,
    "multi-label/precision": 22.796024322509766,
    "multi-label/recall": 16.006855010986328,
    "multi-label/f1-score": 14.904158592224121,
    "multi-label/precision_micro": 24.11504364013672,
    "multi-label/recall_micro": 20.20014762878418,
    "multi-label/f1-score_micro": 21.984668731689453,
    "AUC/AUC_multilabe": 58.01211604110139,
    "AUC/AUC_class1": 70.43324705792352,
    "AUC/AUC_class2": 54.60410158902621,
    "AUC/AUC_class3": 64.0586328086328,
    "AUC/AUC_class4": 74.44794560305155,
    "AUC/AUC_class5": 53.134052447019364,
    "AUC/AUC_class6": 56.56211180124223,
    "AUC/AUC_class7": 52.660198421377025,
    "AUC/AUC_class8": 62.117925184258105,
    "AUC/AUC_class9": 63.123073896793656,
    "AUC/AUC_class10": 47.703453701119095,
    "AUC/AUC_class11": 46.342582511587395,
    "AUC/AUC_class12": 43.11334289813487,
    "AUC/AUC_class13": 64.75339790021975,
    "AUC/AUC_class14": 56.68015786718216,
    "AUC/AUC_class15": 41.6696269982238,
    "AUC/AUC_class16": 94.28571428571428,
    "AUC/AUC_class17": 55.41409809702493,
    "AUC/AUC_class18": 48.617113223854794,
    "AUC/AUC_class19": 52.50942848854076,
    "MAP_class1": 0.5819720304446947,
    "MAP_class2": 0.20632223086026202,
    "MAP_class3": 0.3631096064106297,
    "MAP_class4": 0.47313546757549657,
    "MAP_class5": 0.2316636467704271,
    "MAP_class6": 0.15966862275386334,
    "MAP_class7": 0.22410135110290857,
    "MAP_class8": 0.17838584133298155,
    "MAP_class9": 0.1784555702306351,
    "MAP_class10": 0.1284737439140332,
    "MAP_class11": 0.12540787981892343,
    "MAP_class12": 0.1002167887718676,
    "MAP_class13": 0.09732966423274934,
    "MAP_class14": 0.09875847748865821,
    "MAP_class15": 0.027720460982258305,
    "MAP_class16": 0.6301365586078476,
    "MAP_class17": 0.020866015185652446,
    "MAP_class18": 0.009492848316790588,
    "MAP_class19": 0.04878965271092734,
    "Aggregate": 39.22712764558124
}