{
    "multi-label/mAP": 18.834457397460938,
    "multi-label/precision": 15.532885551452637,
    "multi-label/recall": 8.504626274108887,
    "multi-label/f1-score": 10.133959770202637,
    "multi-label/precision_micro": 36.91786575317383,
    "multi-label/recall_micro": 16.160118103027344,
    "multi-label/f1-score_micro": 22.480018615722656,
    "AUC/AUC_multilabe": 61.845070465605694,
    "AUC/AUC_class1": 67.06914357843199,
    "AUC/AUC_class2": 58.019828874100234,
    "AUC/AUC_class3": 59.97549747549748,
    "AUC/AUC_class4": 76.94390314689664,
    "AUC/AUC_class5": 59.40120445189816,
    "AUC/AUC_class6": 58.13850931677019,
    "AUC/AUC_class7": 54.602163150883754,
    "AUC/AUC_class8": 61.01793909052983,
    "AUC/AUC_class9": 53.08373221428102,
    "AUC/AUC_class10": 54.21815921029258,
    "AUC/AUC_class11": 59.273804709615206,
    "AUC/AUC_class12": 66.87159253945481,
    "AUC/AUC_class13": 54.87710588426792,
    "AUC/AUC_class14": 52.212959606942945,
    "AUC/AUC_class15": 60.44912458766811,
    "AUC/AUC_class16": 93.65907099035933,
    "AUC/AUC_class17": 64.14500134012329,
    "AUC/AUC_class18": 69.85738980121003,
    "AUC/AUC_class19": 51.2402088772846,
    "MAP_class1": 0.531062898697951,
    "MAP_class2": 0.2126092943029037,
    "MAP_class3": 0.3090828554704438,
    "MAP_class4": 0.5211532836150452,
    "MAP_class5": 0.23936068549901557,
    "MAP_class6": 0.17246161043332137,
    "MAP_class7": 0.19778154460842,
    "MAP_class8": 0.1604276734518246,
    "MAP_class9": 0.13967942404766426,
    "MAP_class10": 0.1556330986514916,
    "MAP_class11": 0.15712026212018554,
    "MAP_class12": 0.20704740551061154,
    "MAP_class13": 0.09629048036289342,
    "MAP_class14": 0.0801821751567796,
    "MAP_class15": 0.039050430632266875,
    "MAP_class16": 0.3086955338502296,
    "MAP_class17": 0.01691314610241854,
    "MAP_class18": 0.010208345757390337,
    "MAP_class19": 0.023786934788328065,
    "Aggregate": 40.33976439874807
}