{
    "multi-label/mAP": 20.021745681762695,
    "multi-label/precision": 20.644502639770508,
    "multi-label/recall": 18.670080184936523,
    "multi-label/f1-score": 18.8411922454834,
    "multi-label/precision_micro": 33.34758758544922,
    "multi-label/recall_micro": 28.910303115844727,
    "multi-label/f1-score_micro": 30.97081756591797,
    "AUC/AUC_multilabe": 61.875343111249606,
    "AUC/AUC_class1": 81.8486950313014,
    "AUC/AUC_class2": 53.51079722939021,
    "AUC/AUC_class3": 67.8979803979804,
    "AUC/AUC_class4": 76.94556159044737,
    "AUC/AUC_class5": 57.081395792041455,
    "AUC/AUC_class6": 51.49503105590063,
    "AUC/AUC_class7": 52.641807662484844,
    "AUC/AUC_class8": 62.95230148797108,
    "AUC/AUC_class9": 52.32247065766179,
    "AUC/AUC_class10": 58.087395640368456,
    "AUC/AUC_class11": 56.50682800883442,
    "AUC/AUC_class12": 63.46126255380201,
    "AUC/AUC_class13": 76.31032798893139,
    "AUC/AUC_class14": 58.04840723289436,
    "AUC/AUC_class15": 49.665059629535655,
    "AUC/AUC_class16": 93.45749342681859,
    "AUC/AUC_class17": 54.985258643795234,
    "AUC/AUC_class18": 50.99394987035437,
    "AUC/AUC_class19": 57.4194952132289,
    "MAP_class1": 0.7286279522937088,
    "MAP_class2": 0.18943979281926276,
    "MAP_class3": 0.3632260083164933,
    "MAP_class4": 0.4673340184876065,
    "MAP_class5": 0.2534842643730745,
    "MAP_class6": 0.16572522188710262,
    "MAP_class7": 0.19112254519575406,
    "MAP_class8": 0.18364921842047563,
    "MAP_class9": 0.16061477807124028,
    "MAP_class10": 0.17314829853185099,
    "MAP_class11": 0.13279415557323943,
    "MAP_class12": 0.1713268489940245,
    "MAP_class13": 0.127877802944722,
    "MAP_class14": 0.11936635546930707,
    "MAP_class15": 0.029433112175108574,
    "MAP_class16": 0.3089814078383469,
    "MAP_class17": 0.01405322755612938,
    "MAP_class18": 0.008583512271969101,
    "MAP_class19": 0.015343390823968909,
    "Aggregate": 40.94854500837055
}