{
    "multi-label/mAP": 19.027578353881836,
    "multi-label/precision": 16.9892635345459,
    "multi-label/recall": 56.84052658081055,
    "multi-label/f1-score": 23.481643676757812,
    "multi-label/precision_micro": 19.01502227783203,
    "multi-label/recall_micro": 74.12898254394531,
    "multi-label/f1-score_micro": 30.26634407043457,
    "AUC/AUC_multilabe": 59.127204879021434,
    "AUC/AUC_class1": 77.16272902296286,
    "AUC/AUC_class2": 56.3519259499159,
    "AUC/AUC_class3": 68.4956934956935,
    "AUC/AUC_class4": 71.11281562253825,
    "AUC/AUC_class5": 53.54188900747066,
    "AUC/AUC_class6": 55.793788819875765,
    "AUC/AUC_class7": 47.468039843330615,
    "AUC/AUC_class8": 68.7018495341399,
    "AUC/AUC_class9": 69.96131401219591,
    "AUC/AUC_class10": 46.310300200472,
    "AUC/AUC_class11": 52.328366566087034,
    "AUC/AUC_class12": 62.59182209469154,
    "AUC/AUC_class13": 57.880279970700734,
    "AUC/AUC_class14": 51.352140469574316,
    "AUC/AUC_class15": 49.203247906622686,
    "AUC/AUC_class16": 87.96231375985977,
    "AUC/AUC_class17": 39.9088716161887,
    "AUC/AUC_class18": 63.46153846153846,
    "AUC/AUC_class19": 43.82796634754859,
    "MAP_class1": 0.6494362962158818,
    "MAP_class2": 0.19577363245497886,
    "MAP_class3": 0.38648516902023744,
    "MAP_class4": 0.42141964896101347,
    "MAP_class5": 0.2127930188970537,
    "MAP_class6": 0.16556520282643394,
    "MAP_class7": 0.17365678467759568,
    "MAP_class8": 0.21027333965279554,
    "MAP_class9": 0.2516908508418702,
    "MAP_class10": 0.1317965422074725,
    "MAP_class11": 0.12760569366805613,
    "MAP_class12": 0.19114324846530037,
    "MAP_class13": 0.05765427863523829,
    "MAP_class14": 0.08531179117408866,
    "MAP_class15": 0.032560120125459606,
    "MAP_class16": 0.26316566409809133,
    "MAP_class17": 0.009345243277917331,
    "MAP_class18": 0.039645545844288636,
    "MAP_class19": 0.009918390467642436,
    "Aggregate": 39.077393127698656
}