{
    "multi-label/mAP": 25.176769256591797,
    "multi-label/precision": 27.984140396118164,
    "multi-label/recall": 22.250398635864258,
    "multi-label/f1-score": 24.115758895874023,
    "multi-label/precision_micro": 39.33035659790039,
    "multi-label/recall_micro": 32.65381622314453,
    "multi-label/f1-score_micro": 35.68246078491211,
    "AUC/AUC_multilabe": 66.71538755610975,
    "AUC/AUC_class1": 86.05685252004947,
    "AUC/AUC_class2": 60.21166121668634,
    "AUC/AUC_class3": 74.26183051183051,
    "AUC/AUC_class4": 83.23168456403664,
    "AUC/AUC_class5": 60.27000114346699,
    "AUC/AUC_class6": 55.18695652173913,
    "AUC/AUC_class7": 51.748116189832395,
    "AUC/AUC_class8": 66.54776804338756,
    "AUC/AUC_class9": 71.36122221493672,
    "AUC/AUC_class10": 56.29647017027432,
    "AUC/AUC_class11": 66.16558310262232,
    "AUC/AUC_class12": 64.5868005738881,
    "AUC/AUC_class13": 75.52494506388867,
    "AUC/AUC_class14": 64.67923160565422,
    "AUC/AUC_class15": 50.99974625729511,
    "AUC/AUC_class16": 97.70376862401402,
    "AUC/AUC_class17": 67.31439292414902,
    "AUC/AUC_class18": 54.58081244598099,
    "AUC/AUC_class19": 60.86451987235277,
    "MAP_class1": 0.7911294575699451,
    "MAP_class2": 0.22174691992970635,
    "MAP_class3": 0.4865725541092951,
    "MAP_class4": 0.6056702019566782,
    "MAP_class5": 0.2807850950041798,
    "MAP_class6": 0.16385418185262213,
    "MAP_class7": 0.20948999125514373,
    "MAP_class8": 0.2256966621503461,
    "MAP_class9": 0.25609470234064047,
    "MAP_class10": 0.1764903057549867,
    "MAP_class11": 0.23837870901644587,
    "MAP_class12": 0.20277741646937059,
    "MAP_class13": 0.12569235553037292,
    "MAP_class14": 0.14281661149122357,
    "MAP_class15": 0.033988683271813876,
    "MAP_class16": 0.5426321124649105,
    "MAP_class17": 0.03043431169772968,
    "MAP_class18": 0.005509614532630102,
    "MAP_class19": 0.03413826937271072,
    "Aggregate": 45.920583661662114
}