{
    "multi-label/mAP": 22.13560676574707,
    "multi-label/precision": 22.501340866088867,
    "multi-label/recall": 16.638233184814453,
    "multi-label/f1-score": 16.789085388183594,
    "multi-label/precision_micro": 30.434782028198242,
    "multi-label/recall_micro": 23.869531631469727,
    "multi-label/f1-score_micro": 26.75529670715332,
    "AUC/AUC_multilabe": 63.05470475143401,
    "AUC/AUC_class1": 75.6489780826459,
    "AUC/AUC_class2": 57.34493674192166,
    "AUC/AUC_class3": 71.70164670164671,
    "AUC/AUC_class4": 77.76814959160826,
    "AUC/AUC_class5": 53.813462418051536,
    "AUC/AUC_class6": 58.23167701863353,
    "AUC/AUC_class7": 50.74457721136449,
    "AUC/AUC_class8": 65.92268112918927,
    "AUC/AUC_class9": 69.62428693200447,
    "AUC/AUC_class10": 49.52419620879539,
    "AUC/AUC_class11": 57.23395651227175,
    "AUC/AUC_class12": 42.60401721664276,
    "AUC/AUC_class13": 67.91324163750305,
    "AUC/AUC_class14": 59.08239700374532,
    "AUC/AUC_class15": 54.285714285714285,
    "AUC/AUC_class16": 98.08063102541631,
    "AUC/AUC_class17": 59.02573036719379,
    "AUC/AUC_class18": 75.04321521175454,
    "AUC/AUC_class19": 54.44589498114302,
    "MAP_class1": 0.6293345562480362,
    "MAP_class2": 0.2158841011005352,
    "MAP_class3": 0.41947699216166257,
    "MAP_class4": 0.5164322708396005,
    "MAP_class5": 0.2099848087673697,
    "MAP_class6": 0.18378331526573993,
    "MAP_class7": 0.19565230886903764,
    "MAP_class8": 0.23435772850775582,
    "MAP_class9": 0.21559728248982232,
    "MAP_class10": 0.14420900468182601,
    "MAP_class11": 0.1561935724520087,
    "MAP_class12": 0.09428481377078117,
    "MAP_class13": 0.12012593131815184,
    "MAP_class14": 0.10103998347598557,
    "MAP_class15": 0.043093682227456284,
    "MAP_class16": 0.6826293311057634,
    "MAP_class17": 0.022421899745092014,
    "MAP_class18": 0.008126808125808623,
    "MAP_class19": 0.013136933753254431,
    "Aggregate": 42.59515586231092
}