{
    "multi-label/mAP": 20.4014892578125,
    "multi-label/precision": 16.728591918945312,
    "multi-label/recall": 46.26280212402344,
    "multi-label/f1-score": 24.475505828857422,
    "multi-label/precision_micro": 24.32634735107422,
    "multi-label/recall_micro": 66.73511505126953,
    "multi-label/f1-score_micro": 35.655513763427734,
    "AUC/AUC_multilabe": 60.72350750424933,
    "AUC/AUC_class1": 54.61567108595262,
    "AUC/AUC_class2": 66.35360702128533,
    "AUC/AUC_class3": 60.96237595487969,
    "AUC/AUC_class4": 60.96237595487969,
    "MAP_class1": 0.2897677145266358,
    "MAP_class2": 0.39856401718240053,
    "MAP_class3": 0.12773366704449057,
    "MAP_class4": -0.0,
    "Aggregate": 40.562571236543754
}