{
    "multi-label/mAP": 16.998207092285156,
    "multi-label/precision": 15.185938835144043,
    "multi-label/recall": 10.722265243530273,
    "multi-label/f1-score": 10.952797889709473,
    "multi-label/precision_micro": 26.703601837158203,
    "multi-label/recall_micro": 17.86508560180664,
    "multi-label/f1-score_micro": 21.40795135498047,
    "AUC/AUC_multilabe": 56.59913942612257,
    "AUC/AUC_class1": 73.12382858818579,
    "AUC/AUC_class2": 48.07770662042019,
    "AUC/AUC_class3": 59.896297396297406,
    "AUC/AUC_class4": 68.79679920394709,
    "AUC/AUC_class5": 59.868120140265276,
    "AUC/AUC_class6": 53.786956521739135,
    "AUC/AUC_class7": 41.9811320754717,
    "AUC/AUC_class8": 60.29203170629954,
    "AUC/AUC_class9": 67.86177955543899,
    "AUC/AUC_class10": 54.17946050194128,
    "AUC/AUC_class11": 51.24272871496562,
    "AUC/AUC_class12": 52.979913916786224,
    "AUC/AUC_class13": 47.281679824204446,
    "AUC/AUC_class14": 43.560468768877605,
    "AUC/AUC_class15": 46.53894950520172,
    "AUC/AUC_class16": 88.8737949167397,
    "AUC/AUC_class17": 53.89975877780756,
    "AUC/AUC_class18": 45.5704407951599,
    "AUC/AUC_class19": 57.57180156657964,
    "MAP_class1": 0.5987687968677321,
    "MAP_class2": 0.17120179803881252,
    "MAP_class3": 0.2960602578614241,
    "MAP_class4": 0.36191882064991676,
    "MAP_class5": 0.28723345132055966,
    "MAP_class6": 0.16176540247453502,
    "MAP_class7": 0.14765641501219223,
    "MAP_class8": 0.17468582204217115,
    "MAP_class9": 0.21438798204890047,
    "MAP_class10": 0.16600757938665406,
    "MAP_class11": 0.1191769610021742,
    "MAP_class12": 0.12462253361630249,
    "MAP_class13": 0.04169778427504867,
    "MAP_class14": 0.06698150287628953,
    "MAP_class15": 0.03377470588229519,
    "MAP_class16": 0.22829191981542013,
    "MAP_class17": 0.01700310907039557,
    "MAP_class18": 0.004671842012482843,
    "MAP_class19": 0.01375325423804362,
    "Aggregate": 36.798674814354314
}