{
    "multi-label/mAP": 15.699310302734375,
    "multi-label/precision": 12.481274604797363,
    "multi-label/recall": 4.890502452850342,
    "multi-label/f1-score": 5.977687835693359,
    "multi-label/precision_micro": 26.596981048583984,
    "multi-label/recall_micro": 8.487768173217773,
    "multi-label/f1-score_micro": 12.868782997131348,
    "AUC/AUC_multilabe": 56.36844894463719,
    "AUC/AUC_class1": 66.78545473090998,
    "AUC/AUC_class2": 50.76264900385503,
    "AUC/AUC_class3": 51.402088902088906,
    "AUC/AUC_class4": 66.97541357436046,
    "AUC/AUC_class5": 56.106113736850126,
    "AUC/AUC_class6": 59.424223602484474,
    "AUC/AUC_class7": 47.98397518738693,
    "AUC/AUC_class8": 62.51077736058963,
    "AUC/AUC_class9": 59.556094682315916,
    "AUC/AUC_class10": 54.97881087116502,
    "AUC/AUC_class11": 61.06324073786046,
    "AUC/AUC_class12": 49.792682926829265,
    "AUC/AUC_class13": 70.412834703345,
    "AUC/AUC_class14": 57.37888123716321,
    "AUC/AUC_class15": 47.761989342806395,
    "AUC/AUC_class16": 63.317265556529364,
    "AUC/AUC_class17": 53.47761994103457,
    "AUC/AUC_class18": 51.16681071737251,
    "AUC/AUC_class19": 40.14360313315927,
    "MAP_class1": 0.5446896739705936,
    "MAP_class2": 0.1778425338754402,
    "MAP_class3": 0.2425967710312979,
    "MAP_class4": 0.38169687267397273,
    "MAP_class5": 0.21612844964468517,
    "MAP_class6": 0.19978614135350795,
    "MAP_class7": 0.17567903136709329,
    "MAP_class8": 0.18356449419443263,
    "MAP_class9": 0.16208251130585669,
    "MAP_class10": 0.15799847238690679,
    "MAP_class11": 0.14948110181678204,
    "MAP_class12": 0.12252823743199323,
    "MAP_class13": 0.06577555516478911,
    "MAP_class14": 0.09921481359129508,
    "MAP_class15": 0.02948344460275191,
    "MAP_class16": 0.0485213021002831,
    "MAP_class17": 0.012615225243295232,
    "MAP_class18": 0.0045347809134466495,
    "MAP_class19": 0.008649847058718884,
    "Aggregate": 36.03388041896897
}