{
    "multi-label/mAP": 19.47125816345215,
    "multi-label/precision": 19.32560920715332,
    "multi-label/recall": 8.578165054321289,
    "multi-label/f1-score": 10.260106086730957,
    "multi-label/precision_micro": 30.366971969604492,
    "multi-label/recall_micro": 12.26834774017334,
    "multi-label/f1-score_micro": 17.476242065429688,
    "AUC/AUC_multilabe": 60.67626426502839,
    "AUC/AUC_class1": 67.46120794073771,
    "AUC/AUC_class2": 54.392022482474744,
    "AUC/AUC_class3": 66.02522852522853,
    "AUC/AUC_class4": 74.2584684273809,
    "AUC/AUC_class5": 49.83610306449154,
    "AUC/AUC_class6": 56.851552795031054,
    "AUC/AUC_class7": 54.363083285285406,
    "AUC/AUC_class8": 63.33402864691975,
    "AUC/AUC_class9": 67.67162808996132,
    "AUC/AUC_class10": 52.398051107671215,
    "AUC/AUC_class11": 51.216287678477,
    "AUC/AUC_class12": 41.3364418938307,
    "AUC/AUC_class13": 54.94018067876617,
    "AUC/AUC_class14": 53.94969997180943,
    "AUC/AUC_class15": 51.961431108855614,
    "AUC/AUC_class16": 95.61787905346188,
    "AUC/AUC_class17": 58.43607611900295,
    "AUC/AUC_class18": 66.98357821953327,
    "AUC/AUC_class19": 71.81607194662026,
    "MAP_class1": 0.5403142057085162,
    "MAP_class2": 0.1978355937894759,
    "MAP_class3": 0.3743404169301343,
    "MAP_class4": 0.4268828691033153,
    "MAP_class5": 0.19445614404649975,
    "MAP_class6": 0.1784151181413864,
    "MAP_class7": 0.20732421413528962,
    "MAP_class8": 0.22065890055668316,
    "MAP_class9": 0.21342461251044648,
    "MAP_class10": 0.15184764157478764,
    "MAP_class11": 0.14149832993731934,
    "MAP_class12": 0.09453717608802037,
    "MAP_class13": 0.049447402938215944,
    "MAP_class14": 0.08769389482193143,
    "MAP_class15": 0.03462375138322684,
    "MAP_class16": 0.5357899475391871,
    "MAP_class17": 0.016772870997142905,
    "MAP_class18": 0.006426537844819355,
    "MAP_class19": 0.02724936146341233,
    "Aggregate": 40.07376105227685
}