{
    "multi-label/mAP": 17.213069915771484,
    "multi-label/precision": 14.713653564453125,
    "multi-label/recall": 9.13188648223877,
    "multi-label/f1-score": 9.22615909576416,
    "multi-label/precision_micro": 27.875244140625,
    "multi-label/recall_micro": 15.900667190551758,
    "multi-label/f1-score_micro": 20.25017738342285,
    "AUC/AUC_multilabe": 58.49293453225587,
    "AUC/AUC_class1": 72.32790605755378,
    "AUC/AUC_class2": 51.604174719752606,
    "AUC/AUC_class3": 63.965613965613954,
    "AUC/AUC_class4": 66.48907500310956,
    "AUC/AUC_class5": 60.2869149260558,
    "AUC/AUC_class6": 50.90993788819876,
    "AUC/AUC_class7": 47.37857128655784,
    "AUC/AUC_class8": 56.264080100125156,
    "AUC/AUC_class9": 62.83260114090879,
    "AUC/AUC_class10": 51.71733448372117,
    "AUC/AUC_class11": 47.84972159143933,
    "AUC/AUC_class12": 52.064562410329984,
    "AUC/AUC_class13": 53.42842028159844,
    "AUC/AUC_class14": 53.29426926019896,
    "AUC/AUC_class15": 45.59248921593504,
    "AUC/AUC_class16": 92.18229623137599,
    "AUC/AUC_class17": 53.055481104261595,
    "AUC/AUC_class18": 63.267070008643046,
    "AUC/AUC_class19": 66.85523643748186,
    "MAP_class1": 0.5931457715775313,
    "MAP_class2": 0.18851153571053508,
    "MAP_class3": 0.3427497089526233,
    "MAP_class4": 0.3206254698231796,
    "MAP_class5": 0.2652442351358467,
    "MAP_class6": 0.15493795513163355,
    "MAP_class7": 0.16510411033634673,
    "MAP_class8": 0.15388480416874645,
    "MAP_class9": 0.18287183519772282,
    "MAP_class10": 0.13542324376851972,
    "MAP_class11": 0.09893866819566954,
    "MAP_class12": 0.12508685920566345,
    "MAP_class13": 0.0451250988826396,
    "MAP_class14": 0.08538068294858758,
    "MAP_class15": 0.031201483198849342,
    "MAP_class16": 0.32405000944801593,
    "MAP_class17": 0.024834697277209085,
    "MAP_class18": 0.009121140218023452,
    "MAP_class19": 0.024246053544873858,
    "Aggregate": 37.853002431186404
}