{
    "multi-label/mAP": 20.494159698486328,
    "multi-label/precision": 23.383281707763672,
    "multi-label/recall": 15.859827995300293,
    "multi-label/f1-score": 15.298917770385742,
    "multi-label/precision_micro": 24.017681121826172,
    "multi-label/recall_micro": 18.124536514282227,
    "multi-label/f1-score_micro": 20.659059524536133,
    "AUC/AUC_multilabe": 58.46984029745865,
    "AUC/AUC_class1": 71.66235289617626,
    "AUC/AUC_class2": 55.05698973035656,
    "AUC/AUC_class3": 64.07038907038907,
    "AUC/AUC_class4": 70.18698951034455,
    "AUC/AUC_class5": 52.83579813996035,
    "AUC/AUC_class6": 61.670807453416145,
    "AUC/AUC_class7": 49.64709624828518,
    "AUC/AUC_class8": 61.4323459880406,
    "AUC/AUC_class9": 66.10320634712477,
    "AUC/AUC_class10": 46.82353388991803,
    "AUC/AUC_class11": 47.12337076554577,
    "AUC/AUC_class12": 41.8364418938307,
    "AUC/AUC_class13": 68.13502075364207,
    "AUC/AUC_class14": 60.527163626112525,
    "AUC/AUC_class15": 38.188277087033754,
    "AUC/AUC_class16": 94.89482909728308,
    "AUC/AUC_class17": 58.09434467971053,
    "AUC/AUC_class18": 39.86603284356093,
    "AUC/AUC_class19": 62.77197563098347,
    "MAP_class1": 0.5800182229428639,
    "MAP_class2": 0.2179501617476511,
    "MAP_class3": 0.37992718585472696,
    "MAP_class4": 0.4244792664816778,
    "MAP_class5": 0.22035607357554396,
    "MAP_class6": 0.20235163173231513,
    "MAP_class7": 0.20348378961338248,
    "MAP_class8": 0.18650818324748186,
    "MAP_class9": 0.20733274025021453,
    "MAP_class10": 0.12566522235543087,
    "MAP_class11": 0.10536707533218154,
    "MAP_class12": 0.09469201642487189,
    "MAP_class13": 0.1145458498395057,
    "MAP_class14": 0.11600050193367244,
    "MAP_class15": 0.02718803755694005,
    "MAP_class16": 0.6181963607304078,
    "MAP_class17": 0.02850021941642659,
    "MAP_class18": 0.0061567870629818805,
    "MAP_class19": 0.0351705923787737,
    "Aggregate": 39.48199888156367
}