{
    "multi-label/mAP": 22.120197296142578,
    "multi-label/precision": 17.802841186523438,
    "multi-label/recall": 59.623138427734375,
    "multi-label/f1-score": 25.772228240966797,
    "multi-label/precision_micro": 20.591636657714844,
    "multi-label/recall_micro": 79.20681762695312,
    "multi-label/f1-score_micro": 32.68583679199219,
    "AUC/AUC_multilabe": 63.473497318995214,
    "AUC/AUC_class1": 83.04656322117529,
    "AUC/AUC_class2": 61.346754562834974,
    "AUC/AUC_class3": 70.73433323433323,
    "AUC/AUC_class4": 79.06339400472658,
    "AUC/AUC_class5": 61.64239975606037,
    "AUC/AUC_class6": 60.695031055900614,
    "AUC/AUC_class7": 53.15674891146589,
    "AUC/AUC_class8": 64.27270198859686,
    "AUC/AUC_class9": 68.70565864533472,
    "AUC/AUC_class10": 46.47714872992108,
    "AUC/AUC_class11": 71.36357980526952,
    "AUC/AUC_class12": 66.37733142037303,
    "AUC/AUC_class13": 65.33327907544559,
    "AUC/AUC_class14": 61.111111111111114,
    "AUC/AUC_class15": 52.179649835067245,
    "AUC/AUC_class16": 89.5880806310254,
    "AUC/AUC_class17": 53.99356740820156,
    "AUC/AUC_class18": 43.92826274848747,
    "AUC/AUC_class19": 52.980852915578765,
    "MAP_class1": 0.7330171582275088,
    "MAP_class2": 0.23570233707270358,
    "MAP_class3": 0.41854563326915445,
    "MAP_class4": 0.5159987910685826,
    "MAP_class5": 0.25946105262803604,
    "MAP_class6": 0.2088792293844613,
    "MAP_class7": 0.20381932931058475,
    "MAP_class8": 0.19676306255945353,
    "MAP_class9": 0.24637714935291866,
    "MAP_class10": 0.12097700466277797,
    "MAP_class11": 0.26258654287157807,
    "MAP_class12": 0.21138467422833804,
    "MAP_class13": 0.06730861987540371,
    "MAP_class14": 0.1321274625600955,
    "MAP_class15": 0.034315631366133824,
    "MAP_class16": 0.3178557033060391,
    "MAP_class17": 0.015484312258863408,
    "MAP_class18": 0.006576934938050909,
    "MAP_class19": 0.015656575635515948,
    "Aggregate": 42.79684656627708
}