{
    "multi-label/mAP": 19.527738571166992,
    "multi-label/precision": 20.26594352722168,
    "multi-label/recall": 14.182680130004883,
    "multi-label/f1-score": 15.847367286682129,
    "multi-label/precision_micro": 31.979406356811523,
    "multi-label/recall_micro": 20.719051361083984,
    "multi-label/f1-score_micro": 25.14620018005371,
    "AUC/AUC_multilabe": 59.06059316195783,
    "AUC/AUC_class1": 73.58824954418533,
    "AUC/AUC_class2": 60.4644845850876,
    "AUC/AUC_class3": 64.36326436326436,
    "AUC/AUC_class4": 72.81728098179858,
    "AUC/AUC_class5": 50.47310946790668,
    "AUC/AUC_class6": 52.73167701863355,
    "AUC/AUC_class7": 54.65186790464639,
    "AUC/AUC_class8": 62.09219858156029,
    "AUC/AUC_class9": 63.25814700675365,
    "AUC/AUC_class10": 46.80894257365443,
    "AUC/AUC_class11": 50.18275422278906,
    "AUC/AUC_class12": 34.62410329985653,
    "AUC/AUC_class13": 56.06331895499309,
    "AUC/AUC_class14": 57.02247191011236,
    "AUC/AUC_class15": 54.887084496320725,
    "AUC/AUC_class16": 93.93514460999123,
    "AUC/AUC_class17": 48.01661752881265,
    "AUC/AUC_class18": 60.004321521175456,
    "AUC/AUC_class19": 66.1662315056571,
    "MAP_class1": 0.615208925167267,
    "MAP_class2": 0.22148619392869084,
    "MAP_class3": 0.3423942610538485,
    "MAP_class4": 0.44167193390539483,
    "MAP_class5": 0.19471073371197917,
    "MAP_class6": 0.16007949316293776,
    "MAP_class7": 0.20773640828803006,
    "MAP_class8": 0.1898658449595562,
    "MAP_class9": 0.18738638731536242,
    "MAP_class10": 0.12998213258097802,
    "MAP_class11": 0.12794367493872286,
    "MAP_class12": 0.0830679149321503,
    "MAP_class13": 0.06202360114763624,
    "MAP_class14": 0.10024714308580968,
    "MAP_class15": 0.0372449472902224,
    "MAP_class16": 0.554284531599422,
    "MAP_class17": 0.016280994437068094,
    "MAP_class18": 0.006852973284818714,
    "MAP_class19": 0.031802344226775546,
    "Aggregate": 39.29416615733857
}