{
    "multi-label/mAP": 23.292383193969727,
    "multi-label/precision": 26.749557495117188,
    "multi-label/recall": 20.230005264282227,
    "multi-label/f1-score": 20.96771812438965,
    "multi-label/precision_micro": 35.91033935546875,
    "multi-label/recall_micro": 29.095626831054688,
    "multi-label/f1-score_micro": 32.145782470703125,
    "AUC/AUC_multilabe": 64.55135422571115,
    "AUC/AUC_class1": 81.61297828664685,
    "AUC/AUC_class2": 54.2018825938424,
    "AUC/AUC_class3": 69.10124410124409,
    "AUC/AUC_class4": 81.97997429412496,
    "AUC/AUC_class5": 64.44246455252325,
    "AUC/AUC_class6": 51.49751552795031,
    "AUC/AUC_class7": 52.24914010775991,
    "AUC/AUC_class8": 70.70643860381031,
    "AUC/AUC_class9": 75.24162350009834,
    "AUC/AUC_class10": 54.13441774304057,
    "AUC/AUC_class11": 51.60745948299997,
    "AUC/AUC_class12": 71.03873744619798,
    "AUC/AUC_class13": 72.09042076991942,
    "AUC/AUC_class14": 52.67609037090734,
    "AUC/AUC_class15": 41.95128140065974,
    "AUC/AUC_class16": 93.71165644171778,
    "AUC/AUC_class17": 48.07692307692308,
    "AUC/AUC_class18": 68.08556611927399,
    "AUC/AUC_class19": 72.06991586887148,
    "MAP_class1": 0.7277118907510159,
    "MAP_class2": 0.20288312243273104,
    "MAP_class3": 0.42461908169681806,
    "MAP_class4": 0.588235767423294,
    "MAP_class5": 0.29892165019730815,
    "MAP_class6": 0.1463288837332142,
    "MAP_class7": 0.19639149623362173,
    "MAP_class8": 0.25757525156856925,
    "MAP_class9": 0.30542056009235496,
    "MAP_class10": 0.16859457496898472,
    "MAP_class11": 0.13380756270723335,
    "MAP_class12": 0.267657451634758,
    "MAP_class13": 0.12002736655167426,
    "MAP_class14": 0.10923199054875485,
    "MAP_class15": 0.02532467548966049,
    "MAP_class16": 0.4087777288504668,
    "MAP_class17": 0.011810579733856894,
    "MAP_class18": 0.012265249926344476,
    "MAP_class19": 0.019982121718915884,
    "Aggregate": 43.921906076696565
}