{
    "multi-label/mAP": 19.248401641845703,
    "multi-label/precision": 21.244760513305664,
    "multi-label/recall": 10.535850524902344,
    "multi-label/f1-score": 12.232998847961426,
    "multi-label/precision_micro": 36.53413391113281,
    "multi-label/recall_micro": 18.05040740966797,
    "multi-label/f1-score_micro": 24.162738800048828,
    "AUC/AUC_multilabe": 58.75846806330329,
    "AUC/AUC_class1": 70.60314161492268,
    "AUC/AUC_class2": 52.36839081060187,
    "AUC/AUC_class3": 59.616209616209616,
    "AUC/AUC_class4": 69.77528089887642,
    "AUC/AUC_class5": 46.99029958835188,
    "AUC/AUC_class6": 59.67515527950311,
    "AUC/AUC_class7": 53.908284788357165,
    "AUC/AUC_class8": 66.97329995828119,
    "AUC/AUC_class9": 74.17415251458922,
    "AUC/AUC_class10": 49.100413632095815,
    "AUC/AUC_class11": 52.88285065480449,
    "AUC/AUC_class12": 44.998565279770446,
    "AUC/AUC_class13": 64.0778871978514,
    "AUC/AUC_class14": 59.392493254399746,
    "AUC/AUC_class15": 54.79827454960671,
    "AUC/AUC_class16": 92.48028045574057,
    "AUC/AUC_class17": 47.5609756097561,
    "AUC/AUC_class18": 42.523768366465,
    "AUC/AUC_class19": 54.51116913257905,
    "MAP_class1": 0.572181055657222,
    "MAP_class2": 0.19091257116864135,
    "MAP_class3": 0.30774567806421754,
    "MAP_class4": 0.39214909641228546,
    "MAP_class5": 0.17997566482616287,
    "MAP_class6": 0.19522734034924577,
    "MAP_class7": 0.201839028906191,
    "MAP_class8": 0.22353999890383597,
    "MAP_class9": 0.27808108296987727,
    "MAP_class10": 0.13028381421740917,
    "MAP_class11": 0.12915358858428852,
    "MAP_class12": 0.10147524010095206,
    "MAP_class13": 0.06526232349001707,
    "MAP_class14": 0.1034377092011635,
    "MAP_class15": 0.036481832376905214,
    "MAP_class16": 0.5196560307443133,
    "MAP_class17": 0.013543962886339177,
    "MAP_class18": 0.0036466487066647525,
    "MAP_class19": 0.01260362750284819,
    "Aggregate": 39.00343480814791
}