{
    "multi-label/mAP": 21.499248504638672,
    "multi-label/precision": 18.49881935119629,
    "multi-label/recall": 60.010459899902344,
    "multi-label/f1-score": 26.44984245300293,
    "multi-label/precision_micro": 19.4252986907959,
    "multi-label/recall_micro": 74.16604614257812,
    "multi-label/f1-score_micro": 30.786983489990234,
    "AUC/AUC_multilabe": 62.7038149379576,
    "AUC/AUC_class1": 75.47589601050605,
    "AUC/AUC_class2": 61.32899424356712,
    "AUC/AUC_class3": 59.71520971520972,
    "AUC/AUC_class4": 72.21029064223227,
    "AUC/AUC_class5": 60.49083320628146,
    "AUC/AUC_class6": 58.32298136645962,
    "AUC/AUC_class7": 56.31300077539416,
    "AUC/AUC_class8": 63.14907523293004,
    "AUC/AUC_class9": 70.05704543964329,
    "AUC/AUC_class10": 50.2064988453828,
    "AUC/AUC_class11": 63.67779264005973,
    "AUC/AUC_class12": 64.67718794835008,
    "AUC/AUC_class13": 66.00675510702368,
    "AUC/AUC_class14": 62.88107607426202,
    "AUC/AUC_class15": 52.65414869322507,
    "AUC/AUC_class16": 94.14110429447852,
    "AUC/AUC_class17": 46.82390779951756,
    "AUC/AUC_class18": 70.18150388936905,
    "AUC/AUC_class19": 43.059181897302004,
    "MAP_class1": 0.6264708162116832,
    "MAP_class2": 0.24496071608145922,
    "MAP_class3": 0.2953453314026606,
    "MAP_class4": 0.4485801550534597,
    "MAP_class5": 0.2810375487817602,
    "MAP_class6": 0.17670521868161057,
    "MAP_class7": 0.22447835755623408,
    "MAP_class8": 0.19182384921592593,
    "MAP_class9": 0.26001631523755675,
    "MAP_class10": 0.14281247137979358,
    "MAP_class11": 0.20083077895600293,
    "MAP_class12": 0.19088147357259183,
    "MAP_class13": 0.09205657846023105,
    "MAP_class14": 0.142743390010793,
    "MAP_class15": 0.0332430496682308,
    "MAP_class16": 0.49893082453244797,
    "MAP_class17": 0.011782452193337402,
    "MAP_class18": 0.00830053798186129,
    "MAP_class19": 0.01385594770726406,
    "Aggregate": 42.101528028675915
}