{
    "multi-label/mAP": 22.438026428222656,
    "multi-label/precision": 20.79002571105957,
    "multi-label/recall": 16.891544342041016,
    "multi-label/f1-score": 15.198529243469238,
    "multi-label/precision_micro": 30.153846740722656,
    "multi-label/recall_micro": 25.426240921020508,
    "multi-label/f1-score_micro": 27.58898162841797,
    "AUC/AUC_multilabe": 60.3105287631528,
    "AUC/AUC_class1": 71.51078655123612,
    "AUC/AUC_class2": 57.488586383058745,
    "AUC/AUC_class3": 67.83136158136158,
    "AUC/AUC_class4": 82.05937227911605,
    "AUC/AUC_class5": 60.3779158408294,
    "AUC/AUC_class6": 57.35869565217391,
    "AUC/AUC_class7": 52.540409964809044,
    "AUC/AUC_class8": 68.17445417883465,
    "AUC/AUC_class9": 71.9323323060783,
    "AUC/AUC_class10": 49.92831222879183,
    "AUC/AUC_class11": 59.55921236818366,
    "AUC/AUC_class12": 41.425394548063124,
    "AUC/AUC_class13": 52.795637665825666,
    "AUC/AUC_class14": 58.06451612903226,
    "AUC/AUC_class15": 38.37097183455975,
    "AUC/AUC_class16": 95.01314636283959,
    "AUC/AUC_class17": 55.04556419190565,
    "AUC/AUC_class18": 47.234226447709595,
    "AUC/AUC_class19": 59.18914998549464,
    "MAP_class1": 0.581241521170268,
    "MAP_class2": 0.21236943982112258,
    "MAP_class3": 0.3865447363319018,
    "MAP_class4": 0.5910083006048451,
    "MAP_class5": 0.23992909049575772,
    "MAP_class6": 0.17873223420021322,
    "MAP_class7": 0.21234589815786428,
    "MAP_class8": 0.21810017210084248,
    "MAP_class9": 0.25108825832502546,
    "MAP_class10": 0.14295031508464828,
    "MAP_class11": 0.1750100231148453,
    "MAP_class12": 0.10207467313112807,
    "MAP_class13": 0.04550489508509362,
    "MAP_class14": 0.11494532096536453,
    "MAP_class15": 0.024386507036788595,
    "MAP_class16": 0.6692397328602753,
    "MAP_class17": 0.09032485662251935,
    "MAP_class18": 0.006390249535410826,
    "MAP_class19": 0.013670375405874513,
    "Aggregate": 41.35488701328637
}