{
    "multi-label/mAP": 21.473201751708984,
    "multi-label/precision": 22.576337814331055,
    "multi-label/recall": 18.175283432006836,
    "multi-label/f1-score": 17.31960678100586,
    "multi-label/precision_micro": 29.197078704833984,
    "multi-label/recall_micro": 22.23869514465332,
    "multi-label/f1-score_micro": 25.247211456298828,
    "AUC/AUC_multilabe": 61.89658658696883,
    "AUC/AUC_class1": 72.77607068633576,
    "AUC/AUC_class2": 54.2018825938424,
    "AUC/AUC_class3": 72.94286044286045,
    "AUC/AUC_class4": 74.48567519383059,
    "AUC/AUC_class5": 51.0896287543833,
    "AUC/AUC_class6": 61.34409937888199,
    "AUC/AUC_class7": 53.1587371016164,
    "AUC/AUC_class8": 69.72326519260186,
    "AUC/AUC_class9": 70.95338010622253,
    "AUC/AUC_class10": 51.32083132438399,
    "AUC/AUC_class11": 54.99346750863221,
    "AUC/AUC_class12": 47.67216642754662,
    "AUC/AUC_class13": 63.13583462195817,
    "AUC/AUC_class14": 62.47130602875437,
    "AUC/AUC_class15": 57.68079167723927,
    "AUC/AUC_class16": 91.72217353198948,
    "AUC/AUC_class17": 57.99383543285983,
    "AUC/AUC_class18": 44.857389801210026,
    "AUC/AUC_class19": 63.51174934725849,
    "MAP_class1": 0.6084273117402961,
    "MAP_class2": 0.20659649158063773,
    "MAP_class3": 0.4678741358786751,
    "MAP_class4": 0.46138379056902157,
    "MAP_class5": 0.20120555218415684,
    "MAP_class6": 0.19962149906719392,
    "MAP_class7": 0.203258732141037,
    "MAP_class8": 0.2535121327699873,
    "MAP_class9": 0.23231755626460782,
    "MAP_class10": 0.14402870049270672,
    "MAP_class11": 0.14705173802747937,
    "MAP_class12": 0.10697059858589865,
    "MAP_class13": 0.08465920619260531,
    "MAP_class14": 0.12020450158613241,
    "MAP_class15": 0.041593415614396695,
    "MAP_class16": 0.5273147461876645,
    "MAP_class17": 0.020184291563786386,
    "MAP_class18": 0.0037496245001453292,
    "MAP_class19": 0.04995406043089137,
    "Aggregate": 41.68489351816157
}