{
    "multi-label/mAP": 19.271949768066406,
    "multi-label/precision": 21.04368019104004,
    "multi-label/recall": 38.78825378417969,
    "multi-label/f1-score": 24.10068702697754,
    "multi-label/precision_micro": 26.001781463623047,
    "multi-label/recall_micro": 59.95893478393555,
    "multi-label/f1-score_micro": 36.273292541503906,
    "AUC/AUC_multilabe": 59.26002425976573,
    "AUC/AUC_class1": 65.84388499925518,
    "AUC/AUC_class2": 45.327003786791344,
    "AUC/AUC_class3": 62.93460412650818,
    "AUC/AUC_class4": 62.93460412650818,
    "MAP_class1": 0.37337985222869813,
    "MAP_class2": 0.24391984403395278,
    "MAP_class3": 0.15341578167888834,
    "MAP_class4": -0.0,
    "Aggregate": 39.2639556041521
}