{
    "multi-label/mAP": 21.10285186767578,
    "multi-label/precision": 16.55097770690918,
    "multi-label/recall": 36.50886917114258,
    "multi-label/f1-score": 22.405542373657227,
    "multi-label/precision_micro": 24.819494247436523,
    "multi-label/recall_micro": 56.468170166015625,
    "multi-label/f1-score_micro": 34.482757568359375,
    "AUC/AUC_multilabe": 58.589458357223954,
    "AUC/AUC_class1": 51.17980038730822,
    "AUC/AUC_class2": 67.80714705600897,
    "AUC/AUC_class3": 57.68544299278931,
    "AUC/AUC_class4": 57.68544299278931,
    "MAP_class1": 0.25338126712989634,
    "MAP_class2": 0.4286703306284293,
    "MAP_class3": 0.16208432641147363,
    "MAP_class4": -0.0,
    "Aggregate": 39.84642823073447
}