{
    "multi-label/mAP": 23.712480545043945,
    "multi-label/precision": 25.616010665893555,
    "multi-label/recall": 19.224653244018555,
    "multi-label/f1-score": 21.263620376586914,
    "multi-label/precision_micro": 40.93595886230469,
    "multi-label/recall_micro": 30.80059242248535,
    "multi-label/f1-score_micro": 35.152286529541016,
    "AUC/AUC_multilabe": 65.47111830849406,
    "AUC/AUC_class1": 88.62088969922608,
    "AUC/AUC_class2": 51.77916610077414,
    "AUC/AUC_class3": 69.68410718410719,
    "AUC/AUC_class4": 81.20444462871596,
    "AUC/AUC_class5": 63.79307059002897,
    "AUC/AUC_class6": 54.97577639751554,
    "AUC/AUC_class7": 51.556255840308566,
    "AUC/AUC_class8": 66.97399527186761,
    "AUC/AUC_class9": 75.54389876073702,
    "AUC/AUC_class10": 55.24716420940442,
    "AUC/AUC_class11": 65.485115251812,
    "AUC/AUC_class12": 69.86154949784792,
    "AUC/AUC_class13": 77.47619435175388,
    "AUC/AUC_class14": 60.30667311022512,
    "AUC/AUC_class15": 53.29611773661508,
    "AUC/AUC_class16": 88.11568799298858,
    "AUC/AUC_class17": 56.050656660412756,
    "AUC/AUC_class18": 66.01123595505618,
    "AUC/AUC_class19": 47.96924862199013,
    "MAP_class1": 0.7986964296258985,
    "MAP_class2": 0.1848067713654859,
    "MAP_class3": 0.4154885834252283,
    "MAP_class4": 0.5445703496611413,
    "MAP_class5": 0.32792804579010587,
    "MAP_class6": 0.17126228602729626,
    "MAP_class7": 0.1931608657518668,
    "MAP_class8": 0.2131925771432123,
    "MAP_class9": 0.3064894658051075,
    "MAP_class10": 0.17109681796920395,
    "MAP_class11": 0.1896310966225654,
    "MAP_class12": 0.25646400466279073,
    "MAP_class13": 0.14410980973644485,
    "MAP_class14": 0.10831918777314081,
    "MAP_class15": 0.03516886526806747,
    "MAP_class16": 0.39940839291983765,
    "MAP_class17": 0.01531594234984852,
    "MAP_class18": 0.019451067800124407,
    "MAP_class19": 0.010824055405257863,
    "Aggregate": 44.59183445714867
}