{
    "multi-label/mAP": 16.42557144165039,
    "multi-label/precision": 16.699892044067383,
    "multi-label/recall": 10.230452537536621,
    "multi-label/f1-score": 10.360193252563477,
    "multi-label/precision_micro": 27.022058486938477,
    "multi-label/recall_micro": 16.345441818237305,
    "multi-label/f1-score_micro": 20.369516372680664,
    "AUC/AUC_multilabe": 56.941356271380016,
    "AUC/AUC_class1": 66.27353979931405,
    "AUC/AUC_class2": 53.78347036638493,
    "AUC/AUC_class3": 66.04997854997856,
    "AUC/AUC_class4": 71.65222438741242,
    "AUC/AUC_class5": 44.8267647507242,
    "AUC/AUC_class6": 53.75279503105589,
    "AUC/AUC_class7": 51.47921347197646,
    "AUC/AUC_class8": 64.17813934084272,
    "AUC/AUC_class9": 68.88335191135009,
    "AUC/AUC_class10": 46.918060243104016,
    "AUC/AUC_class11": 52.4131334183594,
    "AUC/AUC_class12": 36.15279770444763,
    "AUC/AUC_class13": 54.72043623341744,
    "AUC/AUC_class14": 54.040312512585075,
    "AUC/AUC_class15": 49.62953565085004,
    "AUC/AUC_class16": 81.80981595092025,
    "AUC/AUC_class17": 52.016885553470914,
    "AUC/AUC_class18": 58.815903197925664,
    "AUC/AUC_class19": 54.48941108210038,
    "MAP_class1": 0.5377431822434997,
    "MAP_class2": 0.18744865312295544,
    "MAP_class3": 0.3461721171275226,
    "MAP_class4": 0.4245613342141776,
    "MAP_class5": 0.16428768611366973,
    "MAP_class6": 0.14974890244548403,
    "MAP_class7": 0.20159064525078402,
    "MAP_class8": 0.194330472775132,
    "MAP_class9": 0.20900986778434627,
    "MAP_class10": 0.123991567168473,
    "MAP_class11": 0.12828615887527145,
    "MAP_class12": 0.08565939887637687,
    "MAP_class13": 0.0458154396502297,
    "MAP_class14": 0.08686432830160017,
    "MAP_class15": 0.030771309036902585,
    "MAP_class16": 0.1525010313728229,
    "MAP_class17": 0.0337977031485744,
    "MAP_class18": 0.005263700729708461,
    "MAP_class19": 0.013015140506241637,
    "Aggregate": 36.68346402712099
}