{
    "multi-label/mAP": 19.37498664855957,
    "multi-label/precision": 20.036832809448242,
    "multi-label/recall": 20.703397750854492,
    "multi-label/f1-score": 19.265159606933594,
    "multi-label/precision_micro": 27.50716209411621,
    "multi-label/recall_micro": 28.465530395507812,
    "multi-label/f1-score_micro": 27.97814178466797,
    "AUC/AUC_multilabe": 61.68390900671401,
    "AUC/AUC_class1": 62.72392293863396,
    "AUC/AUC_class2": 58.8195656034852,
    "AUC/AUC_class3": 56.47543147543148,
    "AUC/AUC_class4": 75.11381068866868,
    "AUC/AUC_class5": 62.73536362250343,
    "AUC/AUC_class6": 55.85652173913043,
    "AUC/AUC_class7": 50.424478597133024,
    "AUC/AUC_class8": 61.64302600472813,
    "AUC/AUC_class9": 61.976263851550726,
    "AUC/AUC_class10": 55.835892100388264,
    "AUC/AUC_class11": 60.39910411546956,
    "AUC/AUC_class12": 53.6542324246772,
    "AUC/AUC_class13": 72.47293887848946,
    "AUC/AUC_class14": 50.80242438886875,
    "AUC/AUC_class15": 62.98908906368942,
    "AUC/AUC_class16": 89.0578439964943,
    "AUC/AUC_class17": 62.208523184132936,
    "AUC/AUC_class18": 67.76145203111496,
    "AUC/AUC_class19": 51.04438642297651,
    "MAP_class1": 0.5184855685725627,
    "MAP_class2": 0.20400966166054205,
    "MAP_class3": 0.2769121425170213,
    "MAP_class4": 0.5026816489751796,
    "MAP_class5": 0.30360922689074277,
    "MAP_class6": 0.1507613464277089,
    "MAP_class7": 0.18568029483889437,
    "MAP_class8": 0.16569106817726587,
    "MAP_class9": 0.19085101708940794,
    "MAP_class10": 0.17748916230511946,
    "MAP_class11": 0.15272840788260128,
    "MAP_class12": 0.13594809982104128,
    "MAP_class13": 0.10889419489985458,
    "MAP_class14": 0.08831241660344505,
    "MAP_class15": 0.042007080188444026,
    "MAP_class16": 0.43961690553560456,
    "MAP_class17": 0.0174621477605023,
    "MAP_class18": 0.009429659757797575,
    "MAP_class19": 0.010677025231433688,
    "Aggregate": 40.529446806344296
}