{
    "multi-label/mAP": 18.575763702392578,
    "multi-label/precision": 13.648815155029297,
    "multi-label/recall": 12.340158462524414,
    "multi-label/f1-score": 11.558473587036133,
    "multi-label/precision_micro": 30.480396270751953,
    "multi-label/recall_micro": 20.4596004486084,
    "multi-label/f1-score_micro": 24.484363555908203,
    "AUC/AUC_multilabe": 60.847321218047924,
    "AUC/AUC_class1": 75.34233912611086,
    "AUC/AUC_class2": 52.9445564621444,
    "AUC/AUC_class3": 65.50506550506552,
    "AUC/AUC_class4": 63.80861561424602,
    "AUC/AUC_class5": 60.76240661686233,
    "AUC/AUC_class6": 52.37950310559006,
    "AUC/AUC_class7": 46.10364435254588,
    "AUC/AUC_class8": 51.467111667361976,
    "AUC/AUC_class9": 61.52055602911284,
    "AUC/AUC_class10": 58.006191793336214,
    "AUC/AUC_class11": 48.45631007559027,
    "AUC/AUC_class12": 56.93687230989957,
    "AUC/AUC_class13": 70.48303084560918,
    "AUC/AUC_class14": 48.792839595666706,
    "AUC/AUC_class15": 49.72342045166202,
    "AUC/AUC_class16": 95.32865907099037,
    "AUC/AUC_class17": 65.27070490485126,
    "AUC/AUC_class18": 74.07087294727745,
    "AUC/AUC_class19": 59.196402668987524,
    "MAP_class1": 0.6430182900642955,
    "MAP_class2": 0.1878088941452904,
    "MAP_class3": 0.3360370838088207,
    "MAP_class4": 0.3012756635832328,
    "MAP_class5": 0.26057428597035825,
    "MAP_class6": 0.15749142932109245,
    "MAP_class7": 0.16175864787088923,
    "MAP_class8": 0.12711693007951141,
    "MAP_class9": 0.1835179720877971,
    "MAP_class10": 0.16945493839339063,
    "MAP_class11": 0.10457540042885824,
    "MAP_class12": 0.1467127251212964,
    "MAP_class13": 0.10928582513257654,
    "MAP_class14": 0.08226648396744715,
    "MAP_class15": 0.03289640365493511,
    "MAP_class16": 0.47084294712823466,
    "MAP_class17": 0.024568761431068526,
    "MAP_class18": 0.015456399023487047,
    "MAP_class19": 0.01473592756619424,
    "Aggregate": 39.71154221107337
}