{
    "multi-label/mAP": 24.280912399291992,
    "multi-label/precision": 27.120018005371094,
    "multi-label/recall": 18.300371170043945,
    "multi-label/f1-score": 19.6694278717041,
    "multi-label/precision_micro": 38.13735580444336,
    "multi-label/recall_micro": 27.16827392578125,
    "multi-label/f1-score_micro": 31.731599807739258,
    "AUC/AUC_multilabe": 67.35840899093647,
    "AUC/AUC_class1": 81.91595160077009,
    "AUC/AUC_class2": 57.78633291196106,
    "AUC/AUC_class3": 67.11051711051711,
    "AUC/AUC_class4": 78.40333347153697,
    "AUC/AUC_class5": 61.99925674645526,
    "AUC/AUC_class6": 53.995652173913044,
    "AUC/AUC_class7": 55.64447183728652,
    "AUC/AUC_class8": 68.86385759977749,
    "AUC/AUC_class9": 66.29729198085371,
    "AUC/AUC_class10": 55.46476514324866,
    "AUC/AUC_class11": 72.13192521852739,
    "AUC/AUC_class12": 70.6384505021521,
    "AUC/AUC_class13": 80.9839667941727,
    "AUC/AUC_class14": 62.44009504248722,
    "AUC/AUC_class15": 58.30753615833545,
    "AUC/AUC_class16": 94.3908851884312,
    "AUC/AUC_class17": 62.02090592334495,
    "AUC/AUC_class18": 60.998271391529826,
    "AUC/AUC_class19": 70.41630403249202,
    "MAP_class1": 0.7138129205441073,
    "MAP_class2": 0.2129198216528587,
    "MAP_class3": 0.3948067633883744,
    "MAP_class4": 0.506654614316618,
    "MAP_class5": 0.30836815162882003,
    "MAP_class6": 0.15201404654320638,
    "MAP_class7": 0.22418176143670052,
    "MAP_class8": 0.23759457532315664,
    "MAP_class9": 0.25287962333788594,
    "MAP_class10": 0.1788730831856293,
    "MAP_class11": 0.23156121249433514,
    "MAP_class12": 0.24984083350365696,
    "MAP_class13": 0.19007381562218298,
    "MAP_class14": 0.133693156609974,
    "MAP_class15": 0.039803740274597446,
    "MAP_class16": 0.5256633020973287,
    "MAP_class17": 0.016854461912742476,
    "MAP_class18": 0.009838119077200835,
    "MAP_class19": 0.03393923871892237,
    "Aggregate": 45.81966039459533
}