{
    "multi-label/mAP": 18.920246124267578,
    "multi-label/precision": 17.571386337280273,
    "multi-label/recall": 10.250864028930664,
    "multi-label/f1-score": 10.873822212219238,
    "multi-label/precision_micro": 36.7496337890625,
    "multi-label/recall_micro": 18.606374740600586,
    "multi-label/f1-score_micro": 24.704723358154297,
    "AUC/AUC_multilabe": 59.539209446923714,
    "AUC/AUC_class1": 72.69510780176206,
    "AUC/AUC_class2": 58.9715730419248,
    "AUC/AUC_class3": 67.55230505230504,
    "AUC/AUC_class4": 74.85550810564285,
    "AUC/AUC_class5": 53.3422587284647,
    "AUC/AUC_class6": 54.6863354037267,
    "AUC/AUC_class7": 54.37252718850031,
    "AUC/AUC_class8": 61.4629397858434,
    "AUC/AUC_class9": 73.97350993377484,
    "AUC/AUC_class10": 42.390945771055904,
    "AUC/AUC_class11": 54.50508601113635,
    "AUC/AUC_class12": 39.55738880918221,
    "AUC/AUC_class13": 58.846748596077155,
    "AUC/AUC_class14": 56.54725947404455,
    "AUC/AUC_class15": 54.05988327835575,
    "AUC/AUC_class16": 92.41016652059596,
    "AUC/AUC_class17": 60.45966228893058,
    "AUC/AUC_class18": 46.21866897147797,
    "AUC/AUC_class19": 54.337104728749644,
    "MAP_class1": 0.607054941160341,
    "MAP_class2": 0.2424204190188651,
    "MAP_class3": 0.38117868560689333,
    "MAP_class4": 0.47192499277750044,
    "MAP_class5": 0.20750742991075172,
    "MAP_class6": 0.15413931414085819,
    "MAP_class7": 0.20583238782476126,
    "MAP_class8": 0.17508036607849825,
    "MAP_class9": 0.2488020059267623,
    "MAP_class10": 0.11492538917907608,
    "MAP_class11": 0.14516477522783378,
    "MAP_class12": 0.09407558649617181,
    "MAP_class13": 0.05525989074856233,
    "MAP_class14": 0.09330011058105533,
    "MAP_class15": 0.049780646416623345,
    "MAP_class16": 0.31477729943444566,
    "MAP_class17": 0.016780628015707146,
    "MAP_class18": 0.003965106237136711,
    "MAP_class19": 0.0128767163105776,
    "Aggregate": 39.229727594757705
}