{
    "multi-label/mAP": 15.166770935058594,
    "multi-label/precision": 17.384632110595703,
    "multi-label/recall": 16.731416702270508,
    "multi-label/f1-score": 15.437255859375,
    "multi-label/precision_micro": 14.439140319824219,
    "multi-label/recall_micro": 24.845996856689453,
    "multi-label/f1-score_micro": 18.264150619506836,
    "AUC/AUC_multilabe": 53.4729525762414,
    "AUC/AUC_class1": 60.60554148666767,
    "AUC/AUC_class2": 46.161259894188575,
    "AUC/AUC_class3": 53.56250446205468,
    "AUC/AUC_class4": 53.56250446205468,
    "MAP_class1": 0.28083348941278946,
    "MAP_class2": 0.22562408705044368,
    "MAP_class3": 0.10021832000246979,
    "MAP_class4": -0.0,
    "Aggregate": 34.31992499394198
}