{
    "multi-label/mAP": 17.507591247558594,
    "multi-label/precision": 16.069595336914062,
    "multi-label/recall": 50.365631103515625,
    "multi-label/f1-score": 19.351289749145508,
    "multi-label/precision_micro": 17.23863410949707,
    "multi-label/recall_micro": 64.2327651977539,
    "multi-label/f1-score_micro": 27.18218231201172,
    "AUC/AUC_multilabe": 56.53480628475105,
    "AUC/AUC_class1": 72.12964261580242,
    "AUC/AUC_class2": 51.77968846310556,
    "AUC/AUC_class3": 67.86518661518663,
    "AUC/AUC_class4": 69.43239769476347,
    "AUC/AUC_class5": 49.13287086446104,
    "AUC/AUC_class6": 55.34503105590062,
    "AUC/AUC_class7": 48.190746963039544,
    "AUC/AUC_class8": 61.765401195939376,
    "AUC/AUC_class9": 65.02065438331913,
    "AUC/AUC_class10": 43.734615677417715,
    "AUC/AUC_class11": 57.73244781783681,
    "AUC/AUC_class12": 44.6922525107604,
    "AUC/AUC_class13": 35.89769675266542,
    "AUC/AUC_class14": 53.939631911723254,
    "AUC/AUC_class15": 52.05024105556964,
    "AUC/AUC_class16": 84.07975460122698,
    "AUC/AUC_class17": 52.13079603323507,
    "AUC/AUC_class18": 72.57994814174589,
    "AUC/AUC_class19": 36.662315056570925,
    "MAP_class1": 0.5908554418934734,
    "MAP_class2": 0.18672267979466464,
    "MAP_class3": 0.38899058909982265,
    "MAP_class4": 0.4073337640855186,
    "MAP_class5": 0.19581574809616134,
    "MAP_class6": 0.1535972514319579,
    "MAP_class7": 0.17667426568896744,
    "MAP_class8": 0.18028540933050718,
    "MAP_class9": 0.2072372975776367,
    "MAP_class10": 0.11825614387346961,
    "MAP_class11": 0.14648607097170668,
    "MAP_class12": 0.10900564164223378,
    "MAP_class13": 0.02850820982121937,
    "MAP_class14": 0.08456660374499339,
    "MAP_class15": 0.07041913855070328,
    "MAP_class16": 0.25033348279399853,
    "MAP_class17": 0.013400594882266376,
    "MAP_class18": 0.009817301911446247,
    "MAP_class19": 0.008133621982265186,
    "Aggregate": 37.02119066125187
}