{
    "multi-label/mAP": 25.69022560119629,
    "multi-label/precision": 26.41217803955078,
    "multi-label/recall": 19.78754234313965,
    "multi-label/f1-score": 19.12703514099121,
    "multi-label/precision_micro": 38.99534225463867,
    "multi-label/recall_micro": 27.909561157226562,
    "multi-label/f1-score_micro": 32.53402328491211,
    "AUC/AUC_multilabe": 68.75237528703359,
    "AUC/AUC_class1": 84.08840254491207,
    "AUC/AUC_class2": 58.7161378618665,
    "AUC/AUC_class3": 69.31739431739432,
    "AUC/AUC_class4": 78.31066793814006,
    "AUC/AUC_class5": 58.68129669156883,
    "AUC/AUC_class6": 58.362732919254654,
    "AUC/AUC_class7": 53.534007992524415,
    "AUC/AUC_class8": 72.74509803921569,
    "AUC/AUC_class9": 76.79037440167859,
    "AUC/AUC_class10": 56.2945669551095,
    "AUC/AUC_class11": 75.13376053753072,
    "AUC/AUC_class12": 75.74461979913917,
    "AUC/AUC_class13": 69.44331407178319,
    "AUC/AUC_class14": 68.41246828561073,
    "AUC/AUC_class15": 50.87033747779751,
    "AUC/AUC_class16": 98.1375985977213,
    "AUC/AUC_class17": 65.70624497453765,
    "AUC/AUC_class18": 70.28954191875542,
    "AUC/AUC_class19": 65.71656512909776,
    "MAP_class1": 0.7338403972044135,
    "MAP_class2": 0.21532495732409224,
    "MAP_class3": 0.4038368129930382,
    "MAP_class4": 0.5515771980989448,
    "MAP_class5": 0.2395782883043166,
    "MAP_class6": 0.17887685331766318,
    "MAP_class7": 0.2127358381043254,
    "MAP_class8": 0.2873525260101307,
    "MAP_class9": 0.33943062365092197,
    "MAP_class10": 0.17967403541816446,
    "MAP_class11": 0.2548158277198655,
    "MAP_class12": 0.2739840128869975,
    "MAP_class13": 0.08610562912619368,
    "MAP_class14": 0.1410225181486658,
    "MAP_class15": 0.030198801610204298,
    "MAP_class16": 0.6805957345816747,
    "MAP_class17": 0.02313006587409907,
    "MAP_class18": 0.02130187722277749,
    "MAP_class19": 0.027818547420364156,
    "Aggregate": 47.221452235666405
}