{
    "multi-label/mAP": 21.252727508544922,
    "multi-label/precision": 22.332111358642578,
    "multi-label/recall": 18.096696853637695,
    "multi-label/f1-score": 16.079547882080078,
    "multi-label/precision_micro": 27.401838302612305,
    "multi-label/recall_micro": 24.314306259155273,
    "multi-label/f1-score_micro": 25.765907287597656,
    "AUC/AUC_multilabe": 62.27265714233267,
    "AUC/AUC_class1": 76.47964452831152,
    "AUC/AUC_class2": 55.95910947669742,
    "AUC/AUC_class3": 72.55552255552256,
    "AUC/AUC_class4": 71.46896637505701,
    "AUC/AUC_class5": 54.60721908827566,
    "AUC/AUC_class6": 53.55652173913044,
    "AUC/AUC_class7": 49.168439469550876,
    "AUC/AUC_class8": 66.47545543039911,
    "AUC/AUC_class9": 71.25368828273557,
    "AUC/AUC_class10": 46.501890527063715,
    "AUC/AUC_class11": 50.0365508445578,
    "AUC/AUC_class12": 41.86513629842181,
    "AUC/AUC_class13": 68.53585089932449,
    "AUC/AUC_class14": 58.76827352905642,
    "AUC/AUC_class15": 50.95914742451154,
    "AUC/AUC_class16": 96.22261174408415,
    "AUC/AUC_class17": 46.30125971589386,
    "AUC/AUC_class18": 81.35263612791704,
    "AUC/AUC_class19": 71.11256164780968,
    "MAP_class1": 0.6441744998605448,
    "MAP_class2": 0.20755768787756448,
    "MAP_class3": 0.4389823547645183,
    "MAP_class4": 0.42494079206121804,
    "MAP_class5": 0.21233244544205912,
    "MAP_class6": 0.17081089611806896,
    "MAP_class7": 0.1776213609370506,
    "MAP_class8": 0.2245951145353537,
    "MAP_class9": 0.23007214190273015,
    "MAP_class10": 0.13181275741347254,
    "MAP_class11": 0.14876863135703855,
    "MAP_class12": 0.09314511393551411,
    "MAP_class13": 0.12280923424162711,
    "MAP_class14": 0.10881231338985803,
    "MAP_class15": 0.035933870323522604,
    "MAP_class16": 0.560511091003553,
    "MAP_class17": 0.051228195714160527,
    "MAP_class18": 0.0188546037334604,
    "MAP_class19": 0.035055222338984594,
    "Aggregate": 41.7626925894566
}