{
    "multi-label/mAP": 20.816051483154297,
    "multi-label/precision": 23.235794067382812,
    "multi-label/recall": 19.7583065032959,
    "multi-label/f1-score": 18.010074615478516,
    "multi-label/precision_micro": 30.702417373657227,
    "multi-label/recall_micro": 30.133432388305664,
    "multi-label/f1-score_micro": 30.41526222229004,
    "AUC/AUC_multilabe": 59.383226636610345,
    "AUC/AUC_class1": 71.43572056967271,
    "AUC/AUC_class2": 58.05273770097891,
    "AUC/AUC_class3": 67.64718014718014,
    "AUC/AUC_class4": 79.94527136282599,
    "AUC/AUC_class5": 57.26387406616863,
    "AUC/AUC_class6": 52.57391304347826,
    "AUC/AUC_class7": 49.79074298665924,
    "AUC/AUC_class8": 69.03351411486581,
    "AUC/AUC_class9": 71.45170808471576,
    "AUC/AUC_class10": 46.61037379145837,
    "AUC/AUC_class11": 60.476094192304096,
    "AUC/AUC_class12": 37.7596843615495,
    "AUC/AUC_class13": 58.608692113616016,
    "AUC/AUC_class14": 61.51786073859289,
    "AUC/AUC_class15": 43.70210606445064,
    "AUC/AUC_class16": 95.38124452234882,
    "AUC/AUC_class17": 52.86786384347359,
    "AUC/AUC_class18": 42.545375972342256,
    "AUC/AUC_class19": 51.617348418915,
    "MAP_class1": 0.5680776886033242,
    "MAP_class2": 0.2115502161973916,
    "MAP_class3": 0.37999098531004294,
    "MAP_class4": 0.522146875786855,
    "MAP_class5": 0.22393821598235003,
    "MAP_class6": 0.15861026013670862,
    "MAP_class7": 0.2053169528097264,
    "MAP_class8": 0.23051446098387812,
    "MAP_class9": 0.25049492205608415,
    "MAP_class10": 0.1271394574446635,
    "MAP_class11": 0.16037336178480052,
    "MAP_class12": 0.09388707212179064,
    "MAP_class13": 0.051628443632356184,
    "MAP_class14": 0.12174721346698766,
    "MAP_class15": 0.02847320246207125,
    "MAP_class16": 0.5682814997184473,
    "MAP_class17": 0.0380182549884677,
    "MAP_class18": 0.003650167479100456,
    "MAP_class19": 0.011210560867549145,
    "Aggregate": 40.09963913891727
}