{
    "multi-label/mAP": 22.03752326965332,
    "multi-label/precision": 18.468671798706055,
    "multi-label/recall": 57.411102294921875,
    "multi-label/f1-score": 25.2255859375,
    "multi-label/precision_micro": 20.833332061767578,
    "multi-label/recall_micro": 74.94866180419922,
    "multi-label/f1-score_micro": 32.60383987426758,
    "AUC/AUC_multilabe": 60.72652215463738,
    "AUC/AUC_class1": 66.89781021897811,
    "AUC/AUC_class2": 70.50745738150897,
    "AUC/AUC_class3": 52.7504105090312,
    "AUC/AUC_class4": 52.7504105090312,
    "MAP_class1": 0.35047142572232143,
    "MAP_class2": 0.4375192339694108,
    "MAP_class3": 0.09351029165559877,
    "MAP_class4": -0.0,
    "Aggregate": 41.382022969160325
}