{
    "multi-label/mAP": 20.466039657592773,
    "multi-label/precision": 20.1224422454834,
    "multi-label/recall": 13.61340045928955,
    "multi-label/f1-score": 14.406831741333008,
    "multi-label/precision_micro": 30.503511428833008,
    "multi-label/recall_micro": 19.31060028076172,
    "multi-label/f1-score_micro": 23.64957046508789,
    "AUC/AUC_multilabe": 59.37305859000325,
    "AUC/AUC_class1": 71.25275720059672,
    "AUC/AUC_class2": 54.761855013111294,
    "AUC/AUC_class3": 62.96860046860048,
    "AUC/AUC_class4": 70.9191923379908,
    "AUC/AUC_class5": 51.07247674950449,
    "AUC/AUC_class6": 56.15217391304348,
    "AUC/AUC_class7": 51.200369803368,
    "AUC/AUC_class8": 65.9136420525657,
    "AUC/AUC_class9": 72.97488689266278,
    "AUC/AUC_class10": 44.84672773872662,
    "AUC/AUC_class11": 58.88341058263602,
    "AUC/AUC_class12": 36.78084648493544,
    "AUC/AUC_class13": 67.81354276878001,
    "AUC/AUC_class14": 48.894527002537146,
    "AUC/AUC_class15": 53.5041867546308,
    "AUC/AUC_class16": 96.1042944785276,
    "AUC/AUC_class17": 53.96006432591799,
    "AUC/AUC_class18": 65.14693171996542,
    "AUC/AUC_class19": 44.937626921961126,
    "MAP_class1": 0.58245684744478,
    "MAP_class2": 0.21693594440729846,
    "MAP_class3": 0.3409393545048648,
    "MAP_class4": 0.43350825416357924,
    "MAP_class5": 0.19639243232749787,
    "MAP_class6": 0.16033255435064434,
    "MAP_class7": 0.18723647802782872,
    "MAP_class8": 0.2346088755581654,
    "MAP_class9": 0.25544236087889216,
    "MAP_class10": 0.12266293982577292,
    "MAP_class11": 0.15983583742995333,
    "MAP_class12": 0.09338112916365296,
    "MAP_class13": 0.08593786172691525,
    "MAP_class14": 0.08181443936711498,
    "MAP_class15": 0.038442651685894294,
    "MAP_class16": 0.6197807491428368,
    "MAP_class17": 0.05643698415002092,
    "MAP_class18": 0.0062182470450916245,
    "MAP_class19": 0.016183662961471897,
    "Aggregate": 39.91954930595498
}