{
    "multi-label/mAP": 20.551074981689453,
    "multi-label/precision": 19.601333618164062,
    "multi-label/recall": 22.39386558532715,
    "multi-label/f1-score": 19.6466064453125,
    "multi-label/precision_micro": 27.217945098876953,
    "multi-label/recall_micro": 30.133432388305664,
    "multi-label/f1-score_micro": 28.601581573486328,
    "AUC/AUC_multilabe": 61.7190779776602,
    "AUC/AUC_class1": 72.41205645726816,
    "AUC/AUC_class2": 55.55323394519374,
    "AUC/AUC_class3": 62.13039963039964,
    "AUC/AUC_class4": 77.26398275218706,
    "AUC/AUC_class5": 59.74900899527368,
    "AUC/AUC_class6": 50.94347826086957,
    "AUC/AUC_class7": 54.135435513052464,
    "AUC/AUC_class8": 59.08913920178001,
    "AUC/AUC_class9": 61.84446921513342,
    "AUC/AUC_class10": 52.10939680767377,
    "AUC/AUC_class11": 57.93153326904532,
    "AUC/AUC_class12": 57.065997130559545,
    "AUC/AUC_class13": 71.376251322536,
    "AUC/AUC_class14": 54.304095686843056,
    "AUC/AUC_class15": 55.61786348642477,
    "AUC/AUC_class16": 96.60385626643296,
    "AUC/AUC_class17": 57.83302063789868,
    "AUC/AUC_class18": 53.65168539325842,
    "AUC/AUC_class19": 63.04757760371338,
    "MAP_class1": 0.5828555934183672,
    "MAP_class2": 0.21500319885393632,
    "MAP_class3": 0.3158815455614246,
    "MAP_class4": 0.5070908573065243,
    "MAP_class5": 0.2555237016539421,
    "MAP_class6": 0.1561246348419679,
    "MAP_class7": 0.2061566628260971,
    "MAP_class8": 0.16232353576069508,
    "MAP_class9": 0.19295708152609256,
    "MAP_class10": 0.18259968835313994,
    "MAP_class11": 0.15984618799899777,
    "MAP_class12": 0.14002837165820473,
    "MAP_class13": 0.0727902554221254,
    "MAP_class14": 0.09218691341361712,
    "MAP_class15": 0.041593569214367354,
    "MAP_class16": 0.5796688879063272,
    "MAP_class17": 0.01579391325329038,
    "MAP_class18": 0.005352602159453754,
    "MAP_class19": 0.02092671696419226,
    "Aggregate": 41.13507561539
}