{
    "multi-label/mAP": 20.977657318115234,
    "multi-label/precision": 18.206932067871094,
    "multi-label/recall": 43.260677337646484,
    "multi-label/f1-score": 24.33719253540039,
    "multi-label/precision_micro": 20.692195892333984,
    "multi-label/recall_micro": 57.70020294189453,
    "multi-label/f1-score_micro": 30.46070671081543,
    "AUC/AUC_multilabe": 58.35400069744724,
    "AUC/AUC_class1": 67.9532250856547,
    "AUC/AUC_class2": 52.50140124950443,
    "AUC/AUC_class3": 56.480688227314914,
    "AUC/AUC_class4": 56.480688227314914,
    "MAP_class1": 0.4614617349581966,
    "MAP_class2": 0.26983132671936294,
    "MAP_class3": 0.10896994196061917,
    "MAP_class4": -0.0,
    "Aggregate": 39.68028789420085
}