{
    "multi-label/mAP": 21.244096755981445,
    "multi-label/precision": 13.071124076843262,
    "multi-label/recall": 21.00469970703125,
    "multi-label/f1-score": 15.92857837677002,
    "multi-label/precision_micro": 37.01298904418945,
    "multi-label/recall_micro": 35.11293411254883,
    "multi-label/f1-score_micro": 36.037933349609375,
    "AUC/AUC_multilabe": 58.746963228619954,
    "AUC/AUC_class1": 44.70058096231193,
    "AUC/AUC_class2": 76.7119167726148,
    "AUC/AUC_class3": 56.78767758977654,
    "AUC/AUC_class4": 56.78767758977654,
    "MAP_class1": 0.1943045514933731,
    "MAP_class2": 0.535144566118001,
    "MAP_class3": 0.12031467615281546,
    "MAP_class4": -0.0,
    "Aggregate": 39.99552903636234
}