{
    "multi-label/mAP": 18.753870010375977,
    "multi-label/precision": 14.484428405761719,
    "multi-label/recall": 11.20643424987793,
    "multi-label/f1-score": 11.32065200805664,
    "multi-label/precision_micro": 31.52364158630371,
    "multi-label/recall_micro": 20.01482582092285,
    "multi-label/f1-score_micro": 24.484243392944336,
    "AUC/AUC_multilabe": 60.77343203096516,
    "AUC/AUC_class1": 73.78555673139448,
    "AUC/AUC_class2": 53.8017530479842,
    "AUC/AUC_class3": 60.7076857076857,
    "AUC/AUC_class4": 68.93569385132054,
    "AUC/AUC_class5": 63.728274127153526,
    "AUC/AUC_class6": 53.39937888198758,
    "AUC/AUC_class7": 46.5842893214307,
    "AUC/AUC_class8": 52.07968293700458,
    "AUC/AUC_class9": 60.59340371123205,
    "AUC/AUC_class10": 56.450630598624606,
    "AUC/AUC_class11": 50.33595669891435,
    "AUC/AUC_class12": 54.983500717360116,
    "AUC/AUC_class13": 63.945633596484086,
    "AUC/AUC_class14": 49.243888687527686,
    "AUC/AUC_class15": 56.98299923877188,
    "AUC/AUC_class16": 96.68711656441718,
    "AUC/AUC_class17": 57.27686947199142,
    "AUC/AUC_class18": 73.29299913569575,
    "AUC/AUC_class19": 61.8798955613577,
    "MAP_class1": 0.616923872118855,
    "MAP_class2": 0.19313353122630963,
    "MAP_class3": 0.3020946303469698,
    "MAP_class4": 0.3524433979002749,
    "MAP_class5": 0.29922360289669975,
    "MAP_class6": 0.14688314326521473,
    "MAP_class7": 0.16356041338814697,
    "MAP_class8": 0.12833507830053453,
    "MAP_class9": 0.18413007425421998,
    "MAP_class10": 0.16663466717132544,
    "MAP_class11": 0.10616560459798721,
    "MAP_class12": 0.12944756205654484,
    "MAP_class13": 0.08475057384576531,
    "MAP_class14": 0.09515910311391973,
    "MAP_class15": 0.03650563741423817,
    "MAP_class16": 0.49583411331900046,
    "MAP_class17": 0.02060420299228716,
    "MAP_class18": 0.02435579877112135,
    "MAP_class19": 0.01705040723250799,
    "Aggregate": 39.763651316040274
}