{
    "multi-label/mAP": 23.330270767211914,
    "multi-label/precision": 24.463455200195312,
    "multi-label/recall": 16.134601593017578,
    "multi-label/f1-score": 18.516395568847656,
    "multi-label/precision_micro": 41.97182846069336,
    "multi-label/recall_micro": 27.613046646118164,
    "multi-label/f1-score_micro": 33.310977935791016,
    "AUC/AUC_multilabe": 68.74426243205461,
    "AUC/AUC_class1": 83.5546531346024,
    "AUC/AUC_class2": 59.364911877474704,
    "AUC/AUC_class3": 72.73743523743525,
    "AUC/AUC_class4": 81.34292466520169,
    "AUC/AUC_class5": 62.616252477511814,
    "AUC/AUC_class6": 59.07080745341615,
    "AUC/AUC_class7": 57.36226812732369,
    "AUC/AUC_class8": 69.31233486302322,
    "AUC/AUC_class9": 74.66395646187135,
    "AUC/AUC_class10": 52.54332986525236,
    "AUC/AUC_class11": 71.83096400908326,
    "AUC/AUC_class12": 72.42037302725969,
    "AUC/AUC_class13": 76.4954830308456,
    "AUC/AUC_class14": 64.66312270951633,
    "AUC/AUC_class15": 52.23293580309566,
    "AUC/AUC_class16": 85.11393514460998,
    "AUC/AUC_class17": 70.20905923344948,
    "AUC/AUC_class18": 74.17891097666379,
    "AUC/AUC_class19": 66.42732811140122,
    "MAP_class1": 0.7529092552306741,
    "MAP_class2": 0.22048230670895014,
    "MAP_class3": 0.4418489562104384,
    "MAP_class4": 0.5345964466976657,
    "MAP_class5": 0.264281146510366,
    "MAP_class6": 0.19311144970661506,
    "MAP_class7": 0.21310086305339385,
    "MAP_class8": 0.27282685405486023,
    "MAP_class9": 0.27194471071506493,
    "MAP_class10": 0.14652299670818453,
    "MAP_class11": 0.26344147381904215,
    "MAP_class12": 0.2472276052944572,
    "MAP_class13": 0.1283059761979741,
    "MAP_class14": 0.13786334532981295,
    "MAP_class15": 0.03462661249056847,
    "MAP_class16": 0.1767688496385624,
    "MAP_class17": 0.07666402841777,
    "MAP_class18": 0.02596682781550878,
    "MAP_class19": 0.03026194726306164,
    "Aggregate": 46.0372671419825
}