{
    "multi-label/mAP": 22.269824981689453,
    "multi-label/precision": 24.888700485229492,
    "multi-label/recall": 14.617926597595215,
    "multi-label/f1-score": 16.94232749938965,
    "multi-label/precision_micro": 38.380897521972656,
    "multi-label/recall_micro": 24.425500869750977,
    "multi-label/f1-score_micro": 29.85277557373047,
    "AUC/AUC_multilabe": 64.732742678381,
    "AUC/AUC_class1": 74.30320919024366,
    "AUC/AUC_class2": 56.2411851356575,
    "AUC/AUC_class3": 65.5091905091905,
    "AUC/AUC_class4": 74.01384800364858,
    "AUC/AUC_class5": 61.290307211465155,
    "AUC/AUC_class6": 51.07267080745341,
    "AUC/AUC_class7": 52.421615603316305,
    "AUC/AUC_class8": 68.03852037268807,
    "AUC/AUC_class9": 77.79883286341878,
    "AUC/AUC_class10": 53.08828380744537,
    "AUC/AUC_class11": 69.93420847979594,
    "AUC/AUC_class12": 63.87948350071736,
    "AUC/AUC_class13": 60.41344510458209,
    "AUC/AUC_class14": 64.30167935242237,
    "AUC/AUC_class15": 51.15199188023345,
    "AUC/AUC_class16": 92.97984224364592,
    "AUC/AUC_class17": 58.40257303671939,
    "AUC/AUC_class18": 69.79256698357821,
    "AUC/AUC_class19": 65.28865680301712,
    "MAP_class1": 0.638326768664588,
    "MAP_class2": 0.20041552110153948,
    "MAP_class3": 0.3551993641306159,
    "MAP_class4": 0.43384606944921483,
    "MAP_class5": 0.26601565268810823,
    "MAP_class6": 0.16102602279668765,
    "MAP_class7": 0.19697540716363393,
    "MAP_class8": 0.24204779070277407,
    "MAP_class9": 0.3317582265446367,
    "MAP_class10": 0.14936763578776463,
    "MAP_class11": 0.2664944770056272,
    "MAP_class12": 0.18679762422345253,
    "MAP_class13": 0.056311636560557266,
    "MAP_class14": 0.12217123143133646,
    "MAP_class15": 0.030271762249120246,
    "MAP_class16": 0.5411587017577225,
    "MAP_class17": 0.01584146666401784,
    "MAP_class18": 0.007803452621150052,
    "MAP_class19": 0.029438297862593596,
    "Aggregate": 43.5012847849935
}