{
    "multi-label/mAP": 20.53425407409668,
    "multi-label/precision": 22.223342895507812,
    "multi-label/recall": 16.82415771484375,
    "multi-label/f1-score": 16.220611572265625,
    "multi-label/precision_micro": 24.595186233520508,
    "multi-label/recall_micro": 20.830245971679688,
    "multi-label/f1-score_micro": 22.55669593811035,
    "AUC/AUC_multilabe": 59.8576293830759,
    "AUC/AUC_class1": 72.15737399752649,
    "AUC/AUC_class2": 57.73252959182608,
    "AUC/AUC_class3": 59.78822228822229,
    "AUC/AUC_class4": 75.67768149591609,
    "AUC/AUC_class5": 50.73086598566855,
    "AUC/AUC_class6": 60.90186335403727,
    "AUC/AUC_class7": 50.532337912797985,
    "AUC/AUC_class8": 61.67222917535808,
    "AUC/AUC_class9": 68.28535833715821,
    "AUC/AUC_class10": 50.871672545486845,
    "AUC/AUC_class11": 57.53414004417209,
    "AUC/AUC_class12": 43.76327116212339,
    "AUC/AUC_class13": 61.67494099454708,
    "AUC/AUC_class14": 59.505255527364994,
    "AUC/AUC_class15": 44.04212128901294,
    "AUC/AUC_class16": 94.022787028922,
    "AUC/AUC_class17": 61.551862771374964,
    "AUC/AUC_class18": 49.43820224719101,
    "AUC/AUC_class19": 57.412242529736005,
    "MAP_class1": 0.6081574802909462,
    "MAP_class2": 0.23331752345888834,
    "MAP_class3": 0.31402580417173515,
    "MAP_class4": 0.5018076890429541,
    "MAP_class5": 0.21279768227798193,
    "MAP_class6": 0.20118097230630827,
    "MAP_class7": 0.1967524763972093,
    "MAP_class8": 0.18947537822121585,
    "MAP_class9": 0.22567171883547005,
    "MAP_class10": 0.13500412982650334,
    "MAP_class11": 0.15377824984187205,
    "MAP_class12": 0.09615683871878444,
    "MAP_class13": 0.07149123861492088,
    "MAP_class14": 0.09741706128877559,
    "MAP_class15": 0.04092546673838907,
    "MAP_class16": 0.5668544674760598,
    "MAP_class17": 0.03002943652526297,
    "MAP_class18": 0.004069320738490274,
    "MAP_class19": 0.02259525950401322,
    "Aggregate": 40.19594151857948
}