{
    "multi-label/mAP": 20.000747680664062,
    "multi-label/precision": 18.38510513305664,
    "multi-label/recall": 50.96744918823242,
    "multi-label/f1-score": 23.161378860473633,
    "multi-label/precision_micro": 18.460647583007812,
    "multi-label/recall_micro": 65.50308227539062,
    "multi-label/f1-score_micro": 28.803611755371094,
    "AUC/AUC_multilabe": 61.113867920135576,
    "AUC/AUC_class1": 62.84671532846715,
    "AUC/AUC_class2": 61.58662456082789,
    "AUC/AUC_class3": 60.01106589562362,
    "AUC/AUC_class4": 60.01106589562362,
    "MAP_class1": 0.32898956610226937,
    "MAP_class2": 0.35050360525218904,
    "MAP_class3": 0.12054136583661262,
    "MAP_class4": -0.0,
    "Aggregate": 40.55736567495617
}