{
    "multi-label/mAP": 23.88579750061035,
    "multi-label/precision": 26.803926467895508,
    "multi-label/recall": 19.864538192749023,
    "multi-label/f1-score": 21.422286987304688,
    "multi-label/precision_micro": 41.99706268310547,
    "multi-label/recall_micro": 31.801334381103516,
    "multi-label/f1-score_micro": 36.19489288330078,
    "AUC/AUC_multilabe": 66.35193640930751,
    "AUC/AUC_class1": 86.17383432571306,
    "AUC/AUC_class2": 57.30732665406032,
    "AUC/AUC_class3": 72.7931227931228,
    "AUC/AUC_class4": 82.78659977611011,
    "AUC/AUC_class5": 63.83690349138589,
    "AUC/AUC_class6": 52.86211180124224,
    "AUC/AUC_class7": 51.57812593196414,
    "AUC/AUC_class8": 67.90571547768045,
    "AUC/AUC_class9": 77.88505671759228,
    "AUC/AUC_class10": 57.74037607531657,
    "AUC/AUC_class11": 67.19911655831027,
    "AUC/AUC_class12": 66.8177905308465,
    "AUC/AUC_class13": 74.33873199316352,
    "AUC/AUC_class14": 60.78087874028433,
    "AUC/AUC_class15": 53.03983760466887,
    "AUC/AUC_class16": 86.954425942156,
    "AUC/AUC_class17": 66.53712141517019,
    "AUC/AUC_class18": 51.080380293863435,
    "AUC/AUC_class19": 63.06933565419205,
    "MAP_class1": 0.7742860336457029,
    "MAP_class2": 0.19704434048120378,
    "MAP_class3": 0.44652192703280014,
    "MAP_class4": 0.5774529507801456,
    "MAP_class5": 0.31890602912048865,
    "MAP_class6": 0.15259581324790011,
    "MAP_class7": 0.1979827044712823,
    "MAP_class8": 0.23126316747624093,
    "MAP_class9": 0.3413440475213283,
    "MAP_class10": 0.18337111937426306,
    "MAP_class11": 0.2002464085894832,
    "MAP_class12": 0.2026364264664236,
    "MAP_class13": 0.11029953552602928,
    "MAP_class14": 0.12927173633044442,
    "MAP_class15": 0.03471200635988331,
    "MAP_class16": 0.3913036358196151,
    "MAP_class17": 0.020515339782729108,
    "MAP_class18": 0.005920262198844516,
    "MAP_class19": 0.020060063277478116,
    "Aggregate": 45.11210911913346
}