{
    "multi-label/mAP": 22.21515655517578,
    "multi-label/precision": 26.51911163330078,
    "multi-label/recall": 16.820749282836914,
    "multi-label/f1-score": 19.090301513671875,
    "multi-label/precision_micro": 36.43141174316406,
    "multi-label/recall_micro": 27.16827392578125,
    "multi-label/f1-score_micro": 31.12526512145996,
    "AUC/AUC_multilabe": 64.14891718078746,
    "AUC/AUC_class1": 81.39017097831216,
    "AUC/AUC_class2": 58.19220844346472,
    "AUC/AUC_class3": 67.76350526350527,
    "AUC/AUC_class4": 77.6340229694432,
    "AUC/AUC_class5": 59.772831224272,
    "AUC/AUC_class6": 57.28944099378881,
    "AUC/AUC_class7": 51.90120683142136,
    "AUC/AUC_class8": 69.24141287720762,
    "AUC/AUC_class9": 69.3069306930693,
    "AUC/AUC_class10": 55.33407770193113,
    "AUC/AUC_class11": 63.547920490247925,
    "AUC/AUC_class12": 63.00645624103301,
    "AUC/AUC_class13": 73.01823065028078,
    "AUC/AUC_class14": 58.29104748097137,
    "AUC/AUC_class15": 54.704389748794725,
    "AUC/AUC_class16": 88.01489921121824,
    "AUC/AUC_class17": 47.86250335030823,
    "AUC/AUC_class18": 56.95764909248056,
    "AUC/AUC_class19": 65.60052219321149,
    "MAP_class1": 0.7006332972819093,
    "MAP_class2": 0.20569011783538282,
    "MAP_class3": 0.36964384197409134,
    "MAP_class4": 0.48870635505736093,
    "MAP_class5": 0.24928311096353678,
    "MAP_class6": 0.19346541042132032,
    "MAP_class7": 0.19712496447873434,
    "MAP_class8": 0.21084491021273608,
    "MAP_class9": 0.27372081849806845,
    "MAP_class10": 0.17472372816039378,
    "MAP_class11": 0.1808460006661869,
    "MAP_class12": 0.17241088884119227,
    "MAP_class13": 0.16919647612314523,
    "MAP_class14": 0.12569178984453794,
    "MAP_class15": 0.03362081809389181,
    "MAP_class16": 0.421635477661321,
    "MAP_class17": 0.023658280176851967,
    "MAP_class18": 0.013761328675811717,
    "MAP_class19": 0.01710495594821038,
    "Aggregate": 43.184360092800794
}