{
    "multi-label/mAP": 21.25414276123047,
    "multi-label/precision": 23.201791763305664,
    "multi-label/recall": 18.9544734954834,
    "multi-label/f1-score": 19.948808670043945,
    "multi-label/precision_micro": 34.03587341308594,
    "multi-label/recall_micro": 28.13195037841797,
    "multi-label/f1-score_micro": 30.803571701049805,
    "AUC/AUC_multilabe": 63.27312211626663,
    "AUC/AUC_class1": 76.84047124223841,
    "AUC/AUC_class2": 55.085719658583976,
    "AUC/AUC_class3": 65.55002805002805,
    "AUC/AUC_class4": 80.76951780753764,
    "AUC/AUC_class5": 71.1093535599939,
    "AUC/AUC_class6": 53.98695652173914,
    "AUC/AUC_class7": 57.3622681273237,
    "AUC/AUC_class8": 56.338478653872905,
    "AUC/AUC_class9": 69.3534850173759,
    "AUC/AUC_class10": 51.63993706701855,
    "AUC/AUC_class11": 62.76168849348305,
    "AUC/AUC_class12": 54.77977044476327,
    "AUC/AUC_class13": 78.44062830634005,
    "AUC/AUC_class14": 59.38343200032219,
    "AUC/AUC_class15": 52.27607206292819,
    "AUC/AUC_class16": 83.97020157756356,
    "AUC/AUC_class17": 50.536049316537124,
    "AUC/AUC_class18": 65.53586862575627,
    "AUC/AUC_class19": 56.469393675659994,
    "MAP_class1": 0.6757537762584891,
    "MAP_class2": 0.2009806383482674,
    "MAP_class3": 0.3592432481722727,
    "MAP_class4": 0.5833279261690184,
    "MAP_class5": 0.37853646222863063,
    "MAP_class6": 0.16356892001838494,
    "MAP_class7": 0.21801540981495168,
    "MAP_class8": 0.1598483792639508,
    "MAP_class9": 0.22555490387111143,
    "MAP_class10": 0.15163185818839095,
    "MAP_class11": 0.15222671077947691,
    "MAP_class12": 0.15302729943768717,
    "MAP_class13": 0.12114108237168161,
    "MAP_class14": 0.11908226926517647,
    "MAP_class15": 0.03373652105974341,
    "MAP_class16": 0.30488909441365153,
    "MAP_class17": 0.012699336053306974,
    "MAP_class18": 0.0076040631440061224,
    "MAP_class19": 0.017555628253821932,
    "Aggregate": 42.26399139263863
}