{
    "multi-label/mAP": 19.414026260375977,
    "multi-label/precision": 22.007854461669922,
    "multi-label/recall": 12.21912956237793,
    "multi-label/f1-score": 13.762728691101074,
    "multi-label/precision_micro": 34.0480842590332,
    "multi-label/recall_micro": 19.42179298400879,
    "multi-label/f1-score_micro": 24.734479904174805,
    "AUC/AUC_multilabe": 57.59271464103661,
    "AUC/AUC_class1": 70.6627481480537,
    "AUC/AUC_class2": 52.945078824475814,
    "AUC/AUC_class3": 63.50650100650101,
    "AUC/AUC_class4": 73.86707574940918,
    "AUC/AUC_class5": 50.09004802561366,
    "AUC/AUC_class6": 54.99937888198757,
    "AUC/AUC_class7": 47.631071435672105,
    "AUC/AUC_class8": 68.61284939507719,
    "AUC/AUC_class9": 71.86086158284701,
    "AUC/AUC_class10": 46.774050295632755,
    "AUC/AUC_class11": 53.92416088593026,
    "AUC/AUC_class12": 35.54088952654232,
    "AUC/AUC_class13": 64.0046390494018,
    "AUC/AUC_class14": 56.39120454270871,
    "AUC/AUC_class15": 49.57878710987059,
    "AUC/AUC_class16": 91.75723049956179,
    "AUC/AUC_class17": 49.72527472527472,
    "AUC/AUC_class18": 41.98357821953327,
    "AUC/AUC_class19": 50.406150275601966,
    "MAP_class1": 0.5620340509994777,
    "MAP_class2": 0.18541412518853836,
    "MAP_class3": 0.33816912571584856,
    "MAP_class4": 0.4403946309799729,
    "MAP_class5": 0.19671865698315413,
    "MAP_class6": 0.16008318445096917,
    "MAP_class7": 0.18478201974671668,
    "MAP_class8": 0.23136213956222246,
    "MAP_class9": 0.25943068556301646,
    "MAP_class10": 0.12627680296232807,
    "MAP_class11": 0.12628058863323077,
    "MAP_class12": 0.08441270982408844,
    "MAP_class13": 0.053193090438004804,
    "MAP_class14": 0.10870378043461654,
    "MAP_class15": 0.030826737933759816,
    "MAP_class16": 0.5642782200775518,
    "MAP_class17": 0.02133159289548714,
    "MAP_class18": 0.0035117200729989436,
    "MAP_class19": 0.01146142061673611,
    "Aggregate": 38.503371223357036
}