{
    "multi-label/mAP": 21.869096755981445,
    "multi-label/precision": 25.160844802856445,
    "multi-label/recall": 16.416561126708984,
    "multi-label/f1-score": 19.181991577148438,
    "multi-label/precision_micro": 37.2818603515625,
    "multi-label/recall_micro": 26.130468368530273,
    "multi-label/f1-score_micro": 30.72564697265625,
    "AUC/AUC_multilabe": 64.58576220255816,
    "AUC/AUC_class1": 81.40818043885709,
    "AUC/AUC_class2": 58.431450391249385,
    "AUC/AUC_class3": 69.02039402039402,
    "AUC/AUC_class4": 76.48036817446825,
    "AUC/AUC_class5": 58.37970727245008,
    "AUC/AUC_class6": 56.75527950310559,
    "AUC/AUC_class7": 52.79390420899854,
    "AUC/AUC_class8": 66.88221387845918,
    "AUC/AUC_class9": 68.68664349878696,
    "AUC/AUC_class10": 54.36978201842313,
    "AUC/AUC_class11": 65.68420070302051,
    "AUC/AUC_class12": 63.28120516499284,
    "AUC/AUC_class13": 74.72125010173355,
    "AUC/AUC_class14": 61.31851314888648,
    "AUC/AUC_class15": 52.788632326820604,
    "AUC/AUC_class16": 92.63365468886941,
    "AUC/AUC_class17": 51.882873224336635,
    "AUC/AUC_class18": 56.503889369057916,
    "AUC/AUC_class19": 65.1073397156948,
    "MAP_class1": 0.7249402853378922,
    "MAP_class2": 0.21325877383855835,
    "MAP_class3": 0.401908048734836,
    "MAP_class4": 0.49181746065139353,
    "MAP_class5": 0.2634616847054895,
    "MAP_class6": 0.17417968811935858,
    "MAP_class7": 0.19542186824808888,
    "MAP_class8": 0.19096627561050195,
    "MAP_class9": 0.26321262739401496,
    "MAP_class10": 0.15773869812853647,
    "MAP_class11": 0.16258701324700134,
    "MAP_class12": 0.18624862823727767,
    "MAP_class13": 0.20404014480009391,
    "MAP_class14": 0.13113217044439046,
    "MAP_class15": 0.03764931462409388,
    "MAP_class16": 0.31319475876479974,
    "MAP_class17": 0.020511024598686207,
    "MAP_class18": 0.005933286874920518,
    "MAP_class19": 0.022622273370670527,
    "Aggregate": 43.24241801109646
}