{
    "multi-label/mAP": 25.654809951782227,
    "multi-label/precision": 29.06663703918457,
    "multi-label/recall": 23.300077438354492,
    "multi-label/f1-score": 24.050247192382812,
    "multi-label/precision_micro": 40.088497161865234,
    "multi-label/recall_micro": 33.5804328918457,
    "multi-label/f1-score_micro": 36.5469970703125,
    "AUC/AUC_multilabe": 66.8000233151013,
    "AUC/AUC_class1": 83.68518187961394,
    "AUC/AUC_class2": 57.51365977496631,
    "AUC/AUC_class3": 69.0026565026565,
    "AUC/AUC_class4": 78.11186201749656,
    "AUC/AUC_class5": 69.15497789297149,
    "AUC/AUC_class6": 61.339130434782604,
    "AUC/AUC_class7": 48.008827564268245,
    "AUC/AUC_class8": 62.94882492003894,
    "AUC/AUC_class9": 79.06497934561668,
    "AUC/AUC_class10": 51.291648691856786,
    "AUC/AUC_class11": 68.44884437116995,
    "AUC/AUC_class12": 72.71377331420373,
    "AUC/AUC_class13": 73.95824855538375,
    "AUC/AUC_class14": 68.88163988562684,
    "AUC/AUC_class15": 47.85841157066734,
    "AUC/AUC_class16": 95.69237510955301,
    "AUC/AUC_class17": 53.2967032967033,
    "AUC/AUC_class18": 66.48660328435611,
    "AUC/AUC_class19": 61.74209457499275,
    "MAP_class1": 0.7229575391675016,
    "MAP_class2": 0.21383864519257378,
    "MAP_class3": 0.409667422924742,
    "MAP_class4": 0.49359916447432994,
    "MAP_class5": 0.3834744851298093,
    "MAP_class6": 0.19291745127058474,
    "MAP_class7": 0.1832651642806515,
    "MAP_class8": 0.19310113379114938,
    "MAP_class9": 0.34790498603833786,
    "MAP_class10": 0.1394984659961807,
    "MAP_class11": 0.20393135166829765,
    "MAP_class12": 0.2551077454287448,
    "MAP_class13": 0.11312469614599252,
    "MAP_class14": 0.17269018599744224,
    "MAP_class15": 0.028026576453091236,
    "MAP_class16": 0.6890027976126503,
    "MAP_class17": 0.019891977833098595,
    "MAP_class18": 0.08926637262729079,
    "MAP_class19": 0.023130326200573183,
    "Aggregate": 46.22737083711129
}