{
    "multi-label/mAP": 24.926647186279297,
    "multi-label/precision": 26.54244613647461,
    "multi-label/recall": 22.77474021911621,
    "multi-label/f1-score": 22.4617977142334,
    "multi-label/precision_micro": 38.6971549987793,
    "multi-label/recall_micro": 33.246849060058594,
    "multi-label/f1-score_micro": 35.76555252075195,
    "AUC/AUC_multilabe": 68.52243907056837,
    "AUC/AUC_class1": 84.90631893001492,
    "AUC/AUC_class2": 61.570848003008805,
    "AUC/AUC_class3": 71.23407748407749,
    "AUC/AUC_class4": 76.59231311414237,
    "AUC/AUC_class5": 62.966439243787164,
    "AUC/AUC_class6": 54.62236024844721,
    "AUC/AUC_class7": 54.03403781537667,
    "AUC/AUC_class8": 73.39313030176609,
    "AUC/AUC_class9": 75.5766834961642,
    "AUC/AUC_class10": 52.908747176897506,
    "AUC/AUC_class11": 72.26413040097053,
    "AUC/AUC_class12": 72.35150645624104,
    "AUC/AUC_class13": 68.26117034263855,
    "AUC/AUC_class14": 66.16225685634892,
    "AUC/AUC_class15": 54.37706165947729,
    "AUC/AUC_class16": 97.09027169149869,
    "AUC/AUC_class17": 55.29348700080408,
    "AUC/AUC_class18": 76.49092480553155,
    "AUC/AUC_class19": 71.83057731360603,
    "MAP_class1": 0.753457036780101,
    "MAP_class2": 0.24309704385387737,
    "MAP_class3": 0.42846738997942085,
    "MAP_class4": 0.5041602108849975,
    "MAP_class5": 0.2887806281404988,
    "MAP_class6": 0.1687185112472143,
    "MAP_class7": 0.20548567885562968,
    "MAP_class8": 0.27246008211643336,
    "MAP_class9": 0.3269060990478804,
    "MAP_class10": 0.18348789215290456,
    "MAP_class11": 0.24576499348423803,
    "MAP_class12": 0.25751167954591714,
    "MAP_class13": 0.07322646688667384,
    "MAP_class14": 0.14584313260819687,
    "MAP_class15": 0.0336628538405004,
    "MAP_class16": 0.5542160358636744,
    "MAP_class17": 0.013487447125512735,
    "MAP_class18": 0.012344566311681397,
    "MAP_class19": 0.024287780009092833,
    "Aggregate": 46.722707768795885
}