{
    "multi-label/mAP": 16.691434860229492,
    "multi-label/precision": 15.05749797821045,
    "multi-label/recall": 11.253535270690918,
    "multi-label/f1-score": 10.660558700561523,
    "multi-label/precision_micro": 31.57894515991211,
    "multi-label/recall_micro": 22.23869514465332,
    "multi-label/f1-score_micro": 26.09830093383789,
    "AUC/AUC_multilabe": 56.1632249989879,
    "AUC/AUC_class1": 74.95123101834734,
    "AUC/AUC_class2": 51.807373666670145,
    "AUC/AUC_class3": 60.59754809754809,
    "AUC/AUC_class4": 60.43409759940296,
    "AUC/AUC_class5": 57.520201250190574,
    "AUC/AUC_class6": 51.2639751552795,
    "AUC/AUC_class7": 44.24369246674752,
    "AUC/AUC_class8": 58.01418439716313,
    "AUC/AUC_class9": 53.96367451314668,
    "AUC/AUC_class10": 57.15545461466236,
    "AUC/AUC_class11": 53.547764954739165,
    "AUC/AUC_class12": 56.14203730272597,
    "AUC/AUC_class13": 59.24147472938878,
    "AUC/AUC_class14": 44.067898997221214,
    "AUC/AUC_class15": 50.215681299162654,
    "AUC/AUC_class16": 90.61787905346188,
    "AUC/AUC_class17": 57.223264540337716,
    "AUC/AUC_class18": 28.522039757994815,
    "AUC/AUC_class19": 57.57180156657963,
    "MAP_class1": 0.6145041760881673,
    "MAP_class2": 0.18933350472049204,
    "MAP_class3": 0.2950632281068707,
    "MAP_class4": 0.2962778776034185,
    "MAP_class5": 0.2663107645532244,
    "MAP_class6": 0.1415747725492872,
    "MAP_class7": 0.15393335958744445,
    "MAP_class8": 0.15249988239327933,
    "MAP_class9": 0.16278230995801377,
    "MAP_class10": 0.18254115335176874,
    "MAP_class11": 0.13102648771517844,
    "MAP_class12": 0.1324642866964834,
    "MAP_class13": 0.04942693307127875,
    "MAP_class14": 0.0697014809229215,
    "MAP_class15": 0.03041339068328172,
    "MAP_class16": 0.25906370567960735,
    "MAP_class17": 0.02713357203372467,
    "MAP_class18": 0.002914038361108451,
    "MAP_class19": 0.014407393388525954,
    "Aggregate": 36.427329124399414
}