{
    "multi-label/mAP": 23.445459365844727,
    "multi-label/precision": 24.429006576538086,
    "multi-label/recall": 14.638628959655762,
    "multi-label/f1-score": 15.474148750305176,
    "multi-label/precision_micro": 37.5192985534668,
    "multi-label/recall_micro": 27.020015716552734,
    "multi-label/f1-score_micro": 31.4156436920166,
    "AUC/AUC_multilabe": 66.21552954439908,
    "AUC/AUC_class1": 76.39103160740014,
    "AUC/AUC_class2": 57.34336965492744,
    "AUC/AUC_class3": 71.93924693924694,
    "AUC/AUC_class4": 70.51494672250094,
    "AUC/AUC_class5": 65.76221603903035,
    "AUC/AUC_class6": 52.27142857142858,
    "AUC/AUC_class7": 56.50635226753086,
    "AUC/AUC_class8": 69.61827284105131,
    "AUC/AUC_class9": 77.02773588617139,
    "AUC/AUC_class10": 57.93894485751263,
    "AUC/AUC_class11": 75.43783245714997,
    "AUC/AUC_class12": 62.79268292682926,
    "AUC/AUC_class13": 67.54903556604542,
    "AUC/AUC_class14": 57.93262454190325,
    "AUC/AUC_class15": 52.24562293834052,
    "AUC/AUC_class16": 92.21297107800174,
    "AUC/AUC_class17": 58.68399892790137,
    "AUC/AUC_class18": 69.1875540190147,
    "AUC/AUC_class19": 66.73919350159558,
    "MAP_class1": 0.6652751744011655,
    "MAP_class2": 0.20554024694594,
    "MAP_class3": 0.4333029318820677,
    "MAP_class4": 0.4152556185314018,
    "MAP_class5": 0.30942071425934425,
    "MAP_class6": 0.15648997300606893,
    "MAP_class7": 0.2382454798761848,
    "MAP_class8": 0.24733681502611954,
    "MAP_class9": 0.34009491483111204,
    "MAP_class10": 0.17759415895369055,
    "MAP_class11": 0.350075283650001,
    "MAP_class12": 0.16009892939354842,
    "MAP_class13": 0.08157593043468443,
    "MAP_class14": 0.10647973338079807,
    "MAP_class15": 0.03396430719358229,
    "MAP_class16": 0.4500820539303251,
    "MAP_class17": 0.01550574472519629,
    "MAP_class18": 0.03589140221415367,
    "MAP_class19": 0.032408231221402656,
    "Aggregate": 44.83049541392793
}