{
    "multi-label/mAP": 23.6068058013916,
    "multi-label/precision": 19.227022171020508,
    "multi-label/recall": 61.75344467163086,
    "multi-label/f1-score": 27.537002563476562,
    "multi-label/precision_micro": 20.39547348022461,
    "multi-label/recall_micro": 74.16604614257812,
    "multi-label/f1-score_micro": 31.992961883544922,
    "AUC/AUC_multilabe": 64.51705133900721,
    "AUC/AUC_class1": 78.91299358671955,
    "AUC/AUC_class2": 59.610944535567654,
    "AUC/AUC_class3": 70.31770781770781,
    "AUC/AUC_class4": 73.78249512832207,
    "AUC/AUC_class5": 61.72863622503431,
    "AUC/AUC_class6": 56.73478260869565,
    "AUC/AUC_class7": 51.369365966161,
    "AUC/AUC_class8": 64.73856209150325,
    "AUC/AUC_class9": 73.28962035276376,
    "AUC/AUC_class10": 46.630040348161494,
    "AUC/AUC_class11": 68.71325473605624,
    "AUC/AUC_class12": 68.38378766140603,
    "AUC/AUC_class13": 64.03312444046554,
    "AUC/AUC_class14": 57.94671982602393,
    "AUC/AUC_class15": 53.8721136767318,
    "AUC/AUC_class16": 93.47502191060474,
    "AUC/AUC_class17": 60.84829804341999,
    "AUC/AUC_class18": 59.72342264477095,
    "AUC/AUC_class19": 61.713083841021174,
    "MAP_class1": 0.6806007466562853,
    "MAP_class2": 0.2186072000506152,
    "MAP_class3": 0.39689288287501084,
    "MAP_class4": 0.46382734325392555,
    "MAP_class5": 0.33541412261114,
    "MAP_class6": 0.17381206951164296,
    "MAP_class7": 0.19544522395737104,
    "MAP_class8": 0.19498937821350698,
    "MAP_class9": 0.2818078207040321,
    "MAP_class10": 0.12627456609849372,
    "MAP_class11": 0.2056617009332256,
    "MAP_class12": 0.2580587003310574,
    "MAP_class13": 0.059998608758556074,
    "MAP_class14": 0.11351625071903443,
    "MAP_class15": 0.040460115413132755,
    "MAP_class16": 0.5936842569543345,
    "MAP_class17": 0.016836884349879497,
    "MAP_class18": 0.09153504985357101,
    "MAP_class19": 0.037870008342872685,
    "Aggregate": 44.061928115787
}