{
    "multi-label/mAP": 20.580345153808594,
    "multi-label/precision": 21.9860897064209,
    "multi-label/recall": 17.625091552734375,
    "multi-label/f1-score": 16.72688865661621,
    "multi-label/precision_micro": 30.530786514282227,
    "multi-label/recall_micro": 26.649370193481445,
    "multi-label/f1-score_micro": 28.458341598510742,
    "AUC/AUC_multilabe": 60.302571428993396,
    "AUC/AUC_class1": 70.73717662658898,
    "AUC/AUC_class2": 56.575497027758324,
    "AUC/AUC_class3": 68.96305646305647,
    "AUC/AUC_class4": 73.9709357767735,
    "AUC/AUC_class5": 55.711141180057936,
    "AUC/AUC_class6": 56.74534161490683,
    "AUC/AUC_class7": 49.86579716484084,
    "AUC/AUC_class8": 63.22834098178278,
    "AUC/AUC_class9": 74.75444233165038,
    "AUC/AUC_class10": 49.477250234729865,
    "AUC/AUC_class11": 57.7378915606433,
    "AUC/AUC_class12": 51.422525107604024,
    "AUC/AUC_class13": 61.746154472206406,
    "AUC/AUC_class14": 60.107325520518714,
    "AUC/AUC_class15": 45.831007358538436,
    "AUC/AUC_class16": 91.13935144609991,
    "AUC/AUC_class17": 51.36022514071294,
    "AUC/AUC_class18": 64.54191875540191,
    "AUC/AUC_class19": 41.83347838700319,
    "MAP_class1": 0.5877236477150608,
    "MAP_class2": 0.20485912365150089,
    "MAP_class3": 0.396328612645904,
    "MAP_class4": 0.4511192932263598,
    "MAP_class5": 0.2162751349695206,
    "MAP_class6": 0.17361434246151897,
    "MAP_class7": 0.19607489939612316,
    "MAP_class8": 0.18865892864439932,
    "MAP_class9": 0.2598150650122442,
    "MAP_class10": 0.142464928837028,
    "MAP_class11": 0.1596959812414187,
    "MAP_class12": 0.12714549649439177,
    "MAP_class13": 0.05814534048396836,
    "MAP_class14": 0.11509424299344218,
    "MAP_class15": 0.031070300598242867,
    "MAP_class16": 0.5292354029389622,
    "MAP_class17": 0.051678138149942335,
    "MAP_class18": 0.010872050499790308,
    "MAP_class19": 0.008959526760956077,
    "Aggregate": 40.43768165323558
}