{
    "multi-label/mAP": 18.794736862182617,
    "multi-label/precision": 16.829927444458008,
    "multi-label/recall": 49.939300537109375,
    "multi-label/f1-score": 21.545991897583008,
    "multi-label/precision_micro": 19.8463077545166,
    "multi-label/recall_micro": 66.0489273071289,
    "multi-label/f1-score_micro": 30.52153968811035,
    "AUC/AUC_multilabe": 59.201842055896805,
    "AUC/AUC_class1": 78.0762708622866,
    "AUC/AUC_class2": 56.30125680376936,
    "AUC/AUC_class3": 69.82518232518233,
    "AUC/AUC_class4": 71.95198805920644,
    "AUC/AUC_class5": 49.81513950297302,
    "AUC/AUC_class6": 52.32670807453417,
    "AUC/AUC_class7": 46.96701592540311,
    "AUC/AUC_class8": 58.916006118759555,
    "AUC/AUC_class9": 63.46403514523639,
    "AUC/AUC_class10": 48.45205166594768,
    "AUC/AUC_class11": 65.35213239182505,
    "AUC/AUC_class12": 63.573888091822084,
    "AUC/AUC_class13": 37.34231301375438,
    "AUC/AUC_class14": 60.7627562321292,
    "AUC/AUC_class15": 50.28419182948489,
    "AUC/AUC_class16": 89.2068361086766,
    "AUC/AUC_class17": 50.046904315197,
    "AUC/AUC_class18": 65.57908383751081,
    "AUC/AUC_class19": 46.59123875834059,
    "MAP_class1": 0.6557586920984813,
    "MAP_class2": 0.19491367097804457,
    "MAP_class3": 0.4199669552438376,
    "MAP_class4": 0.44269047105431425,
    "MAP_class5": 0.194730825717374,
    "MAP_class6": 0.14359003231128917,
    "MAP_class7": 0.16569991035425402,
    "MAP_class8": 0.1598234170902076,
    "MAP_class9": 0.19355939112166085,
    "MAP_class10": 0.13814498857383437,
    "MAP_class11": 0.17129915878275268,
    "MAP_class12": 0.20369369001016302,
    "MAP_class13": 0.02902932323059015,
    "MAP_class14": 0.10556987513692284,
    "MAP_class15": 0.03671834833257648,
    "MAP_class16": 0.27228937889219584,
    "MAP_class17": 0.011912872567275135,
    "MAP_class18": 0.010112899945047283,
    "MAP_class19": 0.021496002693894137,
    "Aggregate": 38.998289196723974
}