{
    "multi-label/mAP": 16.23093605041504,
    "multi-label/precision": 15.502814292907715,
    "multi-label/recall": 6.867580413818359,
    "multi-label/f1-score": 7.002050876617432,
    "multi-label/precision_micro": 26.094003677368164,
    "multi-label/recall_micro": 11.934765815734863,
    "multi-label/f1-score_micro": 16.37843132019043,
    "AUC/AUC_multilabe": 56.56442962227141,
    "AUC/AUC_class1": 72.21729928217158,
    "AUC/AUC_class2": 47.67339817591074,
    "AUC/AUC_class3": 47.39217239217239,
    "AUC/AUC_class4": 74.0320908827066,
    "AUC/AUC_class5": 57.19050160085379,
    "AUC/AUC_class6": 58.45900621118012,
    "AUC/AUC_class7": 48.409447879595206,
    "AUC/AUC_class8": 59.39020998470309,
    "AUC/AUC_class9": 58.68205363582716,
    "AUC/AUC_class10": 56.22097596873652,
    "AUC/AUC_class11": 55.590723862257754,
    "AUC/AUC_class12": 57.25251076040172,
    "AUC/AUC_class13": 58.077643037356566,
    "AUC/AUC_class14": 57.01441746204341,
    "AUC/AUC_class15": 57.96498350672419,
    "AUC/AUC_class16": 73.25591586327782,
    "AUC/AUC_class17": 65.61243634414366,
    "AUC/AUC_class18": 26.707000864304238,
    "AUC/AUC_class19": 43.581375108790255,
    "MAP_class1": 0.6107438690849916,
    "MAP_class2": 0.16730908074328582,
    "MAP_class3": 0.21170884883404772,
    "MAP_class4": 0.44254819360024544,
    "MAP_class5": 0.23414146289914442,
    "MAP_class6": 0.18886100211576592,
    "MAP_class7": 0.17625887052119082,
    "MAP_class8": 0.1610181163028766,
    "MAP_class9": 0.15770956124871638,
    "MAP_class10": 0.1540837622907876,
    "MAP_class11": 0.15823479970459353,
    "MAP_class12": 0.1529312906995445,
    "MAP_class13": 0.047232957874048485,
    "MAP_class14": 0.09732437903242,
    "MAP_class15": 0.038927900680877106,
    "MAP_class16": 0.04572107380662255,
    "MAP_class17": 0.026214173261444783,
    "MAP_class18": 0.0028328300300380074,
    "MAP_class19": 0.010075747382986208,
    "Aggregate": 36.39768302196104
}