{
    "multi-label/mAP": 16.139097213745117,
    "multi-label/precision": 15.232649803161621,
    "multi-label/recall": 6.696120262145996,
    "multi-label/f1-score": 8.315971374511719,
    "multi-label/precision_micro": 31.943126678466797,
    "multi-label/recall_micro": 12.490734100341797,
    "multi-label/f1-score_micro": 17.958965301513672,
    "AUC/AUC_multilabe": 57.90501177286585,
    "AUC/AUC_class1": 73.76165036783924,
    "AUC/AUC_class2": 54.94415946677253,
    "AUC/AUC_class3": 63.60220110220111,
    "AUC/AUC_class4": 65.08064181765414,
    "AUC/AUC_class5": 58.553133099557854,
    "AUC/AUC_class6": 53.260869565217384,
    "AUC/AUC_class7": 43.8475455792592,
    "AUC/AUC_class8": 56.48032262550411,
    "AUC/AUC_class9": 59.58953511245164,
    "AUC/AUC_class10": 54.21118075468825,
    "AUC/AUC_class11": 58.34292468970666,
    "AUC/AUC_class12": 55.529411764705884,
    "AUC/AUC_class13": 49.52388703507772,
    "AUC/AUC_class14": 50.52655954250736,
    "AUC/AUC_class15": 46.06952550114184,
    "AUC/AUC_class16": 72.73882559158633,
    "AUC/AUC_class17": 56.28517823639775,
    "AUC/AUC_class18": 62.87813310285221,
    "AUC/AUC_class19": 64.96953872932984,
    "MAP_class1": 0.6170553045146756,
    "MAP_class2": 0.1926565336121802,
    "MAP_class3": 0.33722583098489556,
    "MAP_class4": 0.31558660027522634,
    "MAP_class5": 0.25156801250203126,
    "MAP_class6": 0.15673065089148827,
    "MAP_class7": 0.15443056077252476,
    "MAP_class8": 0.14412483020432593,
    "MAP_class9": 0.1752084971906023,
    "MAP_class10": 0.15784032964016986,
    "MAP_class11": 0.13973898925708983,
    "MAP_class12": 0.12924850997469534,
    "MAP_class13": 0.03984401221597019,
    "MAP_class14": 0.08195029272356746,
    "MAP_class15": 0.02840065552495981,
    "MAP_class16": 0.059797197116457146,
    "MAP_class17": 0.06139121482860938,
    "MAP_class18": 0.007761701335483197,
    "MAP_class19": 0.015868512330407557,
    "Aggregate": 37.022053875631244
}