{
    "multi-label/mAP": 16.468290328979492,
    "multi-label/precision": 17.7059326171875,
    "multi-label/recall": 18.263280868530273,
    "multi-label/f1-score": 16.692434310913086,
    "multi-label/precision_micro": 24.487512588500977,
    "multi-label/recall_micro": 24.35137176513672,
    "multi-label/f1-score_micro": 24.419252395629883,
    "AUC/AUC_multilabe": 58.65982545631475,
    "AUC/AUC_class1": 57.93276893065242,
    "AUC/AUC_class2": 52.70374742736552,
    "AUC/AUC_class3": 60.72913572913573,
    "AUC/AUC_class4": 74.32480616941001,
    "AUC/AUC_class5": 63.459559384052454,
    "AUC/AUC_class6": 60.47826086956521,
    "AUC/AUC_class7": 51.30723502395769,
    "AUC/AUC_class8": 52.098456403838135,
    "AUC/AUC_class9": 56.64874434463314,
    "AUC/AUC_class10": 51.938741847895045,
    "AUC/AUC_class11": 46.39157619684575,
    "AUC/AUC_class12": 59.84002869440459,
    "AUC/AUC_class13": 62.91202083502889,
    "AUC/AUC_class14": 58.94043735653014,
    "AUC/AUC_class15": 56.300431362598324,
    "AUC/AUC_class16": 73.68536371603855,
    "AUC/AUC_class17": 50.55615116590726,
    "AUC/AUC_class18": 59.377700950734656,
    "AUC/AUC_class19": 64.9115172613867,
    "MAP_class1": 0.4366520029933781,
    "MAP_class2": 0.1965631273080929,
    "MAP_class3": 0.3082642559866767,
    "MAP_class4": 0.4554131111536495,
    "MAP_class5": 0.2828601703897873,
    "MAP_class6": 0.17730410250967676,
    "MAP_class7": 0.19091645040924649,
    "MAP_class8": 0.12845989662130475,
    "MAP_class9": 0.1555035129432787,
    "MAP_class10": 0.1400535512288722,
    "MAP_class11": 0.10115290734495608,
    "MAP_class12": 0.143527923198419,
    "MAP_class13": 0.07184353034844099,
    "MAP_class14": 0.10430801580205287,
    "MAP_class15": 0.040108237522179735,
    "MAP_class16": 0.13739929305500656,
    "MAP_class17": 0.011814401031945409,
    "MAP_class18": 0.005602264140959566,
    "MAP_class19": 0.0412286018935598,
    "Aggregate": 37.5640584015297
}