{
    "multi-label/mAP": 20.17862319946289,
    "multi-label/precision": 22.792919158935547,
    "multi-label/recall": 14.005419731140137,
    "multi-label/f1-score": 14.66180419921875,
    "multi-label/precision_micro": 36.4849853515625,
    "multi-label/recall_micro": 24.314306259155273,
    "multi-label/f1-score_micro": 29.181493759155273,
    "AUC/AUC_multilabe": 60.7477110304691,
    "AUC/AUC_class1": 72.7309673470949,
    "AUC/AUC_class2": 62.4761019233381,
    "AUC/AUC_class3": 70.42867042867043,
    "AUC/AUC_class4": 77.13006343546581,
    "AUC/AUC_class5": 52.63283274889466,
    "AUC/AUC_class6": 55.470186335403724,
    "AUC/AUC_class7": 53.47684752569736,
    "AUC/AUC_class8": 67.03240161312753,
    "AUC/AUC_class9": 70.01376958887941,
    "AUC/AUC_class10": 44.643083716091056,
    "AUC/AUC_class11": 60.34000062214203,
    "AUC/AUC_class12": 38.35652797704448,
    "AUC/AUC_class13": 66.14714739155204,
    "AUC/AUC_class14": 54.252748580403534,
    "AUC/AUC_class15": 56.37147931996955,
    "AUC/AUC_class16": 92.17353198948291,
    "AUC/AUC_class17": 54.0605735727687,
    "AUC/AUC_class18": 51.015557476231635,
    "AUC/AUC_class19": 55.45401798665507,
    "MAP_class1": 0.58419579785472,
    "MAP_class2": 0.27034509440444365,
    "MAP_class3": 0.40580457771635775,
    "MAP_class4": 0.4980823475429155,
    "MAP_class5": 0.20924289301041415,
    "MAP_class6": 0.16383237200732803,
    "MAP_class7": 0.1950616533580001,
    "MAP_class8": 0.2276216796914375,
    "MAP_class9": 0.22309935193265,
    "MAP_class10": 0.11750357678409194,
    "MAP_class11": 0.16347459499737943,
    "MAP_class12": 0.093164308887055,
    "MAP_class13": 0.08825471564825142,
    "MAP_class14": 0.09455987558416987,
    "MAP_class15": 0.04442326486981015,
    "MAP_class16": 0.4155405606880289,
    "MAP_class17": 0.0198237118369947,
    "MAP_class18": 0.005753297557763858,
    "MAP_class19": 0.014054568996838128,
    "Aggregate": 40.46290352409942
}