{
    "multi-label/mAP": 20.744831085205078,
    "multi-label/precision": 25.10449981689453,
    "multi-label/recall": 14.108222961425781,
    "multi-label/f1-score": 14.311779975891113,
    "multi-label/precision_micro": 31.377973556518555,
    "multi-label/recall_micro": 21.015565872192383,
    "multi-label/f1-score_micro": 25.172029495239258,
    "AUC/AUC_multilabe": 59.10684679801225,
    "AUC/AUC_class1": 70.54767885147454,
    "AUC/AUC_class2": 55.766880138739424,
    "AUC/AUC_class3": 62.29416229416229,
    "AUC/AUC_class4": 76.06865956300012,
    "AUC/AUC_class5": 56.311937795395636,
    "AUC/AUC_class6": 54.73478260869565,
    "AUC/AUC_class7": 51.73867228661749,
    "AUC/AUC_class8": 72.87651230705049,
    "AUC/AUC_class9": 74.44626581863484,
    "AUC/AUC_class10": 43.06849036973127,
    "AUC/AUC_class11": 55.197219025103436,
    "AUC/AUC_class12": 45.47991391678623,
    "AUC/AUC_class13": 65.59371693659966,
    "AUC/AUC_class14": 57.13724779509485,
    "AUC/AUC_class15": 48.198426795229636,
    "AUC/AUC_class16": 95.26730937773884,
    "AUC/AUC_class17": 42.66282497989815,
    "AUC/AUC_class18": 47.12618841832325,
    "AUC/AUC_class19": 48.513199883957064,
    "MAP_class1": 0.5890137924242013,
    "MAP_class2": 0.20907476578689935,
    "MAP_class3": 0.34353828060172475,
    "MAP_class4": 0.4708634628949069,
    "MAP_class5": 0.21108125273449724,
    "MAP_class6": 0.16001803923774427,
    "MAP_class7": 0.2031883627882877,
    "MAP_class8": 0.24092932607035294,
    "MAP_class9": 0.2798187883579175,
    "MAP_class10": 0.12154154519031689,
    "MAP_class11": 0.1531269578998733,
    "MAP_class12": 0.10351393575757736,
    "MAP_class13": 0.08172808405047355,
    "MAP_class14": 0.09822428924820022,
    "MAP_class15": 0.03134402485350721,
    "MAP_class16": 0.596482905097891,
    "MAP_class17": 0.034791186643426314,
    "MAP_class18": 0.0038972839963487245,
    "MAP_class19": 0.010154764804435381,
    "Aggregate": 39.92797878963397
}