{
    "multi-label/mAP": 19.646621704101562,
    "multi-label/precision": 20.647377014160156,
    "multi-label/recall": 15.310864448547363,
    "multi-label/f1-score": 15.637743949890137,
    "multi-label/precision_micro": 34.72893142700195,
    "multi-label/recall_micro": 23.98072624206543,
    "multi-label/f1-score_micro": 28.3709716796875,
    "AUC/AUC_multilabe": 59.15031198756819,
    "AUC/AUC_class1": 73.3726141449172,
    "AUC/AUC_class2": 55.95127404172631,
    "AUC/AUC_class3": 67.52508002508002,
    "AUC/AUC_class4": 74.42970272399353,
    "AUC/AUC_class5": 56.03750571733496,
    "AUC/AUC_class6": 55.57142857142857,
    "AUC/AUC_class7": 50.68542855438694,
    "AUC/AUC_class8": 67.10575719649562,
    "AUC/AUC_class9": 73.64697396892007,
    "AUC/AUC_class10": 47.07412388661913,
    "AUC/AUC_class11": 55.19255295984073,
    "AUC/AUC_class12": 46.62697274031564,
    "AUC/AUC_class13": 55.93310002441605,
    "AUC/AUC_class14": 54.22053078812774,
    "AUC/AUC_class15": 44.63080436437452,
    "AUC/AUC_class16": 89.36021034180544,
    "AUC/AUC_class17": 48.92120075046904,
    "AUC/AUC_class18": 57.45462402765773,
    "AUC/AUC_class19": 50.11604293588627,
    "MAP_class1": 0.6036600368640531,
    "MAP_class2": 0.1941338234929076,
    "MAP_class3": 0.3739302269932977,
    "MAP_class4": 0.4640735187606866,
    "MAP_class5": 0.22206714553640503,
    "MAP_class6": 0.1600091941447969,
    "MAP_class7": 0.20549759506403031,
    "MAP_class8": 0.21691773502813286,
    "MAP_class9": 0.244413091343779,
    "MAP_class10": 0.13268095402015478,
    "MAP_class11": 0.1453871263588042,
    "MAP_class12": 0.10758692464106348,
    "MAP_class13": 0.048122324320511514,
    "MAP_class14": 0.09200524362875684,
    "MAP_class15": 0.027780015124970893,
    "MAP_class16": 0.44952664470211917,
    "MAP_class17": 0.027800650618232465,
    "MAP_class18": 0.005624192392914269,
    "MAP_class19": 0.011333013252759759,
    "Aggregate": 39.397654562964036
}