{
    "multi-label/mAP": 20.797317504882812,
    "multi-label/precision": 22.99860191345215,
    "multi-label/recall": 18.943517684936523,
    "multi-label/f1-score": 20.161706924438477,
    "multi-label/precision_micro": 35.106868743896484,
    "multi-label/recall_micro": 28.613788604736328,
    "multi-label/f1-score_micro": 31.529508590698242,
    "AUC/AUC_multilabe": 63.14763622099585,
    "AUC/AUC_class1": 76.1795399778149,
    "AUC/AUC_class2": 56.98920799423311,
    "AUC/AUC_class3": 69.77939477939478,
    "AUC/AUC_class4": 82.35955056179775,
    "AUC/AUC_class5": 62.79682497331911,
    "AUC/AUC_class6": 50.92111801242236,
    "AUC/AUC_class7": 57.66745531542637,
    "AUC/AUC_class8": 61.442775691837014,
    "AUC/AUC_class9": 66.53465346534654,
    "AUC/AUC_class10": 52.14809551602507,
    "AUC/AUC_class11": 59.438672348897256,
    "AUC/AUC_class12": 56.61477761836442,
    "AUC/AUC_class13": 74.495401644014,
    "AUC/AUC_class14": 61.753453344609554,
    "AUC/AUC_class15": 56.76731793960923,
    "AUC/AUC_class16": 77.58545135845749,
    "AUC/AUC_class17": 41.81854730635218,
    "AUC/AUC_class18": 56.63353500432152,
    "AUC/AUC_class19": 77.87931534667827,
    "MAP_class1": 0.6345759513899457,
    "MAP_class2": 0.2254370341847055,
    "MAP_class3": 0.37881294526468334,
    "MAP_class4": 0.5983780406313571,
    "MAP_class5": 0.3389305245369383,
    "MAP_class6": 0.1446119585291505,
    "MAP_class7": 0.21240175199335704,
    "MAP_class8": 0.18778241499711867,
    "MAP_class9": 0.21087839799189406,
    "MAP_class10": 0.14628981018590942,
    "MAP_class11": 0.1617116145400098,
    "MAP_class12": 0.15942071760627902,
    "MAP_class13": 0.11008002051849122,
    "MAP_class14": 0.14511158875404745,
    "MAP_class15": 0.034013980745868574,
    "MAP_class16": 0.17281776748391553,
    "MAP_class17": 0.00960521291115558,
    "MAP_class18": 0.005638266077444009,
    "MAP_class19": 0.07487171601130752,
    "Aggregate": 41.97215946405997
}