{
    "multi-label/mAP": 19.604310989379883,
    "multi-label/precision": 21.952091217041016,
    "multi-label/recall": 15.591522216796875,
    "multi-label/f1-score": 15.790132522583008,
    "multi-label/precision_micro": 30.327144622802734,
    "multi-label/recall_micro": 25.426240921020508,
    "multi-label/f1-score_micro": 27.66128921508789,
    "AUC/AUC_multilabe": 61.62236976092616,
    "AUC/AUC_class1": 69.25482271040788,
    "AUC/AUC_class2": 55.748075094808755,
    "AUC/AUC_class3": 68.1009306009306,
    "AUC/AUC_class4": 73.17591939964343,
    "AUC/AUC_class5": 57.461122122274745,
    "AUC/AUC_class6": 52.57267080745341,
    "AUC/AUC_class7": 54.52462373501401,
    "AUC/AUC_class8": 58.63162286191073,
    "AUC/AUC_class9": 54.71706773326339,
    "AUC/AUC_class10": 50.97127413911233,
    "AUC/AUC_class11": 63.32239400255077,
    "AUC/AUC_class12": 58.67216642754662,
    "AUC/AUC_class13": 52.166924391633444,
    "AUC/AUC_class14": 47.83436027546212,
    "AUC/AUC_class15": 59.09413854351687,
    "AUC/AUC_class16": 91.63891323400526,
    "AUC/AUC_class17": 73.00991691235595,
    "AUC/AUC_class18": 66.16248919619706,
    "AUC/AUC_class19": 63.76559326950972,
    "MAP_class1": 0.5542106269549798,
    "MAP_class2": 0.21264715402223713,
    "MAP_class3": 0.3716531784800543,
    "MAP_class4": 0.4174004780425265,
    "MAP_class5": 0.24352519890535212,
    "MAP_class6": 0.14719579629473123,
    "MAP_class7": 0.20736680950543807,
    "MAP_class8": 0.15873730305836986,
    "MAP_class9": 0.15210962372143205,
    "MAP_class10": 0.13707757488390326,
    "MAP_class11": 0.19234885149189962,
    "MAP_class12": 0.18007173706943652,
    "MAP_class13": 0.06582868708746027,
    "MAP_class14": 0.07584231615129443,
    "MAP_class15": 0.0416991184296604,
    "MAP_class16": 0.43835228639126,
    "MAP_class17": 0.02360157490522262,
    "MAP_class18": 0.008663084091281243,
    "MAP_class19": 0.09648787704079051,
    "Aggregate": 40.613340871324475
}