{
    "multi-label/mAP": 21.51167869567871,
    "multi-label/precision": 25.170949935913086,
    "multi-label/recall": 16.82713508605957,
    "multi-label/f1-score": 17.243240356445312,
    "multi-label/precision_micro": 31.2528076171875,
    "multi-label/recall_micro": 25.796886444091797,
    "multi-label/f1-score_micro": 28.263959884643555,
    "AUC/AUC_multilabe": 60.62319022862795,
    "AUC/AUC_class1": 71.58170876311662,
    "AUC/AUC_class2": 59.289691701752,
    "AUC/AUC_class3": 65.38626538626539,
    "AUC/AUC_class4": 77.73871221858286,
    "AUC/AUC_class5": 52.93013416679373,
    "AUC/AUC_class6": 59.674534161490676,
    "AUC/AUC_class7": 50.14215559576118,
    "AUC/AUC_class8": 64.54039771937144,
    "AUC/AUC_class9": 69.74427906366796,
    "AUC/AUC_class10": 48.787017534955716,
    "AUC/AUC_class11": 59.652533673437645,
    "AUC/AUC_class12": 42.18292682926828,
    "AUC/AUC_class13": 56.016521526816966,
    "AUC/AUC_class14": 54.67157987998872,
    "AUC/AUC_class15": 42.04770362852068,
    "AUC/AUC_class16": 93.9307624890447,
    "AUC/AUC_class17": 62.590458322165645,
    "AUC/AUC_class18": 50.75626620570441,
    "AUC/AUC_class19": 70.17696547722657,
    "MAP_class1": 0.5906946826077435,
    "MAP_class2": 0.24877407550338448,
    "MAP_class3": 0.386310910152344,
    "MAP_class4": 0.5075792394553521,
    "MAP_class5": 0.21506770122507518,
    "MAP_class6": 0.1885739660780384,
    "MAP_class7": 0.18850271529564072,
    "MAP_class8": 0.212964593869515,
    "MAP_class9": 0.2425411782918992,
    "MAP_class10": 0.13043560682633212,
    "MAP_class11": 0.14336432321382145,
    "MAP_class12": 0.09304502123858793,
    "MAP_class13": 0.06656752011545673,
    "MAP_class14": 0.11652262370319227,
    "MAP_class15": 0.03736116125238781,
    "MAP_class16": 0.6449878896756027,
    "MAP_class17": 0.020248120036392557,
    "MAP_class18": 0.004135172502024097,
    "MAP_class19": 0.04954228093813637,
    "Aggregate": 41.06743401426378
}