{
    "multi-label/mAP": 19.9847412109375,
    "multi-label/precision": 19.872406005859375,
    "multi-label/recall": 20.198692321777344,
    "multi-label/f1-score": 16.941823959350586,
    "multi-label/precision_micro": 28.60199737548828,
    "multi-label/recall_micro": 29.72572135925293,
    "multi-label/f1-score_micro": 29.153034210205078,
    "AUC/AUC_multilabe": 59.43046236856477,
    "AUC/AUC_class1": 74.37684078999376,
    "AUC/AUC_class2": 56.2276037150409,
    "AUC/AUC_class3": 67.43432993432992,
    "AUC/AUC_class4": 74.05986981218128,
    "AUC/AUC_class5": 56.03845860649489,
    "AUC/AUC_class6": 55.911801242236024,
    "AUC/AUC_class7": 52.808815635127345,
    "AUC/AUC_class8": 68.47274370741204,
    "AUC/AUC_class9": 72.28575175398333,
    "AUC/AUC_class10": 46.425127515416044,
    "AUC/AUC_class11": 56.17164898746384,
    "AUC/AUC_class12": 48.48637015781922,
    "AUC/AUC_class13": 59.670790266134944,
    "AUC/AUC_class14": 59.46498328702026,
    "AUC/AUC_class15": 42.18979954326314,
    "AUC/AUC_class16": 90.53900087642418,
    "AUC/AUC_class17": 50.69016349504154,
    "AUC/AUC_class18": 55.35868625756266,
    "AUC/AUC_class19": 42.56599941978533,
    "MAP_class1": 0.6168971124496669,
    "MAP_class2": 0.1931763824525981,
    "MAP_class3": 0.37218685400040685,
    "MAP_class4": 0.452151793926443,
    "MAP_class5": 0.21807295690364734,
    "MAP_class6": 0.15819182205220766,
    "MAP_class7": 0.21242066763161552,
    "MAP_class8": 0.23320086732846607,
    "MAP_class9": 0.24113210589712486,
    "MAP_class10": 0.13224722276723325,
    "MAP_class11": 0.14307698303612162,
    "MAP_class12": 0.11647529151590708,
    "MAP_class13": 0.05008806824850555,
    "MAP_class14": 0.10356589357062175,
    "MAP_class15": 0.028437030087246257,
    "MAP_class16": 0.48431247358798146,
    "MAP_class17": 0.023533169577460968,
    "MAP_class18": 0.004839913048877037,
    "MAP_class19": 0.009369175293135513,
    "Aggregate": 39.69779903526993
}