{
    "multi-label/mAP": 17.97162628173828,
    "multi-label/precision": 19.237049102783203,
    "multi-label/recall": 23.711652755737305,
    "multi-label/f1-score": 20.075302124023438,
    "multi-label/precision_micro": 27.368122100830078,
    "multi-label/recall_micro": 35.767234802246094,
    "multi-label/f1-score_micro": 31.008996963500977,
    "AUC/AUC_multilabe": 60.402191188018584,
    "AUC/AUC_class1": 70.1674082951894,
    "AUC/AUC_class2": 58.77516480531556,
    "AUC/AUC_class3": 62.05821205821205,
    "AUC/AUC_class4": 72.28450599112733,
    "AUC/AUC_class5": 59.55700182954718,
    "AUC/AUC_class6": 58.104968944099376,
    "AUC/AUC_class7": 53.93860468815238,
    "AUC/AUC_class8": 61.869002920317065,
    "AUC/AUC_class9": 63.22011671365813,
    "AUC/AUC_class10": 53.08891821250031,
    "AUC/AUC_class11": 59.71785858711544,
    "AUC/AUC_class12": 55.653515064562406,
    "AUC/AUC_class13": 73.08130544477903,
    "AUC/AUC_class14": 54.20442189198985,
    "AUC/AUC_class15": 47.820350164932755,
    "AUC/AUC_class16": 84.46538124452235,
    "AUC/AUC_class17": 55.13937282229966,
    "AUC/AUC_class18": 52.24719101123596,
    "AUC/AUC_class19": 52.24833188279663,
    "MAP_class1": 0.5537513339465611,
    "MAP_class2": 0.23244792000348408,
    "MAP_class3": 0.3209348074541682,
    "MAP_class4": 0.38629897308433037,
    "MAP_class5": 0.25615273301891234,
    "MAP_class6": 0.1936405995612781,
    "MAP_class7": 0.19916390281879304,
    "MAP_class8": 0.2024684908942313,
    "MAP_class9": 0.19875485480175864,
    "MAP_class10": 0.14986271820383332,
    "MAP_class11": 0.1623336226901936,
    "MAP_class12": 0.14217949900921598,
    "MAP_class13": 0.09316042519289151,
    "MAP_class14": 0.08603452649823179,
    "MAP_class15": 0.033946662421779364,
    "MAP_class16": 0.16704878136395965,
    "MAP_class17": 0.01596313780356271,
    "MAP_class18": 0.005267158833193175,
    "MAP_class19": 0.015227911966689047,
    "Aggregate": 39.18698522444895
}