{
    "multi-label/mAP": 23.80436134338379,
    "multi-label/precision": 25.742523193359375,
    "multi-label/recall": 19.235319137573242,
    "multi-label/f1-score": 21.38852882385254,
    "multi-label/precision_micro": 37.55697250366211,
    "multi-label/recall_micro": 30.5411434173584,
    "multi-label/f1-score_micro": 33.687652587890625,
    "AUC/AUC_multilabe": 64.9396805200394,
    "AUC/AUC_class1": 80.03754892835741,
    "AUC/AUC_class2": 59.25678287487332,
    "AUC/AUC_class3": 70.49157674157675,
    "AUC/AUC_class4": 80.40631866992828,
    "AUC/AUC_class5": 59.753296996493376,
    "AUC/AUC_class6": 57.29130434782609,
    "AUC/AUC_class7": 53.74972662385431,
    "AUC/AUC_class8": 71.05061882909192,
    "AUC/AUC_class9": 71.21762507376566,
    "AUC/AUC_class10": 59.056766564315986,
    "AUC/AUC_class11": 67.10657293060007,
    "AUC/AUC_class12": 59.1090387374462,
    "AUC/AUC_class13": 66.58053226987873,
    "AUC/AUC_class14": 61.8873585437558,
    "AUC/AUC_class15": 51.247145394569905,
    "AUC/AUC_class16": 97.90096406660822,
    "AUC/AUC_class17": 54.99865987670866,
    "AUC/AUC_class18": 53.392394122731204,
    "AUC/AUC_class19": 59.319698288366695,
    "MAP_class1": 0.6974932859860172,
    "MAP_class2": 0.20624107148267806,
    "MAP_class3": 0.45100552329479715,
    "MAP_class4": 0.55556669883316,
    "MAP_class5": 0.2724474614356643,
    "MAP_class6": 0.17365038367316785,
    "MAP_class7": 0.21336947646108487,
    "MAP_class8": 0.24295653708033949,
    "MAP_class9": 0.24801395595086717,
    "MAP_class10": 0.18957600650359713,
    "MAP_class11": 0.2055797537113973,
    "MAP_class12": 0.19965057741992992,
    "MAP_class13": 0.06769578417234279,
    "MAP_class14": 0.12838578701332695,
    "MAP_class15": 0.033477244177036,
    "MAP_class16": 0.5843305861907794,
    "MAP_class17": 0.016979745142021017,
    "MAP_class18": 0.0046841100096066636,
    "MAP_class19": 0.020482563042731196,
    "Aggregate": 44.342436448389556
}