{
    "multi-label/mAP": 18.804630279541016,
    "multi-label/precision": 28.683908462524414,
    "multi-label/recall": 8.783967018127441,
    "multi-label/f1-score": 11.106300354003906,
    "multi-label/precision_micro": 33.268672943115234,
    "multi-label/recall_micro": 12.713120460510254,
    "multi-label/f1-score_micro": 18.396352767944336,
    "AUC/AUC_multilabe": 57.793102476599735,
    "AUC/AUC_class1": 68.6823449911387,
    "AUC/AUC_class2": 55.37040712920109,
    "AUC/AUC_class3": 61.518661518661524,
    "AUC/AUC_class4": 70.70359467639621,
    "AUC/AUC_class5": 50.93335493215429,
    "AUC/AUC_class6": 55.19813664596273,
    "AUC/AUC_class7": 50.27188500308169,
    "AUC/AUC_class8": 65.27186761229315,
    "AUC/AUC_class9": 71.17959478067012,
    "AUC/AUC_class10": 44.14000050752404,
    "AUC/AUC_class11": 59.43556163872212,
    "AUC/AUC_class12": 37.30416068866571,
    "AUC/AUC_class13": 65.02604378611541,
    "AUC/AUC_class14": 46.41879102734485,
    "AUC/AUC_class15": 49.22608475006343,
    "AUC/AUC_class16": 91.28396143733566,
    "AUC/AUC_class17": 51.259715893862236,
    "AUC/AUC_class18": 64.58513396715644,
    "AUC/AUC_class19": 40.25964606904554,
    "MAP_class1": 0.5474699424152757,
    "MAP_class2": 0.2119045845813019,
    "MAP_class3": 0.32629781306183886,
    "MAP_class4": 0.428480914128773,
    "MAP_class5": 0.19405172328607623,
    "MAP_class6": 0.16467795513253947,
    "MAP_class7": 0.18865197528386976,
    "MAP_class8": 0.20924337406282945,
    "MAP_class9": 0.2432416016416594,
    "MAP_class10": 0.12102790703474349,
    "MAP_class11": 0.15321372031019687,
    "MAP_class12": 0.09930213261345006,
    "MAP_class13": 0.07277197529080279,
    "MAP_class14": 0.07380033561687878,
    "MAP_class15": 0.04046658643084241,
    "MAP_class16": 0.4303381983148924,
    "MAP_class17": 0.0521191601216652,
    "MAP_class18": 0.006481430191752424,
    "MAP_class19": 0.009338675844257918,
    "Aggregate": 38.29886704188841
}