{
    "multi-label/mAP": 26.352014541625977,
    "multi-label/precision": 27.44932746887207,
    "multi-label/recall": 23.725387573242188,
    "multi-label/f1-score": 24.9876766204834,
    "multi-label/precision_micro": 42.24576187133789,
    "multi-label/recall_micro": 36.95329666137695,
    "multi-label/f1-score_micro": 39.42269515991211,
    "AUC/AUC_multilabe": 68.29659305597484,
    "AUC/AUC_class1": 87.55689714526144,
    "AUC/AUC_class2": 54.40873807707979,
    "AUC/AUC_class3": 70.5895455895456,
    "AUC/AUC_class4": 85.32816451760024,
    "AUC/AUC_class5": 66.78228388473852,
    "AUC/AUC_class6": 56.92857142857143,
    "AUC/AUC_class7": 54.50772411873472,
    "AUC/AUC_class8": 71.78278403560006,
    "AUC/AUC_class9": 76.8493869254475,
    "AUC/AUC_class10": 56.92643438982922,
    "AUC/AUC_class11": 70.7671011291878,
    "AUC/AUC_class12": 72.24892395982782,
    "AUC/AUC_class13": 73.11792951900382,
    "AUC/AUC_class14": 63.990576295759325,
    "AUC/AUC_class15": 53.43821365135752,
    "AUC/AUC_class16": 94.94741454864155,
    "AUC/AUC_class17": 52.22460466362906,
    "AUC/AUC_class18": 73.03370786516854,
    "AUC/AUC_class19": 62.206266318537864,
    "MAP_class1": 0.7879445217404961,
    "MAP_class2": 0.20141013774970198,
    "MAP_class3": 0.3865953816271226,
    "MAP_class4": 0.6372427324918589,
    "MAP_class5": 0.3644752547817156,
    "MAP_class6": 0.1748274285274815,
    "MAP_class7": 0.20614802788755315,
    "MAP_class8": 0.2812429533522601,
    "MAP_class9": 0.4157471508916698,
    "MAP_class10": 0.16596868823804284,
    "MAP_class11": 0.2267595823566999,
    "MAP_class12": 0.2422439654652837,
    "MAP_class13": 0.135924138668183,
    "MAP_class14": 0.14340856930948692,
    "MAP_class15": 0.03273842494142954,
    "MAP_class16": 0.5581574384562504,
    "MAP_class17": 0.012832321087112648,
    "MAP_class18": 0.015510024731066776,
    "MAP_class19": 0.017721290379364124,
    "Aggregate": 47.32434398241578
}