{
    "multi-label/mAP": 17.821029663085938,
    "multi-label/precision": 14.47176456451416,
    "multi-label/recall": 7.451963901519775,
    "multi-label/f1-score": 8.416733741760254,
    "multi-label/precision_micro": 37.89954376220703,
    "multi-label/recall_micro": 15.381763458251953,
    "multi-label/f1-score_micro": 21.882413864135742,
    "AUC/AUC_multilabe": 59.52792302257984,
    "AUC/AUC_class1": 73.31157322997284,
    "AUC/AUC_class2": 52.74710350087235,
    "AUC/AUC_class3": 66.6959541959542,
    "AUC/AUC_class4": 67.62262117003192,
    "AUC/AUC_class5": 59.88765436804391,
    "AUC/AUC_class6": 53.50807453416149,
    "AUC/AUC_class7": 44.95894387339205,
    "AUC/AUC_class8": 62.628980670282296,
    "AUC/AUC_class9": 67.88931873319783,
    "AUC/AUC_class10": 52.110665617783646,
    "AUC/AUC_class11": 44.87977105173111,
    "AUC/AUC_class12": 52.939741750358685,
    "AUC/AUC_class13": 42.90713762513226,
    "AUC/AUC_class14": 49.70399903346623,
    "AUC/AUC_class15": 43.247906622684596,
    "AUC/AUC_class16": 92.83961437335671,
    "AUC/AUC_class17": 65.55883141248995,
    "AUC/AUC_class18": 75.75626620570442,
    "AUC/AUC_class19": 61.83637946040034,
    "MAP_class1": 0.6213525299739586,
    "MAP_class2": 0.19000923942389217,
    "MAP_class3": 0.35742934077494415,
    "MAP_class4": 0.3699756738640675,
    "MAP_class5": 0.2488065443017406,
    "MAP_class6": 0.15443668445877337,
    "MAP_class7": 0.15618484890383924,
    "MAP_class8": 0.17346367653195377,
    "MAP_class9": 0.21898057049700054,
    "MAP_class10": 0.14104231830147193,
    "MAP_class11": 0.0926799474155233,
    "MAP_class12": 0.14834044991126716,
    "MAP_class13": 0.03522573661160097,
    "MAP_class14": 0.07926370402481843,
    "MAP_class15": 0.025058311141989805,
    "MAP_class16": 0.3233104180966618,
    "MAP_class17": 0.021700257335773385,
    "MAP_class18": 0.011613656310814836,
    "MAP_class19": 0.01712169760266827,
    "Aggregate": 38.67447626256034
}