{
    "multi-label/mAP": 25.225460052490234,
    "multi-label/precision": 25.329853057861328,
    "multi-label/recall": 18.581506729125977,
    "multi-label/f1-score": 20.157217025756836,
    "multi-label/precision_micro": 41.1116943359375,
    "multi-label/recall_micro": 29.058561325073242,
    "multi-label/f1-score_micro": 34.04994583129883,
    "AUC/AUC_multilabe": 68.48570865831533,
    "AUC/AUC_class1": 79.8179291351634,
    "AUC/AUC_class2": 58.30608343171158,
    "AUC/AUC_class3": 70.20798270798271,
    "AUC/AUC_class4": 81.94245200878974,
    "AUC/AUC_class5": 68.28165497789297,
    "AUC/AUC_class6": 62.65900621118013,
    "AUC/AUC_class7": 58.299699783287274,
    "AUC/AUC_class8": 71.57001807815327,
    "AUC/AUC_class9": 72.23854173496821,
    "AUC/AUC_class10": 47.79100159870073,
    "AUC/AUC_class11": 68.50794786449748,
    "AUC/AUC_class12": 64.16857962697276,
    "AUC/AUC_class13": 78.37755351184177,
    "AUC/AUC_class14": 66.30320969755547,
    "AUC/AUC_class15": 50.77137782288759,
    "AUC/AUC_class16": 96.80105170902718,
    "AUC/AUC_class17": 57.638702760653985,
    "AUC/AUC_class18": 73.3362143474503,
    "AUC/AUC_class19": 74.20945749927473,
    "MAP_class1": 0.6873420652059613,
    "MAP_class2": 0.22338552117869698,
    "MAP_class3": 0.3913474382577512,
    "MAP_class4": 0.5422704144625465,
    "MAP_class5": 0.32183818056914404,
    "MAP_class6": 0.19813091147117506,
    "MAP_class7": 0.2201298921866707,
    "MAP_class8": 0.23170826288366456,
    "MAP_class9": 0.2384304325557689,
    "MAP_class10": 0.1316367943701417,
    "MAP_class11": 0.2054160022497098,
    "MAP_class12": 0.20565365062671134,
    "MAP_class13": 0.25244137833295066,
    "MAP_class14": 0.12709024213277273,
    "MAP_class15": 0.03147081004415431,
    "MAP_class16": 0.6511980237971365,
    "MAP_class17": 0.09777970939841182,
    "MAP_class18": 0.009726077419947715,
    "MAP_class19": 0.025841773674344228,
    "Aggregate": 46.85558480499361
}