{
    "multi-label/mAP": 20.289207458496094,
    "multi-label/precision": 24.048986434936523,
    "multi-label/recall": 13.848992347717285,
    "multi-label/f1-score": 16.516525268554688,
    "multi-label/precision_micro": 36.8731575012207,
    "multi-label/recall_micro": 23.165307998657227,
    "multi-label/f1-score_micro": 28.45435905456543,
    "AUC/AUC_multilabe": 62.861591319210184,
    "AUC/AUC_class1": 75.0031875151407,
    "AUC/AUC_class2": 55.98000396995371,
    "AUC/AUC_class3": 72.43837243837244,
    "AUC/AUC_class4": 71.48099009079979,
    "AUC/AUC_class5": 60.88866443055344,
    "AUC/AUC_class6": 56.829192546583855,
    "AUC/AUC_class7": 54.77960912181641,
    "AUC/AUC_class8": 65.06257822277848,
    "AUC/AUC_class9": 65.5006229099731,
    "AUC/AUC_class10": 53.26591722282844,
    "AUC/AUC_class11": 62.21342582511588,
    "AUC/AUC_class12": 64.22094691535152,
    "AUC/AUC_class13": 60.28729551558558,
    "AUC/AUC_class14": 64.55237404856832,
    "AUC/AUC_class15": 43.42806394316163,
    "AUC/AUC_class16": 93.851884312007,
    "AUC/AUC_class17": 56.807826320021434,
    "AUC/AUC_class18": 52.70095073465859,
    "AUC/AUC_class19": 65.07832898172325,
    "MAP_class1": 0.6264528738988828,
    "MAP_class2": 0.20718771998082502,
    "MAP_class3": 0.4064088662272417,
    "MAP_class4": 0.38883354652138,
    "MAP_class5": 0.27555157742453157,
    "MAP_class6": 0.17575217466733783,
    "MAP_class7": 0.20706004774241354,
    "MAP_class8": 0.20648124541097612,
    "MAP_class9": 0.2093480776270595,
    "MAP_class10": 0.1474025847743883,
    "MAP_class11": 0.1686484163888632,
    "MAP_class12": 0.17606760487707468,
    "MAP_class13": 0.054229976377642555,
    "MAP_class14": 0.17016166299085508,
    "MAP_class15": 0.03629594665847083,
    "MAP_class16": 0.3468515226343608,
    "MAP_class17": 0.025651731719007153,
    "MAP_class18": 0.006726967548193411,
    "MAP_class19": 0.019836663014928424,
    "Aggregate": 41.575398834564126
}