{
    "multi-label/mAP": 25.442256927490234,
    "multi-label/precision": 28.516958236694336,
    "multi-label/recall": 19.7265682220459,
    "multi-label/f1-score": 22.604402542114258,
    "multi-label/precision_micro": 39.75597381591797,
    "multi-label/recall_micro": 28.984434127807617,
    "multi-label/f1-score_micro": 33.52626037597656,
    "AUC/AUC_multilabe": 67.74057063061987,
    "AUC/AUC_class1": 85.82591704810598,
    "AUC/AUC_class2": 57.05345856099624,
    "AUC/AUC_class3": 73.21717321717321,
    "AUC/AUC_class4": 83.07807123015051,
    "AUC/AUC_class5": 60.92344488489098,
    "AUC/AUC_class6": 56.81118012422361,
    "AUC/AUC_class7": 57.67043760065212,
    "AUC/AUC_class8": 67.7047698512029,
    "AUC/AUC_class9": 73.71713330273424,
    "AUC/AUC_class10": 57.449818560154284,
    "AUC/AUC_class11": 68.40996049398078,
    "AUC/AUC_class12": 75.55882352941177,
    "AUC/AUC_class13": 75.596158541548,
    "AUC/AUC_class14": 61.15037654544723,
    "AUC/AUC_class15": 55.45293072824157,
    "AUC/AUC_class16": 94.04907975460122,
    "AUC/AUC_class17": 56.59340659340659,
    "AUC/AUC_class18": 62.10025929127052,
    "AUC/AUC_class19": 64.70844212358573,
    "MAP_class1": 0.7734624699713908,
    "MAP_class2": 0.21487740482849188,
    "MAP_class3": 0.44899321456144875,
    "MAP_class4": 0.5941880198067679,
    "MAP_class5": 0.3213367926566572,
    "MAP_class6": 0.17262006559968718,
    "MAP_class7": 0.22268736309866385,
    "MAP_class8": 0.23305132020580166,
    "MAP_class9": 0.3036445606389017,
    "MAP_class10": 0.20039091753629368,
    "MAP_class11": 0.19565666374027846,
    "MAP_class12": 0.32931969509891845,
    "MAP_class13": 0.12540932436775382,
    "MAP_class14": 0.10604497482595529,
    "MAP_class15": 0.04441061495537488,
    "MAP_class16": 0.4985814003724166,
    "MAP_class17": 0.015833817216758014,
    "MAP_class18": 0.007792636023467252,
    "MAP_class19": 0.023482417126689893,
    "Aggregate": 46.58550550644603
}