{
    "multi-label/mAP": 17.410062789916992,
    "multi-label/precision": 12.650418281555176,
    "multi-label/recall": 13.659113883972168,
    "multi-label/f1-score": 12.092960357666016,
    "multi-label/precision_micro": 29.054344177246094,
    "multi-label/recall_micro": 25.166791915893555,
    "multi-label/f1-score_micro": 26.971202850341797,
    "AUC/AUC_multilabe": 58.27926451298128,
    "AUC/AUC_class1": 63.786959238056376,
    "AUC/AUC_class2": 56.68989437833659,
    "AUC/AUC_class3": 56.72086922086922,
    "AUC/AUC_class4": 67.98955180563043,
    "AUC/AUC_class5": 56.322896020734866,
    "AUC/AUC_class6": 58.49378881987578,
    "AUC/AUC_class7": 56.77624908046206,
    "AUC/AUC_class8": 57.50869141983035,
    "AUC/AUC_class9": 52.5040980919284,
    "AUC/AUC_class10": 52.925876113380866,
    "AUC/AUC_class11": 67.6338383052851,
    "AUC/AUC_class12": 64.73601147776185,
    "AUC/AUC_class13": 42.80947342719947,
    "AUC/AUC_class14": 52.49285167733881,
    "AUC/AUC_class15": 48.65008880994671,
    "AUC/AUC_class16": 91.77914110429448,
    "AUC/AUC_class17": 54.4961136424551,
    "AUC/AUC_class18": 47.947277441659466,
    "AUC/AUC_class19": 57.0423556715985,
    "MAP_class1": 0.5248058164490657,
    "MAP_class2": 0.21064383629119718,
    "MAP_class3": 0.2923200234611662,
    "MAP_class4": 0.3714339784511911,
    "MAP_class5": 0.23247523950705906,
    "MAP_class6": 0.18084566325864573,
    "MAP_class7": 0.21957238930053752,
    "MAP_class8": 0.15088152252379997,
    "MAP_class9": 0.13658118762690205,
    "MAP_class10": 0.15965037815160096,
    "MAP_class11": 0.1885437900119456,
    "MAP_class12": 0.20612735090640044,
    "MAP_class13": 0.03312440417500961,
    "MAP_class14": 0.08602393948542253,
    "MAP_class15": 0.031862838975179636,
    "MAP_class16": 0.23345216479189765,
    "MAP_class17": 0.01464979425914068,
    "MAP_class18": 0.0041108914054221275,
    "MAP_class19": 0.03080668273479347,
    "Aggregate": 37.84466355061269
}