{
    "multi-label/mAP": 26.50377082824707,
    "multi-label/precision": 24.728553771972656,
    "multi-label/recall": 26.40212631225586,
    "multi-label/f1-score": 23.126699447631836,
    "multi-label/precision_micro": 34.843624114990234,
    "multi-label/recall_micro": 32.20904541015625,
    "multi-label/f1-score_micro": 33.47457504272461,
    "AUC/AUC_multilabe": 70.10445026901345,
    "AUC/AUC_class1": 82.79219951294769,
    "AUC/AUC_class2": 57.76491605637335,
    "AUC/AUC_class3": 71.8860343860344,
    "AUC/AUC_class4": 83.22442887350222,
    "AUC/AUC_class5": 65.37534304009758,
    "AUC/AUC_class6": 60.91552795031057,
    "AUC/AUC_class7": 52.981291130683736,
    "AUC/AUC_class8": 67.25837852871646,
    "AUC/AUC_class9": 75.0954035800931,
    "AUC/AUC_class10": 58.61966148146268,
    "AUC/AUC_class11": 75.74190437676921,
    "AUC/AUC_class12": 67.5351506456241,
    "AUC/AUC_class13": 76.23911451127208,
    "AUC/AUC_class14": 66.65458499456325,
    "AUC/AUC_class15": 58.769347881248414,
    "AUC/AUC_class16": 97.17791411042944,
    "AUC/AUC_class17": 66.54382203162692,
    "AUC/AUC_class18": 78.30596369922213,
    "AUC/AUC_class19": 69.10356832027851,
    "MAP_class1": 0.7396383665639975,
    "MAP_class2": 0.23309812964112606,
    "MAP_class3": 0.44792448046057043,
    "MAP_class4": 0.6145334387072802,
    "MAP_class5": 0.2900205466805637,
    "MAP_class6": 0.21537161986430062,
    "MAP_class7": 0.19693635815595795,
    "MAP_class8": 0.21541477650403792,
    "MAP_class9": 0.2908952004638438,
    "MAP_class10": 0.18774779992265178,
    "MAP_class11": 0.32116937273154783,
    "MAP_class12": 0.24105252617414596,
    "MAP_class13": 0.18803849870763212,
    "MAP_class14": 0.13593218440046154,
    "MAP_class15": 0.039745628548608546,
    "MAP_class16": 0.5957958200673582,
    "MAP_class17": 0.030646882430591937,
    "MAP_class18": 0.014922588500125749,
    "MAP_class19": 0.03683235284588874,
    "Aggregate": 48.30411084864012
}