{
    "multi-label/mAP": 18.759668350219727,
    "multi-label/precision": 21.223312377929688,
    "multi-label/recall": 4.595871448516846,
    "multi-label/f1-score": 5.5347466468811035,
    "multi-label/precision_micro": 31.72757339477539,
    "multi-label/recall_micro": 7.079318046569824,
    "multi-label/f1-score_micro": 11.57575798034668,
    "AUC/AUC_multilabe": 59.97692062564525,
    "AUC/AUC_class1": 74.90692455789166,
    "AUC/AUC_class2": 49.51681484344801,
    "AUC/AUC_class3": 68.04606804606804,
    "AUC/AUC_class4": 79.33496413615822,
    "AUC/AUC_class5": 47.795967373075165,
    "AUC/AUC_class6": 51.13229813664596,
    "AUC/AUC_class7": 50.102640316519874,
    "AUC/AUC_class8": 63.72409956890558,
    "AUC/AUC_class9": 66.81397941118615,
    "AUC/AUC_class10": 45.95249574948613,
    "AUC/AUC_class11": 61.906243195321494,
    "AUC/AUC_class12": 57.29340028694405,
    "AUC/AUC_class13": 51.63180597379344,
    "AUC/AUC_class14": 58.73706254278925,
    "AUC/AUC_class15": 57.09464602892667,
    "AUC/AUC_class16": 90.09640666082383,
    "AUC/AUC_class17": 56.01045296167248,
    "AUC/AUC_class18": 40.55747623163354,
    "AUC/AUC_class19": 68.90774586597041,
    "MAP_class1": 0.6378809238324753,
    "MAP_class2": 0.17036553240894708,
    "MAP_class3": 0.38429118562700443,
    "MAP_class4": 0.49244659293141513,
    "MAP_class5": 0.18003114367597844,
    "MAP_class6": 0.14229784636402856,
    "MAP_class7": 0.17672995830416965,
    "MAP_class8": 0.19181256137643782,
    "MAP_class9": 0.2114696504569319,
    "MAP_class10": 0.12475085164217058,
    "MAP_class11": 0.1850207161819642,
    "MAP_class12": 0.13903743442920422,
    "MAP_class13": 0.056424477781778816,
    "MAP_class14": 0.11429462293323545,
    "MAP_class15": 0.047326456410331924,
    "MAP_class16": 0.23740455744126657,
    "MAP_class17": 0.0322691497324912,
    "MAP_class18": 0.0035152850967883117,
    "MAP_class19": 0.03696640943921001,
    "Aggregate": 39.368290197206385
}