{
    "multi-label/mAP": 23.592618942260742,
    "multi-label/precision": 30.476242065429688,
    "multi-label/recall": 15.238663673400879,
    "multi-label/f1-score": 16.435569763183594,
    "multi-label/precision_micro": 38.99339294433594,
    "multi-label/recall_micro": 28.428464889526367,
    "multi-label/f1-score_micro": 32.883174896240234,
    "AUC/AUC_multilabe": 66.21820398225881,
    "AUC/AUC_class1": 78.00200175950836,
    "AUC/AUC_class2": 57.77954220165276,
    "AUC/AUC_class3": 72.08114708114707,
    "AUC/AUC_class4": 76.7133794933455,
    "AUC/AUC_class5": 63.53674340600703,
    "AUC/AUC_class6": 52.483850931677026,
    "AUC/AUC_class7": 57.76537368033878,
    "AUC/AUC_class8": 67.8744263662912,
    "AUC/AUC_class9": 71.02616221887088,
    "AUC/AUC_class10": 57.584312431801465,
    "AUC/AUC_class11": 75.05754813823995,
    "AUC/AUC_class12": 62.91750358680057,
    "AUC/AUC_class13": 63.1582160006511,
    "AUC/AUC_class14": 63.92916112923361,
    "AUC/AUC_class15": 53.12864755138289,
    "AUC/AUC_class16": 89.69763365468887,
    "AUC/AUC_class17": 53.712141517019575,
    "AUC/AUC_class18": 74.6542783059637,
    "AUC/AUC_class19": 67.04380620829707,
    "MAP_class1": 0.6654831173346857,
    "MAP_class2": 0.2041995087937122,
    "MAP_class3": 0.43474189103857086,
    "MAP_class4": 0.47232368326929575,
    "MAP_class5": 0.3055848832961471,
    "MAP_class6": 0.16480072306962323,
    "MAP_class7": 0.22716769738556777,
    "MAP_class8": 0.26255982483153795,
    "MAP_class9": 0.3066464762643073,
    "MAP_class10": 0.19336238165534034,
    "MAP_class11": 0.31038714503800985,
    "MAP_class12": 0.18534764649852098,
    "MAP_class13": 0.08041017232523326,
    "MAP_class14": 0.13237826604179043,
    "MAP_class15": 0.034513843673347235,
    "MAP_class16": 0.45147212982120627,
    "MAP_class17": 0.017798258817067848,
    "MAP_class18": 0.008033575110276725,
    "MAP_class19": 0.025386038769984735,
    "Aggregate": 44.905410578061584
}