{
    "multi-label/mAP": 20.058137893676758,
    "multi-label/precision": 19.442781448364258,
    "multi-label/recall": 20.270343780517578,
    "multi-label/f1-score": 19.176908493041992,
    "multi-label/precision_micro": 31.201955795288086,
    "multi-label/recall_micro": 33.09859085083008,
    "multi-label/f1-score_micro": 32.12229919433594,
    "AUC/AUC_multilabe": 62.77515485832924,
    "AUC/AUC_class1": 73.73073147097449,
    "AUC/AUC_class2": 57.40448604770212,
    "AUC/AUC_class3": 69.53478203478203,
    "AUC/AUC_class4": 69.13532899373939,
    "AUC/AUC_class5": 63.26088199420643,
    "AUC/AUC_class6": 53.31055900621118,
    "AUC/AUC_class7": 51.699405531145004,
    "AUC/AUC_class8": 65.21415658461966,
    "AUC/AUC_class9": 64.30594715100649,
    "AUC/AUC_class10": 56.652371406095355,
    "AUC/AUC_class11": 70.89775095654338,
    "AUC/AUC_class12": 58.446556671449066,
    "AUC/AUC_class13": 70.19207292260113,
    "AUC/AUC_class14": 60.97317868793041,
    "AUC/AUC_class15": 55.83100735853843,
    "AUC/AUC_class16": 88.45311130587204,
    "AUC/AUC_class17": 42.38809970517288,
    "AUC/AUC_class18": 45.31114952463267,
    "AUC/AUC_class19": 75.98636495503335,
    "MAP_class1": 0.5796160534020741,
    "MAP_class2": 0.21047594415225152,
    "MAP_class3": 0.3977774682040255,
    "MAP_class4": 0.3657850456542128,
    "MAP_class5": 0.2873309052772709,
    "MAP_class6": 0.147914569838214,
    "MAP_class7": 0.192060865912642,
    "MAP_class8": 0.2176279113670252,
    "MAP_class9": 0.22013614066615028,
    "MAP_class10": 0.16781278069885264,
    "MAP_class11": 0.23403600150154213,
    "MAP_class12": 0.15695191807577547,
    "MAP_class13": 0.07803915636262795,
    "MAP_class14": 0.13957989814736754,
    "MAP_class15": 0.032805118331691606,
    "MAP_class16": 0.32338283193428785,
    "MAP_class17": 0.010300184410193002,
    "MAP_class18": 0.003808047407362194,
    "MAP_class19": 0.037479342846213744,
    "Aggregate": 41.39526212440089
}