{
    "multi-label/mAP": 20.17498779296875,
    "multi-label/precision": 21.13514518737793,
    "multi-label/recall": 17.658552169799805,
    "multi-label/f1-score": 16.842313766479492,
    "multi-label/precision_micro": 28.142192840576172,
    "multi-label/recall_micro": 24.647886276245117,
    "multi-label/f1-score_micro": 26.27939224243164,
    "AUC/AUC_multilabe": 59.43516837567648,
    "AUC/AUC_class1": 72.17649908837068,
    "AUC/AUC_class2": 57.85371765271263,
    "AUC/AUC_class3": 59.16658416658416,
    "AUC/AUC_class4": 79.37932750114018,
    "AUC/AUC_class5": 56.19806754078366,
    "AUC/AUC_class6": 57.31304347826087,
    "AUC/AUC_class7": 51.78887408791777,
    "AUC/AUC_class8": 63.00375469336671,
    "AUC/AUC_class9": 71.73955806176645,
    "AUC/AUC_class10": 46.17834394904459,
    "AUC/AUC_class11": 54.92114349706038,
    "AUC/AUC_class12": 39.32424677187949,
    "AUC/AUC_class13": 65.91926426304224,
    "AUC/AUC_class14": 56.335830212234704,
    "AUC/AUC_class15": 37.10479573712256,
    "AUC/AUC_class16": 95.85451358457493,
    "AUC/AUC_class17": 62.985794693111764,
    "AUC/AUC_class18": 39.390665514261016,
    "AUC/AUC_class19": 62.63417464461851,
    "MAP_class1": 0.596162554893128,
    "MAP_class2": 0.21904503498956968,
    "MAP_class3": 0.2840848127427281,
    "MAP_class4": 0.5422697476920252,
    "MAP_class5": 0.23570359576845434,
    "MAP_class6": 0.17735472642929745,
    "MAP_class7": 0.20162538653379022,
    "MAP_class8": 0.19293827543515404,
    "MAP_class9": 0.25326950156156475,
    "MAP_class10": 0.1290520284771544,
    "MAP_class11": 0.13647376315365772,
    "MAP_class12": 0.08946784404652673,
    "MAP_class13": 0.07928241300780067,
    "MAP_class14": 0.10038677674930514,
    "MAP_class15": 0.03857305229747868,
    "MAP_class16": 0.5177276781298897,
    "MAP_class17": 0.019969685491342922,
    "MAP_class18": 0.0033817790941988086,
    "MAP_class19": 0.016479234137950282,
    "Aggregate": 39.805078636867236
}