{
    "multi-label/mAP": 18.95830535888672,
    "multi-label/precision": 20.3961124420166,
    "multi-label/recall": 22.024559020996094,
    "multi-label/f1-score": 19.94634246826172,
    "multi-label/precision_micro": 15.009207725524902,
    "multi-label/recall_micro": 33.4702262878418,
    "multi-label/f1-score_micro": 20.724729537963867,
    "AUC/AUC_multilabe": 59.34989023605519,
    "AUC/AUC_class1": 63.8306271413675,
    "AUC/AUC_class2": 53.11487511791002,
    "AUC/AUC_class3": 60.227029342471624,
    "AUC/AUC_class4": 60.227029342471624,
    "MAP_class1": 0.3707620573231388,
    "MAP_class2": 0.25606342359287126,
    "MAP_class3": 0.13150677861839902,
    "MAP_class4": -0.0,
    "Aggregate": 39.154098362207705
}