{
    "multi-label/mAP": 21.72601890563965,
    "multi-label/precision": 24.843143463134766,
    "multi-label/recall": 20.7999267578125,
    "multi-label/f1-score": 20.741689682006836,
    "multi-label/precision_micro": 34.758941650390625,
    "multi-label/recall_micro": 33.13565444946289,
    "multi-label/f1-score_micro": 33.927894592285156,
    "AUC/AUC_multilabe": 62.857524496127816,
    "AUC/AUC_class1": 75.24958243551657,
    "AUC/AUC_class2": 57.16681118691168,
    "AUC/AUC_class3": 65.33924033924035,
    "AUC/AUC_class4": 74.5383307765662,
    "AUC/AUC_class5": 64.26141561213599,
    "AUC/AUC_class6": 54.23664596273292,
    "AUC/AUC_class7": 51.797323896057414,
    "AUC/AUC_class8": 63.4411069392296,
    "AUC/AUC_class9": 71.85102616221887,
    "AUC/AUC_class10": 53.94219301139391,
    "AUC/AUC_class11": 67.415310915482,
    "AUC/AUC_class12": 62.15423242467719,
    "AUC/AUC_class13": 66.5642549035566,
    "AUC/AUC_class14": 60.677177721396646,
    "AUC/AUC_class15": 50.07358538442019,
    "AUC/AUC_class16": 95.04382120946538,
    "AUC/AUC_class17": 52.03028678638435,
    "AUC/AUC_class18": 51.62057044079516,
    "AUC/AUC_class19": 56.89004931824775,
    "MAP_class1": 0.6338085031719917,
    "MAP_class2": 0.20596809679063097,
    "MAP_class3": 0.3385986520664549,
    "MAP_class4": 0.4407484916726312,
    "MAP_class5": 0.2954290598695105,
    "MAP_class6": 0.1756199473533677,
    "MAP_class7": 0.18839025714078927,
    "MAP_class8": 0.18698998532283734,
    "MAP_class9": 0.2598299258142283,
    "MAP_class10": 0.14552574936445167,
    "MAP_class11": 0.24319102694343891,
    "MAP_class12": 0.1525796453498932,
    "MAP_class13": 0.05599857507880999,
    "MAP_class14": 0.13631908400643816,
    "MAP_class15": 0.03328287128011095,
    "MAP_class16": 0.5032817212816627,
    "MAP_class17": 0.032155851862507495,
    "MAP_class18": 0.004985988344724177,
    "MAP_class19": 0.09524010647828274,
    "Aggregate": 42.29177156172907
}