{
    "multi-label/mAP": 22.600177764892578,
    "multi-label/precision": 23.731531143188477,
    "multi-label/recall": 21.260345458984375,
    "multi-label/f1-score": 20.935285568237305,
    "multi-label/precision_micro": 34.962406158447266,
    "multi-label/recall_micro": 31.022981643676758,
    "multi-label/f1-score_micro": 32.875099182128906,
    "AUC/AUC_multilabe": 64.52104699815013,
    "AUC/AUC_class1": 82.99428797286785,
    "AUC/AUC_class2": 57.745588650111266,
    "AUC/AUC_class3": 71.92934692934693,
    "AUC/AUC_class4": 74.56030515361334,
    "AUC/AUC_class5": 58.751810489403866,
    "AUC/AUC_class6": 56.070186335403726,
    "AUC/AUC_class7": 51.662126965823006,
    "AUC/AUC_class8": 67.03657349464609,
    "AUC/AUC_class9": 73.97088715494066,
    "AUC/AUC_class10": 55.56944197731368,
    "AUC/AUC_class11": 57.76199956450056,
    "AUC/AUC_class12": 72.48708751793399,
    "AUC/AUC_class13": 57.693090257996246,
    "AUC/AUC_class14": 62.32028512746165,
    "AUC/AUC_class15": 57.6046688657701,
    "AUC/AUC_class16": 95.31551270815073,
    "AUC/AUC_class17": 50.21441972661484,
    "AUC/AUC_class18": 60.8038029386344,
    "AUC/AUC_class19": 61.4084711343197,
    "MAP_class1": 0.7485756430029263,
    "MAP_class2": 0.20383496387776132,
    "MAP_class3": 0.4462874540167978,
    "MAP_class4": 0.4605297314402215,
    "MAP_class5": 0.25440272153486676,
    "MAP_class6": 0.16278867416881052,
    "MAP_class7": 0.19804396839075716,
    "MAP_class8": 0.20815379565377706,
    "MAP_class9": 0.30348818361186636,
    "MAP_class10": 0.16202223615502354,
    "MAP_class11": 0.15738764927579346,
    "MAP_class12": 0.25585376625447837,
    "MAP_class13": 0.05564065792591266,
    "MAP_class14": 0.14754860450873145,
    "MAP_class15": 0.04106479152934728,
    "MAP_class16": 0.4496163012409256,
    "MAP_class17": 0.015797523328223956,
    "MAP_class18": 0.008531292879416811,
    "MAP_class19": 0.014466105787068962,
    "Aggregate": 43.56061314271376
}