{
    "multi-label/mAP": 16.283838272094727,
    "multi-label/precision": 19.663436889648438,
    "multi-label/recall": 7.207198143005371,
    "multi-label/f1-score": 8.001214981079102,
    "multi-label/precision_micro": 30.858083724975586,
    "multi-label/recall_micro": 13.862119674682617,
    "multi-label/f1-score_micro": 19.130434036254883,
    "AUC/AUC_multilabe": 55.6471518302063,
    "AUC/AUC_class1": 73.33069832081702,
    "AUC/AUC_class2": 50.96637031310398,
    "AUC/AUC_class3": 56.0080685080685,
    "AUC/AUC_class4": 60.4560719764501,
    "AUC/AUC_class5": 54.90309117243483,
    "AUC/AUC_class6": 49.31180124223602,
    "AUC/AUC_class7": 44.832693798834924,
    "AUC/AUC_class8": 56.04714226115979,
    "AUC/AUC_class9": 61.38548291915284,
    "AUC/AUC_class10": 56.01352551577131,
    "AUC/AUC_class11": 50.322736180670034,
    "AUC/AUC_class12": 55.17216642754663,
    "AUC/AUC_class13": 52.970619353788564,
    "AUC/AUC_class14": 53.92956385163708,
    "AUC/AUC_class15": 50.51509769094138,
    "AUC/AUC_class16": 82.59859772129711,
    "AUC/AUC_class17": 52.09059233449478,
    "AUC/AUC_class18": 37.12186689714779,
    "AUC/AUC_class19": 59.319698288366695,
    "MAP_class1": 0.6224838317549197,
    "MAP_class2": 0.1811177452106022,
    "MAP_class3": 0.29170998822479965,
    "MAP_class4": 0.29740318197625737,
    "MAP_class5": 0.23310212360288274,
    "MAP_class6": 0.13634440313390805,
    "MAP_class7": 0.16090022090353745,
    "MAP_class8": 0.15043274936310125,
    "MAP_class9": 0.1893164649115206,
    "MAP_class10": 0.15123982609814496,
    "MAP_class11": 0.11347347666129956,
    "MAP_class12": 0.13973909229086234,
    "MAP_class13": 0.04577841690372871,
    "MAP_class14": 0.08626666584593298,
    "MAP_class15": 0.03252990109256745,
    "MAP_class16": 0.220567795352474,
    "MAP_class17": 0.02175893264925465,
    "MAP_class18": 0.004651727194224109,
    "MAP_class19": 0.015112587156434862,
    "Aggregate": 35.96549467912013
}