{
    "multi-label/mAP": 20.888050079345703,
    "multi-label/precision": 17.929584503173828,
    "multi-label/recall": 11.2783842086792,
    "multi-label/f1-score": 12.006478309631348,
    "multi-label/precision_micro": 38.759124755859375,
    "multi-label/recall_micro": 19.681245803833008,
    "multi-label/f1-score_micro": 26.106197357177734,
    "AUC/AUC_multilabe": 62.61216779952614,
    "AUC/AUC_class1": 76.08152388723846,
    "AUC/AUC_class2": 58.68949738296472,
    "AUC/AUC_class3": 72.92966042966043,
    "AUC/AUC_class4": 77.43438782702434,
    "AUC/AUC_class5": 52.53182649794176,
    "AUC/AUC_class6": 53.7329192546584,
    "AUC/AUC_class7": 49.34389725033302,
    "AUC/AUC_class8": 65.38589904046725,
    "AUC/AUC_class9": 67.94177430988132,
    "AUC/AUC_class10": 48.96465095033877,
    "AUC/AUC_class11": 54.94291846828631,
    "AUC/AUC_class12": 47.010760401721654,
    "AUC/AUC_class13": 72.39358671766908,
    "AUC/AUC_class14": 57.197656155611945,
    "AUC/AUC_class15": 51.95635625475767,
    "AUC/AUC_class16": 90.01752848378615,
    "AUC/AUC_class17": 50.676762262128115,
    "AUC/AUC_class18": 78.06828003457217,
    "AUC/AUC_class19": 64.33130258195531,
    "MAP_class1": 0.6378508289898331,
    "MAP_class2": 0.2281986356130391,
    "MAP_class3": 0.4476797408464755,
    "MAP_class4": 0.5105258487234696,
    "MAP_class5": 0.21033108482914017,
    "MAP_class6": 0.1623476128969163,
    "MAP_class7": 0.17926772734901067,
    "MAP_class8": 0.22202889216837518,
    "MAP_class9": 0.2167918708764661,
    "MAP_class10": 0.14248507903991994,
    "MAP_class11": 0.15266922658243293,
    "MAP_class12": 0.10794158083392841,
    "MAP_class13": 0.11515846019360336,
    "MAP_class14": 0.10213283765222014,
    "MAP_class15": 0.04286035634784793,
    "MAP_class16": 0.40191381937642406,
    "MAP_class17": 0.05981396219000013,
    "MAP_class18": 0.00961305437925655,
    "MAP_class19": 0.019118934205870918,
    "Aggregate": 41.75010903948473
}