{
    "multi-label/mAP": 24.105960845947266,
    "multi-label/precision": 19.474681854248047,
    "multi-label/recall": 37.46967315673828,
    "multi-label/f1-score": 24.16269302368164,
    "multi-label/precision_micro": 25.0,
    "multi-label/recall_micro": 52.77207565307617,
    "multi-label/f1-score_micro": 33.927391052246094,
    "AUC/AUC_multilabe": 62.38040386363626,
    "AUC/AUC_class1": 74.6004022046775,
    "AUC/AUC_class2": 59.80020232675771,
    "AUC/AUC_class3": 57.56050546155493,
    "AUC/AUC_class4": 57.56050546155493,
    "MAP_class1": 0.5400760817035571,
    "MAP_class2": 0.3217870463074287,
    "MAP_class3": 0.10226450256586854,
    "MAP_class4": -0.0,
    "Aggregate": 43.24179731402881
}