{
    "multi-label/mAP": 18.819812774658203,
    "multi-label/precision": 15.644113540649414,
    "multi-label/recall": 12.151021003723145,
    "multi-label/f1-score": 11.6657133102417,
    "multi-label/precision_micro": 33.158721923828125,
    "multi-label/recall_micro": 23.461822509765625,
    "multi-label/f1-score_micro": 27.479921340942383,
    "AUC/AUC_multilabe": 61.41577422862499,
    "AUC/AUC_class1": 71.6040213691015,
    "AUC/AUC_class2": 57.86155308768374,
    "AUC/AUC_class3": 54.0969540969541,
    "AUC/AUC_class4": 74.12910983042416,
    "AUC/AUC_class5": 62.425674645525234,
    "AUC/AUC_class6": 55.77267080745343,
    "AUC/AUC_class7": 52.564765294152735,
    "AUC/AUC_class8": 57.80419969406203,
    "AUC/AUC_class9": 49.69182348698446,
    "AUC/AUC_class10": 49.63902352373943,
    "AUC/AUC_class11": 66.40666314119514,
    "AUC/AUC_class12": 68.47130559540891,
    "AUC/AUC_class13": 52.07129486449092,
    "AUC/AUC_class14": 55.118601747815234,
    "AUC/AUC_class15": 54.22481603653895,
    "AUC/AUC_class16": 92.23049956178791,
    "AUC/AUC_class17": 67.1066738139909,
    "AUC/AUC_class18": 68.99308556611928,
    "AUC/AUC_class19": 56.68697418044676,
    "MAP_class1": 0.5999674363358931,
    "MAP_class2": 0.22640531499853583,
    "MAP_class3": 0.25836773857787654,
    "MAP_class4": 0.4710210583848772,
    "MAP_class5": 0.2787171909089322,
    "MAP_class6": 0.16847207122797153,
    "MAP_class7": 0.1938793812438409,
    "MAP_class8": 0.1433920118973444,
    "MAP_class9": 0.1426912450512895,
    "MAP_class10": 0.13297971804156664,
    "MAP_class11": 0.18855790709238118,
    "MAP_class12": 0.23711946317658023,
    "MAP_class13": 0.06854053836055556,
    "MAP_class14": 0.0885070029098104,
    "MAP_class15": 0.033108437121974574,
    "MAP_class16": 0.3005398453788947,
    "MAP_class17": 0.019754169968798016,
    "MAP_class18": 0.009072503469111023,
    "MAP_class19": 0.014671642910997556,
    "Aggregate": 40.117794159199946
}