{
    "multi-label/mAP": 20.094358444213867,
    "multi-label/precision": 22.607620239257812,
    "multi-label/recall": 9.724630355834961,
    "multi-label/f1-score": 11.817159652709961,
    "multi-label/precision_micro": 33.226322174072266,
    "multi-label/recall_micro": 15.34469985961914,
    "multi-label/f1-score_micro": 20.993913650512695,
    "AUC/AUC_multilabe": 58.59387056347268,
    "AUC/AUC_class1": 66.20851449044383,
    "AUC/AUC_class2": 53.28618142688495,
    "AUC/AUC_class3": 66.18651618651617,
    "AUC/AUC_class4": 74.45209171192836,
    "AUC/AUC_class5": 48.53969736240281,
    "AUC/AUC_class6": 53.581987577639744,
    "AUC/AUC_class7": 47.48792174483568,
    "AUC/AUC_class8": 67.88137950215547,
    "AUC/AUC_class9": 72.84702642449675,
    "AUC/AUC_class10": 46.71758824574314,
    "AUC/AUC_class11": 59.634647089930624,
    "AUC/AUC_class12": 40.95265423242468,
    "AUC/AUC_class13": 64.04329779441686,
    "AUC/AUC_class14": 59.60392251620957,
    "AUC/AUC_class15": 50.11672164425273,
    "AUC/AUC_class16": 94.11042944785277,
    "AUC/AUC_class17": 52.75395336370946,
    "AUC/AUC_class18": 30.293863439930856,
    "AUC/AUC_class19": 64.58514650420656,
    "MAP_class1": 0.5250935549546637,
    "MAP_class2": 0.18895974179561076,
    "MAP_class3": 0.35520734258530384,
    "MAP_class4": 0.47086662687847314,
    "MAP_class5": 0.1919537541858808,
    "MAP_class6": 0.16049423099823082,
    "MAP_class7": 0.18303500136998946,
    "MAP_class8": 0.225310144671687,
    "MAP_class9": 0.26432332613009807,
    "MAP_class10": 0.12810298017451138,
    "MAP_class11": 0.15317968925452358,
    "MAP_class12": 0.0945826582247981,
    "MAP_class13": 0.05592581331134209,
    "MAP_class14": 0.11361765923938798,
    "MAP_class15": 0.032090260646472274,
    "MAP_class16": 0.6353315863317103,
    "MAP_class17": 0.01699323887308769,
    "MAP_class18": 0.0029769627063029763,
    "MAP_class19": 0.019883612057449037,
    "Aggregate": 39.34411471434035
}