{
    "multi-label/mAP": 22.416275024414062,
    "multi-label/precision": 20.8692569732666,
    "multi-label/recall": 18.061019897460938,
    "multi-label/f1-score": 17.859783172607422,
    "multi-label/precision_micro": 32.69731140136719,
    "multi-label/recall_micro": 27.946626663208008,
    "multi-label/f1-score_micro": 30.13589096069336,
    "AUC/AUC_multilabe": 64.35883909598655,
    "AUC/AUC_class1": 79.34968316099503,
    "AUC/AUC_class2": 53.40789185010291,
    "AUC/AUC_class3": 69.07773157773157,
    "AUC/AUC_class4": 76.22165098055476,
    "AUC/AUC_class5": 62.75013340448239,
    "AUC/AUC_class6": 57.01304347826087,
    "AUC/AUC_class7": 53.20148318985227,
    "AUC/AUC_class8": 65.70713391739675,
    "AUC/AUC_class9": 75.59897711625467,
    "AUC/AUC_class10": 54.61910320501434,
    "AUC/AUC_class11": 48.53096711979345,
    "AUC/AUC_class12": 72.77044476327114,
    "AUC/AUC_class13": 72.07007406201676,
    "AUC/AUC_class14": 57.394990133301114,
    "AUC/AUC_class15": 56.28774422735346,
    "AUC/AUC_class16": 93.77300613496932,
    "AUC/AUC_class17": 42.52211203430715,
    "AUC/AUC_class18": 64.47709593777009,
    "AUC/AUC_class19": 68.04467653031622,
    "MAP_class1": 0.6835925836548808,
    "MAP_class2": 0.19549744288962395,
    "MAP_class3": 0.39449455547182355,
    "MAP_class4": 0.47730469717681867,
    "MAP_class5": 0.2990035452875427,
    "MAP_class6": 0.16539034566749192,
    "MAP_class7": 0.20649230582760333,
    "MAP_class8": 0.20425167570969843,
    "MAP_class9": 0.2944892913457453,
    "MAP_class10": 0.1538387643806445,
    "MAP_class11": 0.10553501516468483,
    "MAP_class12": 0.27191311323175427,
    "MAP_class13": 0.0784742105157975,
    "MAP_class14": 0.12742431029608906,
    "MAP_class15": 0.03977504709200318,
    "MAP_class16": 0.5174807316386524,
    "MAP_class17": 0.012612960988599776,
    "MAP_class18": 0.011326852662337591,
    "MAP_class19": 0.020194518044797435,
    "Aggregate": 43.387556303379036
}