{
    "multi-label/mAP": 15.87484073638916,
    "multi-label/precision": 24.47996711730957,
    "multi-label/recall": 8.257298469543457,
    "multi-label/f1-score": 7.797780990600586,
    "multi-label/precision_micro": 26.652141571044922,
    "multi-label/recall_micro": 13.602667808532715,
    "multi-label/f1-score_micro": 18.01226806640625,
    "AUC/AUC_multilabe": 56.92748321379407,
    "AUC/AUC_class1": 60.73555099386723,
    "AUC/AUC_class2": 49.48965200221481,
    "AUC/AUC_class3": 48.55336105336106,
    "AUC/AUC_class4": 73.92263360835855,
    "AUC/AUC_class5": 51.08867586522335,
    "AUC/AUC_class6": 64.3360248447205,
    "AUC/AUC_class7": 45.845676680517734,
    "AUC/AUC_class8": 56.83423724099569,
    "AUC/AUC_class9": 64.756409415776,
    "AUC/AUC_class10": 57.027939198619535,
    "AUC/AUC_class11": 67.66727843966778,
    "AUC/AUC_class12": 46.54447632711621,
    "AUC/AUC_class13": 68.33441849108813,
    "AUC/AUC_class14": 56.68217147919938,
    "AUC/AUC_class15": 54.84648566353718,
    "AUC/AUC_class16": 67.84399649430324,
    "AUC/AUC_class17": 49.14232109354061,
    "AUC/AUC_class18": 48.72515125324114,
    "AUC/AUC_class19": 49.245720916739195,
    "MAP_class1": 0.4618799362638737,
    "MAP_class2": 0.168739298345299,
    "MAP_class3": 0.216576033415507,
    "MAP_class4": 0.4721750252349193,
    "MAP_class5": 0.1939405029104553,
    "MAP_class6": 0.22595542838908145,
    "MAP_class7": 0.17044901887316516,
    "MAP_class8": 0.14920172300958875,
    "MAP_class9": 0.22117127987852966,
    "MAP_class10": 0.1555851272372618,
    "MAP_class11": 0.19654699006848736,
    "MAP_class12": 0.11344742565956298,
    "MAP_class13": 0.06706904318917421,
    "MAP_class14": 0.10516956253299484,
    "MAP_class15": 0.03478660815261159,
    "MAP_class16": 0.0380490938819001,
    "MAP_class17": 0.011065214212291119,
    "MAP_class18": 0.004012263639350708,
    "MAP_class19": 0.010399972740181748,
    "Aggregate": 36.40116146909239
}