{
    "multi-label/mAP": 14.858320236206055,
    "multi-label/precision": 13.752581596374512,
    "multi-label/recall": 50.168052673339844,
    "multi-label/f1-score": 19.687602996826172,
    "multi-label/precision_micro": 18.429931640625,
    "multi-label/recall_micro": 68.8287582397461,
    "multi-label/f1-score_micro": 29.07468032836914,
    "AUC/AUC_multilabe": 55.22259490087462,
    "AUC/AUC_class1": 72.48154428733537,
    "AUC/AUC_class2": 52.44778988497581,
    "AUC/AUC_class3": 50.969375969375974,
    "AUC/AUC_class4": 58.54139889713503,
    "AUC/AUC_class5": 53.01732352492758,
    "AUC/AUC_class6": 53.75527950310559,
    "AUC/AUC_class7": 46.64642026363402,
    "AUC/AUC_class8": 51.916979557780564,
    "AUC/AUC_class9": 60.34555111140253,
    "AUC/AUC_class10": 56.08457888192453,
    "AUC/AUC_class11": 49.06678694746011,
    "AUC/AUC_class12": 56.98637015781922,
    "AUC/AUC_class13": 61.80922926670465,
    "AUC/AUC_class14": 46.642301961258106,
    "AUC/AUC_class15": 53.10327328089317,
    "AUC/AUC_class16": 76.93689745836984,
    "AUC/AUC_class17": 44.71991423210935,
    "AUC/AUC_class18": 61.25756266205704,
    "AUC/AUC_class19": 42.500725268349285,
    "MAP_class1": 0.5791886888871924,
    "MAP_class2": 0.17903427475153705,
    "MAP_class3": 0.23876650751265785,
    "MAP_class4": 0.2948964055083416,
    "MAP_class5": 0.20085329251999834,
    "MAP_class6": 0.1508524107126191,
    "MAP_class7": 0.1652906150616847,
    "MAP_class8": 0.12323836111853977,
    "MAP_class9": 0.184895391286863,
    "MAP_class10": 0.16515729838787535,
    "MAP_class11": 0.10493722501711727,
    "MAP_class12": 0.1505330616095477,
    "MAP_class13": 0.05076872501976997,
    "MAP_class14": 0.07889745150954187,
    "MAP_class15": 0.037141633125168896,
    "MAP_class16": 0.09115374388227573,
    "MAP_class17": 0.010412093968096853,
    "MAP_class18": 0.005925011385334019,
    "MAP_class19": 0.011138507228345128,
    "Aggregate": 35.04045718331233
}