{
    "multi-label/mAP": 18.955656051635742,
    "multi-label/precision": 17.98232650756836,
    "multi-label/recall": 20.178354263305664,
    "multi-label/f1-score": 15.650561332702637,
    "multi-label/precision_micro": 25.503355026245117,
    "multi-label/recall_micro": 29.577463150024414,
    "multi-label/f1-score_micro": 27.38973617553711,
    "AUC/AUC_multilabe": 58.23093474523321,
    "AUC/AUC_class1": 70.45619716693653,
    "AUC/AUC_class2": 55.414285565039336,
    "AUC/AUC_class3": 65.2014652014652,
    "AUC/AUC_class4": 72.2140221402214,
    "AUC/AUC_class5": 49.06855084616558,
    "AUC/AUC_class6": 55.070186335403726,
    "AUC/AUC_class7": 50.68294331669881,
    "AUC/AUC_class8": 67.51216798776247,
    "AUC/AUC_class9": 71.02550652416234,
    "AUC/AUC_class10": 47.38688557870429,
    "AUC/AUC_class11": 61.23199676486142,
    "AUC/AUC_class12": 40.73959827833573,
    "AUC/AUC_class13": 62.2385448034508,
    "AUC/AUC_class14": 57.19866296162055,
    "AUC/AUC_class15": 42.727734077645266,
    "AUC/AUC_class16": 90.05696757230498,
    "AUC/AUC_class17": 41.12838381131064,
    "AUC/AUC_class18": 52.290406222990505,
    "AUC/AUC_class19": 54.74325500435161,
    "MAP_class1": 0.5871178093050324,
    "MAP_class2": 0.20608704257283583,
    "MAP_class3": 0.3674978857313337,
    "MAP_class4": 0.4272204545053291,
    "MAP_class5": 0.1856985482709298,
    "MAP_class6": 0.1603644560351614,
    "MAP_class7": 0.20088252315232014,
    "MAP_class8": 0.2432068727818407,
    "MAP_class9": 0.22758704232847793,
    "MAP_class10": 0.12909258386606637,
    "MAP_class11": 0.165672856141448,
    "MAP_class12": 0.09433584759272942,
    "MAP_class13": 0.061903001463891896,
    "MAP_class14": 0.10288597213530074,
    "MAP_class15": 0.02787420114957719,
    "MAP_class16": 0.3704642620782793,
    "MAP_class17": 0.022211613298909118,
    "MAP_class18": 0.006611351718281743,
    "MAP_class19": 0.011885971566490489,
    "Aggregate": 38.585468150759326
}