{
    "multi-label/mAP": 19.33453941345215,
    "multi-label/precision": 19.238237380981445,
    "multi-label/recall": 27.424213409423828,
    "multi-label/f1-score": 18.944238662719727,
    "multi-label/precision_micro": 26.908212661743164,
    "multi-label/recall_micro": 41.28984451293945,
    "multi-label/f1-score_micro": 32.58262634277344,
    "AUC/AUC_multilabe": 59.97122328752817,
    "AUC/AUC_class1": 73.54426183524372,
    "AUC/AUC_class2": 56.57654175242115,
    "AUC/AUC_class3": 68.87643137643138,
    "AUC/AUC_class4": 70.44404826070733,
    "AUC/AUC_class5": 57.26196828784875,
    "AUC/AUC_class6": 56.98198757763976,
    "AUC/AUC_class7": 52.41117760502615,
    "AUC/AUC_class8": 66.81581143095535,
    "AUC/AUC_class9": 71.30909448560749,
    "AUC/AUC_class10": 45.69556170223564,
    "AUC/AUC_class11": 56.950881886334656,
    "AUC/AUC_class12": 52.12410329985653,
    "AUC/AUC_class13": 57.044030275901356,
    "AUC/AUC_class14": 55.27062945511659,
    "AUC/AUC_class15": 42.12890129408779,
    "AUC/AUC_class16": 89.51358457493427,
    "AUC/AUC_class17": 46.77700348432056,
    "AUC/AUC_class18": 62.51080380293863,
    "AUC/AUC_class19": 57.21642007542791,
    "MAP_class1": 0.6079648872855326,
    "MAP_class2": 0.20495126640826788,
    "MAP_class3": 0.38806334775035456,
    "MAP_class4": 0.4047878784127411,
    "MAP_class5": 0.2213639924930971,
    "MAP_class6": 0.16453075107332316,
    "MAP_class7": 0.200741819916191,
    "MAP_class8": 0.20545119920774563,
    "MAP_class9": 0.22097200205206421,
    "MAP_class10": 0.12380632329180616,
    "MAP_class11": 0.14206809121926572,
    "MAP_class12": 0.12451332996600019,
    "MAP_class13": 0.04745692683069486,
    "MAP_class14": 0.10014109394855573,
    "MAP_class15": 0.028240004638248755,
    "MAP_class16": 0.4501345666000886,
    "MAP_class17": 0.016784341880276683,
    "MAP_class18": 0.00674413598899582,
    "MAP_class19": 0.013813679589536155,
    "Aggregate": 39.65016332416616
}