{
    "multi-label/mAP": 18.682552337646484,
    "multi-label/precision": 21.498004913330078,
    "multi-label/recall": 11.8914794921875,
    "multi-label/f1-score": 10.793702125549316,
    "multi-label/precision_micro": 27.77485466003418,
    "multi-label/recall_micro": 19.570053100585938,
    "multi-label/f1-score_micro": 22.961511611938477,
    "AUC/AUC_multilabe": 56.06915057093708,
    "AUC/AUC_class1": 68.9485025053869,
    "AUC/AUC_class2": 55.83896614047368,
    "AUC/AUC_class3": 62.22073722073722,
    "AUC/AUC_class4": 72.38567104772171,
    "AUC/AUC_class5": 52.0482352492758,
    "AUC/AUC_class6": 56.68136645962733,
    "AUC/AUC_class7": 49.44280971032069,
    "AUC/AUC_class8": 59.74481991378112,
    "AUC/AUC_class9": 71.42285751753982,
    "AUC/AUC_class10": 47.72312025782222,
    "AUC/AUC_class11": 51.65334245808317,
    "AUC/AUC_class12": 51.97632711621234,
    "AUC/AUC_class13": 56.12028973712053,
    "AUC/AUC_class14": 55.62905239418468,
    "AUC/AUC_class15": 44.00659731032733,
    "AUC/AUC_class16": 92.76950043821209,
    "AUC/AUC_class17": 45.168855534709195,
    "AUC/AUC_class18": 36.51685393258427,
    "AUC/AUC_class19": 35.015955903684365,
    "MAP_class1": 0.5560853939808656,
    "MAP_class2": 0.1936564564580208,
    "MAP_class3": 0.337452677077416,
    "MAP_class4": 0.42470585248200426,
    "MAP_class5": 0.2045953678800831,
    "MAP_class6": 0.17009380250317213,
    "MAP_class7": 0.18056973131608933,
    "MAP_class8": 0.15718207477640325,
    "MAP_class9": 0.2254862259315702,
    "MAP_class10": 0.1342726255377725,
    "MAP_class11": 0.1265348003060051,
    "MAP_class12": 0.13336775728025183,
    "MAP_class13": 0.05622591672368942,
    "MAP_class14": 0.10901692631106902,
    "MAP_class15": 0.02821783508759753,
    "MAP_class16": 0.48733725962331553,
    "MAP_class17": 0.012163574857217325,
    "MAP_class18": 0.0032263353285399174,
    "MAP_class19": 0.00949433066257308,
    "Aggregate": 37.375851454215
}