{
    "multi-label/mAP": 18.44723892211914,
    "multi-label/precision": 14.61138916015625,
    "multi-label/recall": 9.791581153869629,
    "multi-label/f1-score": 9.541767120361328,
    "multi-label/precision_micro": 33.643619537353516,
    "multi-label/recall_micro": 18.7546329498291,
    "multi-label/f1-score_micro": 24.083770751953125,
    "AUC/AUC_multilabe": 61.14864740951912,
    "AUC/AUC_class1": 67.99830424194515,
    "AUC/AUC_class2": 57.59201412467745,
    "AUC/AUC_class3": 65.90189090189091,
    "AUC/AUC_class4": 70.51784899871471,
    "AUC/AUC_class5": 62.29322305229456,
    "AUC/AUC_class6": 57.52422360248448,
    "AUC/AUC_class7": 54.858639680299014,
    "AUC/AUC_class8": 62.009456264775395,
    "AUC/AUC_class9": 48.63812209035473,
    "AUC/AUC_class10": 52.861166797777045,
    "AUC/AUC_class11": 66.26590350577037,
    "AUC/AUC_class12": 61.18507890961262,
    "AUC/AUC_class13": 45.85537560022789,
    "AUC/AUC_class14": 53.43119487737103,
    "AUC/AUC_class15": 53.53463587921847,
    "AUC/AUC_class16": 90.54776511831726,
    "AUC/AUC_class17": 64.057893326186,
    "AUC/AUC_class18": 71.34831460674157,
    "AUC/AUC_class19": 55.403249202204805,
    "MAP_class1": 0.5720706891447436,
    "MAP_class2": 0.21458100804711483,
    "MAP_class3": 0.3694407241219052,
    "MAP_class4": 0.40149905878088293,
    "MAP_class5": 0.2724163533383622,
    "MAP_class6": 0.17748731179198607,
    "MAP_class7": 0.20607663206763638,
    "MAP_class8": 0.16244258827462182,
    "MAP_class9": 0.12644738429546828,
    "MAP_class10": 0.1510548060236645,
    "MAP_class11": 0.19338716410214662,
    "MAP_class12": 0.1663056493779939,
    "MAP_class13": 0.036730549303663165,
    "MAP_class14": 0.08690911972971031,
    "MAP_class15": 0.033419969449026955,
    "MAP_class16": 0.2850120552948619,
    "MAP_class17": 0.01961411911032475,
    "MAP_class18": 0.008700133189994814,
    "MAP_class19": 0.02137966653000721,
    "Aggregate": 39.797942078375655
}