{
    "multi-label/mAP": 23.815752029418945,
    "multi-label/precision": 24.317298889160156,
    "multi-label/recall": 24.989511489868164,
    "multi-label/f1-score": 22.3654727935791,
    "multi-label/precision_micro": 31.16673469543457,
    "multi-label/recall_micro": 28.613788604736328,
    "multi-label/f1-score_micro": 29.83574867248535,
    "AUC/AUC_multilabe": 66.3934518752547,
    "AUC/AUC_class1": 74.86070558835154,
    "AUC/AUC_class2": 58.26899570618163,
    "AUC/AUC_class3": 70.34080784080786,
    "AUC/AUC_class4": 84.3202454496455,
    "AUC/AUC_class5": 65.83797072724501,
    "AUC/AUC_class6": 58.031677018633545,
    "AUC/AUC_class7": 50.07008370280535,
    "AUC/AUC_class8": 66.86274509803923,
    "AUC/AUC_class9": 72.6811356632352,
    "AUC/AUC_class10": 56.02811683203491,
    "AUC/AUC_class11": 57.91753507325722,
    "AUC/AUC_class12": 67.12625538020085,
    "AUC/AUC_class13": 83.25262472531944,
    "AUC/AUC_class14": 59.81031774797631,
    "AUC/AUC_class15": 56.05937579294596,
    "AUC/AUC_class16": 97.4233128834356,
    "AUC/AUC_class17": 57.40418118466899,
    "AUC/AUC_class18": 64.84442523768365,
    "AUC/AUC_class19": 60.335073977371636,
    "MAP_class1": 0.613835624869666,
    "MAP_class2": 0.2194767782425825,
    "MAP_class3": 0.3955390301864983,
    "MAP_class4": 0.6050886818555224,
    "MAP_class5": 0.35060511469149286,
    "MAP_class6": 0.1653301446551599,
    "MAP_class7": 0.1838861779008867,
    "MAP_class8": 0.21061931502445425,
    "MAP_class9": 0.2532800057346708,
    "MAP_class10": 0.17194855871877157,
    "MAP_class11": 0.1387109062348359,
    "MAP_class12": 0.20191168365461698,
    "MAP_class13": 0.21443640125423305,
    "MAP_class14": 0.11573057182181046,
    "MAP_class15": 0.034998670767939846,
    "MAP_class16": 0.5909948571369066,
    "MAP_class17": 0.01882388930107722,
    "MAP_class18": 0.02218947497556323,
    "MAP_class19": 0.01758660502357933,
    "Aggregate": 45.104600916707
}