{
    "multi-label/mAP": 20.117738723754883,
    "multi-label/precision": 18.455121994018555,
    "multi-label/recall": 47.21965789794922,
    "multi-label/f1-score": 23.344280242919922,
    "multi-label/precision_micro": 17.485998153686523,
    "multi-label/recall_micro": 57.70020294189453,
    "multi-label/f1-score_micro": 26.838584899902344,
    "AUC/AUC_multilabe": 59.94199687580401,
    "AUC/AUC_class1": 63.38745717265009,
    "AUC/AUC_class2": 65.15400073821925,
    "AUC/AUC_class3": 55.61326479617335,
    "AUC/AUC_class4": 55.61326479617335,
    "MAP_class1": 0.33223883492148343,
    "MAP_class2": 0.3673019633854169,
    "MAP_class3": 0.1051734857373738,
    "MAP_class4": -0.0,
    "Aggregate": 40.02992698845543
}