{
    "multi-label/mAP": 21.03790855407715,
    "multi-label/precision": 20.62398338317871,
    "multi-label/recall": 20.648239135742188,
    "multi-label/f1-score": 17.688732147216797,
    "multi-label/precision_micro": 23.276758193969727,
    "multi-label/recall_micro": 24.907339096069336,
    "multi-label/f1-score_micro": 24.064456939697266,
    "AUC/AUC_multilabe": 59.47696394864843,
    "AUC/AUC_class1": 72.90803381316063,
    "AUC/AUC_class2": 54.73887107052936,
    "AUC/AUC_class3": 59.57784707784708,
    "AUC/AUC_class4": 75.01720635183881,
    "AUC/AUC_class5": 49.18909132489709,
    "AUC/AUC_class6": 60.484472049689444,
    "AUC/AUC_class7": 48.84287333240551,
    "AUC/AUC_class8": 67.01780002781254,
    "AUC/AUC_class9": 70.34358402727689,
    "AUC/AUC_class10": 49.18542390945772,
    "AUC/AUC_class11": 56.76346159828288,
    "AUC/AUC_class12": 39.36298421807748,
    "AUC/AUC_class13": 56.4885651501587,
    "AUC/AUC_class14": 60.57851073255205,
    "AUC/AUC_class15": 44.06242070540471,
    "AUC/AUC_class16": 95.53461875547765,
    "AUC/AUC_class17": 68.7349236129724,
    "AUC/AUC_class18": 46.02420051858254,
    "AUC/AUC_class19": 55.207426747896726,
    "MAP_class1": 0.6122251741697889,
    "MAP_class2": 0.2025669232361103,
    "MAP_class3": 0.319584283655813,
    "MAP_class4": 0.47786081992870777,
    "MAP_class5": 0.20363938067757276,
    "MAP_class6": 0.19808756474607495,
    "MAP_class7": 0.1929723757996003,
    "MAP_class8": 0.24222474589479706,
    "MAP_class9": 0.24148302285356635,
    "MAP_class10": 0.14359353876731307,
    "MAP_class11": 0.13741551060670182,
    "MAP_class12": 0.08897489909142647,
    "MAP_class13": 0.06974875342478372,
    "MAP_class14": 0.12277965036702221,
    "MAP_class15": 0.03623427178498914,
    "MAP_class16": 0.6572521980567744,
    "MAP_class17": 0.025170533844951246,
    "MAP_class18": 0.004693997726561851,
    "MAP_class19": 0.020694674829801894,
    "Aggregate": 40.257435446593576
}