{
    "multi-label/mAP": 19.732418060302734,
    "multi-label/precision": 22.058212280273438,
    "multi-label/recall": 11.970771789550781,
    "multi-label/f1-score": 13.826472282409668,
    "multi-label/precision_micro": 37.42732620239258,
    "multi-label/recall_micro": 19.088212966918945,
    "multi-label/f1-score_micro": 25.282276153564453,
    "AUC/AUC_multilabe": 59.420790306250304,
    "AUC/AUC_class1": 69.6268057273272,
    "AUC/AUC_class2": 53.7871269027048,
    "AUC/AUC_class3": 66.74586674586675,
    "AUC/AUC_class4": 78.49745014304077,
    "AUC/AUC_class5": 49.53213142247294,
    "AUC/AUC_class6": 54.06708074534161,
    "AUC/AUC_class7": 49.79521641449789,
    "AUC/AUC_class8": 68.22834098178278,
    "AUC/AUC_class9": 69.98426332699495,
    "AUC/AUC_class10": 47.12804831628898,
    "AUC/AUC_class11": 50.81811677605997,
    "AUC/AUC_class12": 44.06958393113343,
    "AUC/AUC_class13": 62.99951167901035,
    "AUC/AUC_class14": 63.63517377471709,
    "AUC/AUC_class15": 44.06242070540471,
    "AUC/AUC_class16": 91.87116564417178,
    "AUC/AUC_class17": 49.819083355668724,
    "AUC/AUC_class18": 48.444252376836644,
    "AUC/AUC_class19": 65.88337684943428,
    "MAP_class1": 0.5413057630391537,
    "MAP_class2": 0.19701198036301595,
    "MAP_class3": 0.3724527778664668,
    "MAP_class4": 0.49202740072363516,
    "MAP_class5": 0.1913489207164804,
    "MAP_class6": 0.1524348015851323,
    "MAP_class7": 0.19928441918020595,
    "MAP_class8": 0.2197404881950191,
    "MAP_class9": 0.24073619445706723,
    "MAP_class10": 0.12646345100009498,
    "MAP_class11": 0.13963005557111569,
    "MAP_class12": 0.09847287560423526,
    "MAP_class13": 0.05782917085440906,
    "MAP_class14": 0.11691889108346867,
    "MAP_class15": 0.025593613590534393,
    "MAP_class16": 0.5150131184200376,
    "MAP_class17": 0.038766840418307885,
    "MAP_class18": 0.00416591421975896,
    "MAP_class19": 0.01996250239725522,
    "Aggregate": 39.57660351966567
}