{
    "multi-label/mAP": 20.96134376525879,
    "multi-label/precision": 20.64435577392578,
    "multi-label/recall": 17.89913558959961,
    "multi-label/f1-score": 17.04680824279785,
    "multi-label/precision_micro": 32.41883850097656,
    "multi-label/recall_micro": 26.278724670410156,
    "multi-label/f1-score_micro": 29.02763557434082,
    "AUC/AUC_multilabe": 58.58661672205781,
    "AUC/AUC_class1": 69.87893817495633,
    "AUC/AUC_class2": 54.1820328252489,
    "AUC/AUC_class3": 67.64718014718014,
    "AUC/AUC_class4": 77.00526555827356,
    "AUC/AUC_class5": 58.39114194236926,
    "AUC/AUC_class6": 55.44161490683229,
    "AUC/AUC_class7": 51.88480426267969,
    "AUC/AUC_class8": 69.5244055068836,
    "AUC/AUC_class9": 74.20562586059931,
    "AUC/AUC_class10": 47.897581647930565,
    "AUC/AUC_class11": 55.565838180856694,
    "AUC/AUC_class12": 43.44691535150646,
    "AUC/AUC_class13": 54.85472450557499,
    "AUC/AUC_class14": 56.810035842293914,
    "AUC/AUC_class15": 42.10860187769602,
    "AUC/AUC_class16": 98.43558282208589,
    "AUC/AUC_class17": 45.29616724738676,
    "AUC/AUC_class18": 30.531547104580813,
    "AUC/AUC_class19": 60.03771395416304,
    "MAP_class1": 0.5498095033662547,
    "MAP_class2": 0.19088791379818582,
    "MAP_class3": 0.37866816569052253,
    "MAP_class4": 0.47363635458745423,
    "MAP_class5": 0.23457085182956533,
    "MAP_class6": 0.15740249201181133,
    "MAP_class7": 0.21721124623806004,
    "MAP_class8": 0.2080784881817978,
    "MAP_class9": 0.280789879766061,
    "MAP_class10": 0.13393187948808188,
    "MAP_class11": 0.15144102164871429,
    "MAP_class12": 0.10231160882131443,
    "MAP_class13": 0.05027122693125276,
    "MAP_class14": 0.09674383196143771,
    "MAP_class15": 0.025096611526935216,
    "MAP_class16": 0.6966967496015414,
    "MAP_class17": 0.015896960276754486,
    "MAP_class18": 0.0029485165910527263,
    "MAP_class19": 0.01626190877403275,
    "Aggregate": 39.77397996916267
}