{
    "multi-label/mAP": 20.158615112304688,
    "multi-label/precision": 20.20232582092285,
    "multi-label/recall": 14.783604621887207,
    "multi-label/f1-score": 15.003308296203613,
    "multi-label/precision_micro": 33.65928649902344,
    "multi-label/recall_micro": 24.240177154541016,
    "multi-label/f1-score_micro": 28.183578491210938,
    "AUC/AUC_multilabe": 56.98334795410831,
    "AUC/AUC_class1": 70.77335492343589,
    "AUC/AUC_class2": 56.29133191947262,
    "AUC/AUC_class3": 66.31067881067881,
    "AUC/AUC_class4": 77.86724159376426,
    "AUC/AUC_class5": 50.65939929867358,
    "AUC/AUC_class6": 51.450931677018644,
    "AUC/AUC_class7": 52.56277710400222,
    "AUC/AUC_class8": 66.21193158114309,
    "AUC/AUC_class9": 71.6025178676808,
    "AUC/AUC_class10": 47.20988656837618,
    "AUC/AUC_class11": 55.99900457274396,
    "AUC/AUC_class12": 36.863701578192256,
    "AUC/AUC_class13": 58.71246032391959,
    "AUC/AUC_class14": 54.559824413032096,
    "AUC/AUC_class15": 48.60695255011418,
    "AUC/AUC_class16": 93.54513584574934,
    "AUC/AUC_class17": 45.89252211203431,
    "AUC/AUC_class18": 24.459809853068283,
    "AUC/AUC_class19": 53.10414853495794,
    "MAP_class1": 0.5827499492458523,
    "MAP_class2": 0.21436108596879874,
    "MAP_class3": 0.3555581854860681,
    "MAP_class4": 0.5058373862066171,
    "MAP_class5": 0.20223463916375867,
    "MAP_class6": 0.150094479207286,
    "MAP_class7": 0.20461327750992958,
    "MAP_class8": 0.21439918727775692,
    "MAP_class9": 0.24329958607450078,
    "MAP_class10": 0.1275809221159862,
    "MAP_class11": 0.13379168195223173,
    "MAP_class12": 0.08860410533311026,
    "MAP_class13": 0.04592986565956417,
    "MAP_class14": 0.09421547829132099,
    "MAP_class15": 0.03334482391137271,
    "MAP_class16": 0.6037959313558663,
    "MAP_class17": 0.011236583440872118,
    "MAP_class18": 0.0027752070928537685,
    "MAP_class19": 0.015714526705480795,
    "Aggregate": 38.570981613894226
}