{
    "multi-label/mAP": 18.44135856628418,
    "multi-label/precision": 20.794343948364258,
    "multi-label/recall": 16.53321647644043,
    "multi-label/f1-score": 14.934422492980957,
    "multi-label/precision_micro": 27.11421012878418,
    "multi-label/recall_micro": 23.054113388061523,
    "multi-label/f1-score_micro": 24.919870376586914,
    "AUC/AUC_multilabe": 61.28802847047935,
    "AUC/AUC_class1": 70.39499687623515,
    "AUC/AUC_class2": 53.377072472549855,
    "AUC/AUC_class3": 57.05870705870706,
    "AUC/AUC_class4": 78.39835814088478,
    "AUC/AUC_class5": 64.96417136758652,
    "AUC/AUC_class6": 57.6111801242236,
    "AUC/AUC_class7": 57.72958625762967,
    "AUC/AUC_class8": 60.682102628285364,
    "AUC/AUC_class9": 58.05979935741918,
    "AUC/AUC_class10": 55.371507600172556,
    "AUC/AUC_class11": 59.74896568886676,
    "AUC/AUC_class12": 55.41965566714491,
    "AUC/AUC_class13": 78.2920973386506,
    "AUC/AUC_class14": 57.577222020861015,
    "AUC/AUC_class15": 55.678761735600105,
    "AUC/AUC_class16": 85.93777388255916,
    "AUC/AUC_class17": 34.34065934065934,
    "AUC/AUC_class18": 60.76058772687987,
    "AUC/AUC_class19": 63.06933565419205,
    "MAP_class1": 0.5879968155044089,
    "MAP_class2": 0.19601574293670324,
    "MAP_class3": 0.277187072061029,
    "MAP_class4": 0.4927409387208635,
    "MAP_class5": 0.3043070708096972,
    "MAP_class6": 0.1717302240379977,
    "MAP_class7": 0.23368344679823813,
    "MAP_class8": 0.17269325929430313,
    "MAP_class9": 0.1654779583846461,
    "MAP_class10": 0.15701042345570798,
    "MAP_class11": 0.15490488642839967,
    "MAP_class12": 0.13866600037502513,
    "MAP_class13": 0.11443942693528182,
    "MAP_class14": 0.10357219323818981,
    "MAP_class15": 0.035131593176905354,
    "MAP_class16": 0.16599332598127978,
    "MAP_class17": 0.00846626476618098,
    "MAP_class18": 0.006519111893619594,
    "MAP_class19": 0.01732228307524719,
    "Aggregate": 39.86469328227579
}