{
    "multi-label/mAP": 16.591068267822266,
    "multi-label/precision": 13.73376750946045,
    "multi-label/recall": 9.488462448120117,
    "multi-label/f1-score": 8.342296600341797,
    "multi-label/precision_micro": 22.049861907958984,
    "multi-label/recall_micro": 14.751667976379395,
    "multi-label/f1-score_micro": 17.677104949951172,
    "AUC/AUC_multilabe": 57.84272492247894,
    "AUC/AUC_class1": 61.82504366895743,
    "AUC/AUC_class2": 51.70107293222871,
    "AUC/AUC_class3": 58.97930897930899,
    "AUC/AUC_class4": 62.8790580040632,
    "AUC/AUC_class5": 39.50297301417899,
    "AUC/AUC_class6": 59.67950310559006,
    "AUC/AUC_class7": 57.00489094777025,
    "AUC/AUC_class8": 54.14267834793491,
    "AUC/AUC_class9": 54.621336305816,
    "AUC/AUC_class10": 53.855279518867206,
    "AUC/AUC_class11": 52.16038821662986,
    "AUC/AUC_class12": 64.4555236728838,
    "AUC/AUC_class13": 61.241556116220394,
    "AUC/AUC_class14": 55.70556965083968,
    "AUC/AUC_class15": 53.85181426034001,
    "AUC/AUC_class16": 85.6792287467134,
    "AUC/AUC_class17": 62.932189761458055,
    "AUC/AUC_class18": 35.86862575626621,
    "AUC/AUC_class19": 72.92573252103278,
    "MAP_class1": 0.48733934351192354,
    "MAP_class2": 0.18251259552306587,
    "MAP_class3": 0.2931797405674677,
    "MAP_class4": 0.3300903880254744,
    "MAP_class5": 0.15624285030092128,
    "MAP_class6": 0.18489254279214884,
    "MAP_class7": 0.22251810224433477,
    "MAP_class8": 0.13149284858830557,
    "MAP_class9": 0.14850023398040121,
    "MAP_class10": 0.14609026332316674,
    "MAP_class11": 0.15439658362279288,
    "MAP_class12": 0.16741837479297278,
    "MAP_class13": 0.07108899140114452,
    "MAP_class14": 0.09230064850839748,
    "MAP_class15": 0.03431917481538942,
    "MAP_class16": 0.2926681564089768,
    "MAP_class17": 0.019062510818887397,
    "MAP_class18": 0.0032130128217814522,
    "MAP_class19": 0.03497614928229091,
    "Aggregate": 37.216895385791695
}