{
    "multi-label/mAP": 22.95138168334961,
    "multi-label/precision": 19.347206115722656,
    "multi-label/recall": 59.77192306518555,
    "multi-label/f1-score": 26.845705032348633,
    "multi-label/precision_micro": 20.382165908813477,
    "multi-label/recall_micro": 73.53595733642578,
    "multi-label/f1-score_micro": 31.917634963989258,
    "AUC/AUC_multilabe": 63.7406177125668,
    "AUC/AUC_class1": 78.74373653274853,
    "AUC/AUC_class2": 59.23066475830294,
    "AUC/AUC_class3": 70.74629574629574,
    "AUC/AUC_class4": 73.94626642895642,
    "AUC/AUC_class5": 60.72190882756519,
    "AUC/AUC_class6": 56.339130434782604,
    "AUC/AUC_class7": 51.21876056226018,
    "AUC/AUC_class8": 65.40814907523293,
    "AUC/AUC_class9": 70.40849780342275,
    "AUC/AUC_class10": 45.01801710356028,
    "AUC/AUC_class11": 68.8314617227113,
    "AUC/AUC_class12": 67.53945480631278,
    "AUC/AUC_class13": 58.881337999511686,
    "AUC/AUC_class14": 58.78941645523741,
    "AUC/AUC_class15": 54.19182948490231,
    "AUC/AUC_class16": 92.47151621384751,
    "AUC/AUC_class17": 58.4092736531761,
    "AUC/AUC_class18": 63.67761452031115,
    "AUC/AUC_class19": 56.49840440963156,
    "MAP_class1": 0.6748345980380921,
    "MAP_class2": 0.21565569813141452,
    "MAP_class3": 0.4119299522225305,
    "MAP_class4": 0.4700480925507658,
    "MAP_class5": 0.2957968552400827,
    "MAP_class6": 0.1631941691514705,
    "MAP_class7": 0.1898712540666545,
    "MAP_class8": 0.18924204518827528,
    "MAP_class9": 0.26128296618059255,
    "MAP_class10": 0.12102447606927808,
    "MAP_class11": 0.19985060042856648,
    "MAP_class12": 0.2372647813044127,
    "MAP_class13": 0.05427400159701394,
    "MAP_class14": 0.11629535176581288,
    "MAP_class15": 0.03864510078380603,
    "MAP_class16": 0.5434816873462843,
    "MAP_class17": 0.014672628330724352,
    "MAP_class18": 0.13509914375844975,
    "MAP_class19": 0.028298999954631244,
    "Aggregate": 43.34599938814882
}