{
    "multi-label/mAP": 17.582931518554688,
    "multi-label/precision": 18.605911254882812,
    "multi-label/recall": 10.289701461791992,
    "multi-label/f1-score": 9.913938522338867,
    "multi-label/precision_micro": 23.6087703704834,
    "multi-label/recall_micro": 15.567086219787598,
    "multi-label/f1-score_micro": 18.762563705444336,
    "AUC/AUC_multilabe": 57.757273903908875,
    "AUC/AUC_class1": 74.49637260776989,
    "AUC/AUC_class2": 52.893887315997866,
    "AUC/AUC_class3": 56.079431079431075,
    "AUC/AUC_class4": 46.76893735229487,
    "AUC/AUC_class5": 40.94517075773746,
    "AUC/AUC_class6": 54.61863354037266,
    "AUC/AUC_class7": 57.166431397498854,
    "AUC/AUC_class8": 59.04185787790293,
    "AUC/AUC_class9": 49.68526653989902,
    "AUC/AUC_class10": 55.70901108940036,
    "AUC/AUC_class11": 48.28055495069524,
    "AUC/AUC_class12": 60.57388809182209,
    "AUC/AUC_class13": 67.34149914543826,
    "AUC/AUC_class14": 58.61020498570335,
    "AUC/AUC_class15": 53.027150469424015,
    "AUC/AUC_class16": 93.2997370727432,
    "AUC/AUC_class17": 69.22406861431251,
    "AUC/AUC_class18": 42.2428694900605,
    "AUC/AUC_class19": 57.38323179576443,
    "MAP_class1": 0.6278006058670943,
    "MAP_class2": 0.18954541547631082,
    "MAP_class3": 0.26586683377876014,
    "MAP_class4": 0.25611373571275303,
    "MAP_class5": 0.15766193728974998,
    "MAP_class6": 0.15571085911807833,
    "MAP_class7": 0.22989398879610776,
    "MAP_class8": 0.16276881581574898,
    "MAP_class9": 0.1314832070232336,
    "MAP_class10": 0.16211714886552783,
    "MAP_class11": 0.11725928935565202,
    "MAP_class12": 0.1497955951947658,
    "MAP_class13": 0.10402514252774439,
    "MAP_class14": 0.1009664305054453,
    "MAP_class15": 0.03339711711597543,
    "MAP_class16": 0.44952533374980486,
    "MAP_class17": 0.025006033774009027,
    "MAP_class18": 0.0035562033952931814,
    "MAP_class19": 0.018263062783505438,
    "Aggregate": 37.670102099705915
}