{
    "multi-label/mAP": 23.907320022583008,
    "multi-label/precision": 26.879770278930664,
    "multi-label/recall": 18.745397567749023,
    "multi-label/f1-score": 19.223237991333008,
    "multi-label/precision_micro": 34.82064437866211,
    "multi-label/recall_micro": 29.50333595275879,
    "multi-label/f1-score_micro": 31.94221305847168,
    "AUC/AUC_multilabe": 64.65153699313362,
    "AUC/AUC_class1": 79.42443039104435,
    "AUC/AUC_class2": 54.27762513189649,
    "AUC/AUC_class3": 62.16484341484342,
    "AUC/AUC_class4": 80.0804345122103,
    "AUC/AUC_class5": 64.94177847232811,
    "AUC/AUC_class6": 56.47950310559007,
    "AUC/AUC_class7": 48.97906435771518,
    "AUC/AUC_class8": 65.77249339452092,
    "AUC/AUC_class9": 74.79181693003738,
    "AUC/AUC_class10": 47.36150937650672,
    "AUC/AUC_class11": 70.55012909447227,
    "AUC/AUC_class12": 71.65494978479197,
    "AUC/AUC_class13": 55.89240660861072,
    "AUC/AUC_class14": 57.98799887237727,
    "AUC/AUC_class15": 53.0093884800812,
    "AUC/AUC_class16": 97.01139351446099,
    "AUC/AUC_class17": 50.73706781023854,
    "AUC/AUC_class18": 81.52549697493518,
    "AUC/AUC_class19": 55.73687264287786,
    "MAP_class1": 0.6883366563832053,
    "MAP_class2": 0.19213316890074272,
    "MAP_class3": 0.335985728605382,
    "MAP_class4": 0.5209192340612587,
    "MAP_class5": 0.3129078661445326,
    "MAP_class6": 0.16421662701716505,
    "MAP_class7": 0.19013160378620558,
    "MAP_class8": 0.2012928795339069,
    "MAP_class9": 0.31804587250793037,
    "MAP_class10": 0.13721069179204026,
    "MAP_class11": 0.24692091525467483,
    "MAP_class12": 0.23610090833289615,
    "MAP_class13": 0.061980369177421474,
    "MAP_class14": 0.10515983126403361,
    "MAP_class15": 0.03226219770870443,
    "MAP_class16": 0.7360211395392451,
    "MAP_class17": 0.02219445294492164,
    "MAP_class18": 0.025149102529279602,
    "MAP_class19": 0.012268625895910226,
    "Aggregate": 44.27113131598643
}