{
    "multi-label/mAP": 25.6280460357666,
    "multi-label/precision": 27.792823791503906,
    "multi-label/recall": 22.897762298583984,
    "multi-label/f1-score": 24.67046356201172,
    "multi-label/precision_micro": 40.241275787353516,
    "multi-label/recall_micro": 34.61823272705078,
    "multi-label/f1-score_micro": 37.21856689453125,
    "AUC/AUC_multilabe": 65.318689915141,
    "AUC/AUC_class1": 85.5831877701419,
    "AUC/AUC_class2": 60.16151443287121,
    "AUC/AUC_class3": 73.4027984027984,
    "AUC/AUC_class4": 84.15149881835899,
    "AUC/AUC_class5": 64.45342277786249,
    "AUC/AUC_class6": 57.08757763975155,
    "AUC/AUC_class7": 53.682625206274736,
    "AUC/AUC_class8": 74.23724099568906,
    "AUC/AUC_class9": 77.49655760278014,
    "AUC/AUC_class10": 55.507904686984546,
    "AUC/AUC_class11": 68.74902790307027,
    "AUC/AUC_class12": 66.84218077474893,
    "AUC/AUC_class13": 69.98250183120372,
    "AUC/AUC_class14": 58.03129153074784,
    "AUC/AUC_class15": 48.6323268206039,
    "AUC/AUC_class16": 95.83260297984225,
    "AUC/AUC_class17": 36.07611900294827,
    "AUC/AUC_class18": 52.463267070008634,
    "AUC/AUC_class19": 58.68146214099217,
    "MAP_class1": 0.7847874962816419,
    "MAP_class2": 0.21455573239014475,
    "MAP_class3": 0.4769906419436119,
    "MAP_class4": 0.6261459027038379,
    "MAP_class5": 0.32217132004011617,
    "MAP_class6": 0.2054056449705965,
    "MAP_class7": 0.22062083884611058,
    "MAP_class8": 0.280189620694116,
    "MAP_class9": 0.36087036343061546,
    "MAP_class10": 0.15815772030299258,
    "MAP_class11": 0.24580309671551245,
    "MAP_class12": 0.20071647073527502,
    "MAP_class13": 0.07230589172613369,
    "MAP_class14": 0.10644922692550857,
    "MAP_class15": 0.029812181701598668,
    "MAP_class16": 0.5247420172074747,
    "MAP_class17": 0.00871056267326003,
    "MAP_class18": 0.007280514241667207,
    "MAP_class19": 0.02363669817081269,
    "Aggregate": 45.47342901467846
}