{
    "multi-label/mAP": 15.845739364624023,
    "multi-label/precision": 14.897068977355957,
    "multi-label/recall": 6.882516384124756,
    "multi-label/f1-score": 7.4449028968811035,
    "multi-label/precision_micro": 28.974979400634766,
    "multi-label/recall_micro": 13.30615234375,
    "multi-label/f1-score_micro": 18.23723602294922,
    "AUC/AUC_multilabe": 55.932047502806974,
    "AUC/AUC_class1": 68.20389896852011,
    "AUC/AUC_class2": 51.995946468308276,
    "AUC/AUC_class3": 53.38745338745339,
    "AUC/AUC_class4": 67.00319250383515,
    "AUC/AUC_class5": 50.23536362250343,
    "AUC/AUC_class6": 56.91366459627329,
    "AUC/AUC_class7": 44.97981986997236,
    "AUC/AUC_class8": 56.58740091781394,
    "AUC/AUC_class9": 55.85797652612943,
    "AUC/AUC_class10": 55.13170248940544,
    "AUC/AUC_class11": 70.58823529411765,
    "AUC/AUC_class12": 57.84720229555237,
    "AUC/AUC_class13": 58.313664849027425,
    "AUC/AUC_class14": 56.05895855986468,
    "AUC/AUC_class15": 53.06521187515859,
    "AUC/AUC_class16": 73.045574057844,
    "AUC/AUC_class17": 47.91610828196195,
    "AUC/AUC_class18": 38.09420916162489,
    "AUC/AUC_class19": 47.48331882796635,
    "MAP_class1": 0.555382180056692,
    "MAP_class2": 0.1722696457414612,
    "MAP_class3": 0.2453067146159771,
    "MAP_class4": 0.40638422621091386,
    "MAP_class5": 0.19665558856244747,
    "MAP_class6": 0.18363504892455385,
    "MAP_class7": 0.15900374167748915,
    "MAP_class8": 0.15465024431658725,
    "MAP_class9": 0.14814164412620187,
    "MAP_class10": 0.15324856280235433,
    "MAP_class11": 0.2094629702588475,
    "MAP_class12": 0.1748841420691485,
    "MAP_class13": 0.04591838960733233,
    "MAP_class14": 0.09583408213337585,
    "MAP_class15": 0.04318431574070505,
    "MAP_class16": 0.04018248554722695,
    "MAP_class17": 0.012764555641270159,
    "MAP_class18": 0.0035891489688380136,
    "MAP_class19": 0.010192888757674403,
    "Aggregate": 35.888893687611635
}