{
    "multi-label/mAP": 20.755168914794922,
    "multi-label/precision": 15.669886589050293,
    "multi-label/recall": 58.89811706542969,
    "multi-label/f1-score": 24.16187858581543,
    "multi-label/precision_micro": 19.996315002441406,
    "multi-label/recall_micro": 80.4670181274414,
    "multi-label/f1-score_micro": 32.0324592590332,
    "AUC/AUC_multilabe": 61.36663685903335,
    "AUC/AUC_class1": 80.48826356925196,
    "AUC/AUC_class2": 56.459532590185844,
    "AUC/AUC_class3": 66.5107415107415,
    "AUC/AUC_class4": 78.1757120941996,
    "AUC/AUC_class5": 57.86657645982619,
    "AUC/AUC_class6": 54.89068322981366,
    "AUC/AUC_class7": 49.089905958605875,
    "AUC/AUC_class8": 63.99805312195801,
    "AUC/AUC_class9": 72.33558455183267,
    "AUC/AUC_class10": 53.403583119750294,
    "AUC/AUC_class11": 61.87902448128908,
    "AUC/AUC_class12": 71.29340028694405,
    "AUC/AUC_class13": 61.445023195247,
    "AUC/AUC_class14": 57.106036808827675,
    "AUC/AUC_class15": 57.77340776452677,
    "AUC/AUC_class16": 94.01840490797547,
    "AUC/AUC_class17": 41.8721522380059,
    "AUC/AUC_class18": 47.70959377700951,
    "AUC/AUC_class19": 39.650420655642584,
    "MAP_class1": 0.6943409469255344,
    "MAP_class2": 0.20829910803511748,
    "MAP_class3": 0.3900207162074182,
    "MAP_class4": 0.5079941538410615,
    "MAP_class5": 0.2489973260751192,
    "MAP_class6": 0.15132161605523303,
    "MAP_class7": 0.1749556653875638,
    "MAP_class8": 0.17684648048525237,
    "MAP_class9": 0.2666685962301854,
    "MAP_class10": 0.15221622099297208,
    "MAP_class11": 0.16759736307646633,
    "MAP_class12": 0.276577069817133,
    "MAP_class13": 0.05968669717409063,
    "MAP_class14": 0.10373623979347991,
    "MAP_class15": 0.042621845646999876,
    "MAP_class16": 0.29886935016496563,
    "MAP_class17": 0.009717412417111293,
    "MAP_class18": 0.003960000450178919,
    "MAP_class19": 0.009052547343831046,
    "Aggregate": 41.06089568246329
}