{
    "multi-label/mAP": 20.235977172851562,
    "multi-label/precision": 22.050167083740234,
    "multi-label/recall": 11.669151306152344,
    "multi-label/f1-score": 13.362866401672363,
    "multi-label/precision_micro": 29.367088317871094,
    "multi-label/recall_micro": 17.197925567626953,
    "multi-label/f1-score_micro": 21.692380905151367,
    "AUC/AUC_multilabe": 57.62099402231371,
    "AUC/AUC_class1": 73.84293200392702,
    "AUC/AUC_class2": 58.44764362352303,
    "AUC/AUC_class3": 67.24994224994225,
    "AUC/AUC_class4": 76.59106928147934,
    "AUC/AUC_class5": 48.87559079127916,
    "AUC/AUC_class6": 53.79254658385093,
    "AUC/AUC_class7": 48.79615086386862,
    "AUC/AUC_class8": 64.69753858990406,
    "AUC/AUC_class9": 68.66631696282211,
    "AUC/AUC_class10": 42.78998655061284,
    "AUC/AUC_class11": 52.85563194077207,
    "AUC/AUC_class12": 37.582496413199415,
    "AUC/AUC_class13": 53.48132172214536,
    "AUC/AUC_class14": 51.137690789738635,
    "AUC/AUC_class15": 49.01040345090079,
    "AUC/AUC_class16": 94.79842243645923,
    "AUC/AUC_class17": 53.45751809166443,
    "AUC/AUC_class18": 41.35695764909248,
    "AUC/AUC_class19": 57.36872642877865,
    "MAP_class1": 0.6119743424902417,
    "MAP_class2": 0.22203726570690913,
    "MAP_class3": 0.3621963310874254,
    "MAP_class4": 0.4974667668539794,
    "MAP_class5": 0.19440960918485797,
    "MAP_class6": 0.16279092289985586,
    "MAP_class7": 0.18268172135385885,
    "MAP_class8": 0.2110793843559401,
    "MAP_class9": 0.23026375449540668,
    "MAP_class10": 0.12056305660858826,
    "MAP_class11": 0.142096035074944,
    "MAP_class12": 0.09072762475394726,
    "MAP_class13": 0.07411388052549195,
    "MAP_class14": 0.08087187196761669,
    "MAP_class15": 0.0315743050063523,
    "MAP_class16": 0.595016045180934,
    "MAP_class17": 0.017737800658476445,
    "MAP_class18": 0.0035276889481734757,
    "MAP_class19": 0.013707489789493215,
    "Aggregate": 38.9284862136371
}