{
    "multi-label/mAP": 19.98617172241211,
    "multi-label/precision": 17.629140853881836,
    "multi-label/recall": 17.453014373779297,
    "multi-label/f1-score": 15.759544372558594,
    "multi-label/precision_micro": 30.959125518798828,
    "multi-label/recall_micro": 28.354337692260742,
    "multi-label/f1-score_micro": 29.599536895751953,
    "AUC/AUC_multilabe": 58.388039613739394,
    "AUC/AUC_class1": 67.51491757085847,
    "AUC/AUC_class2": 55.05907917968219,
    "AUC/AUC_class3": 68.10216810216811,
    "AUC/AUC_class4": 77.74741904722418,
    "AUC/AUC_class5": 53.784875743253544,
    "AUC/AUC_class6": 52.66521739130434,
    "AUC/AUC_class7": 49.52233731634094,
    "AUC/AUC_class8": 69.61201501877345,
    "AUC/AUC_class9": 72.02347387056587,
    "AUC/AUC_class10": 45.26289745476692,
    "AUC/AUC_class11": 58.20683111954459,
    "AUC/AUC_class12": 37.92467718794835,
    "AUC/AUC_class13": 59.04614633352323,
    "AUC/AUC_class14": 60.78389915831017,
    "AUC/AUC_class15": 40.23090586145648,
    "AUC/AUC_class16": 94.6538124452235,
    "AUC/AUC_class17": 48.311444652908065,
    "AUC/AUC_class18": 42.523768366465,
    "AUC/AUC_class19": 56.396866840731064,
    "MAP_class1": 0.5207167594761771,
    "MAP_class2": 0.20438470156554367,
    "MAP_class3": 0.3688375837406803,
    "MAP_class4": 0.49229697965756436,
    "MAP_class5": 0.21341789061678923,
    "MAP_class6": 0.1499663904151356,
    "MAP_class7": 0.19485828679301093,
    "MAP_class8": 0.22188006261469453,
    "MAP_class9": 0.25390179229508036,
    "MAP_class10": 0.1262203158718538,
    "MAP_class11": 0.15009090462853475,
    "MAP_class12": 0.09398186410323153,
    "MAP_class13": 0.07983906796909233,
    "MAP_class14": 0.10356986076836464,
    "MAP_class15": 0.03127684868108029,
    "MAP_class16": 0.5604931059759123,
    "MAP_class17": 0.015872515093654487,
    "MAP_class18": 0.0036729565657342964,
    "MAP_class19": 0.012094888277817961,
    "Aggregate": 39.18710605715904
}