{
    "multi-label/mAP": 26.96479034423828,
    "multi-label/precision": 28.649288177490234,
    "multi-label/recall": 19.33571434020996,
    "multi-label/f1-score": 21.1801815032959,
    "multi-label/precision_micro": 42.04716491699219,
    "multi-label/recall_micro": 31.06004524230957,
    "multi-label/f1-score_micro": 35.727989196777344,
    "AUC/AUC_multilabe": 69.48779088370708,
    "AUC/AUC_class1": 84.17143731432724,
    "AUC/AUC_class2": 60.29576155204296,
    "AUC/AUC_class3": 69.13506913506914,
    "AUC/AUC_class4": 83.1837970065094,
    "AUC/AUC_class5": 68.4345936880622,
    "AUC/AUC_class6": 60.27142857142857,
    "AUC/AUC_class7": 56.17979203531025,
    "AUC/AUC_class8": 72.20344875538866,
    "AUC/AUC_class9": 75.65077699822962,
    "AUC/AUC_class10": 53.925064074910544,
    "AUC/AUC_class11": 66.11736709490776,
    "AUC/AUC_class12": 68.50717360114777,
    "AUC/AUC_class13": 69.30699112883536,
    "AUC/AUC_class14": 67.82952760662076,
    "AUC/AUC_class15": 55.739659984775436,
    "AUC/AUC_class16": 99.3908851884312,
    "AUC/AUC_class17": 53.03537925489146,
    "AUC/AUC_class18": 79.19187554019015,
    "AUC/AUC_class19": 77.69799825935596,
    "MAP_class1": 0.7501066462033896,
    "MAP_class2": 0.2326581958947745,
    "MAP_class3": 0.3983927050266287,
    "MAP_class4": 0.578392503851821,
    "MAP_class5": 0.3156137391272501,
    "MAP_class6": 0.19026420931826712,
    "MAP_class7": 0.204950352330745,
    "MAP_class8": 0.26465836614469207,
    "MAP_class9": 0.3080565110394799,
    "MAP_class10": 0.1531059428576395,
    "MAP_class11": 0.24676681691945587,
    "MAP_class12": 0.2594669790948082,
    "MAP_class13": 0.13472449741431383,
    "MAP_class14": 0.1723599947703592,
    "MAP_class15": 0.03853731160314926,
    "MAP_class16": 0.6971618502622959,
    "MAP_class17": 0.02658665366367083,
    "MAP_class18": 0.07985180932942126,
    "MAP_class19": 0.07165551186279046,
    "Aggregate": 48.22629174899815
}