{
    "multi-label/mAP": 26.92485809326172,
    "multi-label/precision": 27.58698844909668,
    "multi-label/recall": 20.572744369506836,
    "multi-label/f1-score": 21.860612869262695,
    "multi-label/precision_micro": 43.87255096435547,
    "multi-label/recall_micro": 33.17272186279297,
    "multi-label/f1-score_micro": 37.77965545654297,
    "AUC/AUC_multilabe": 69.24096753012475,
    "AUC/AUC_class1": 83.13900116025552,
    "AUC/AUC_class2": 58.983587375547174,
    "AUC/AUC_class3": 72.93378543378543,
    "AUC/AUC_class4": 86.14370413367057,
    "AUC/AUC_class5": 66.72653986888245,
    "AUC/AUC_class6": 59.01118012422361,
    "AUC/AUC_class7": 54.5673698232499,
    "AUC/AUC_class8": 70.50410235015991,
    "AUC/AUC_class9": 78.64926890039996,
    "AUC/AUC_class10": 56.481716446316646,
    "AUC/AUC_class11": 72.61875136093569,
    "AUC/AUC_class12": 69.78335724533716,
    "AUC/AUC_class13": 72.69471799462846,
    "AUC/AUC_class14": 63.93117474125085,
    "AUC/AUC_class15": 49.52042628774422,
    "AUC/AUC_class16": 98.12883435582822,
    "AUC/AUC_class17": 58.281961940498526,
    "AUC/AUC_class18": 74.09248055315472,
    "AUC/AUC_class19": 69.38642297650131,
    "MAP_class1": 0.7489852440016198,
    "MAP_class2": 0.21600325992291172,
    "MAP_class3": 0.4472663595104066,
    "MAP_class4": 0.6175218981319346,
    "MAP_class5": 0.3258556150768763,
    "MAP_class6": 0.18276255462177676,
    "MAP_class7": 0.2255785768827265,
    "MAP_class8": 0.23716847712760353,
    "MAP_class9": 0.3842411982636085,
    "MAP_class10": 0.16774830083686737,
    "MAP_class11": 0.2615661954134187,
    "MAP_class12": 0.2572355361958547,
    "MAP_class13": 0.11985804989502727,
    "MAP_class14": 0.11567770883791964,
    "MAP_class15": 0.03002284314134951,
    "MAP_class16": 0.591538916167164,
    "MAP_class17": 0.02537158563084858,
    "MAP_class18": 0.03311778607555508,
    "MAP_class19": 0.12820278524178325,
    "Aggregate": 48.08291242552356
}