{
    "multi-label/mAP": 20.390220642089844,
    "multi-label/precision": 20.85697364807129,
    "multi-label/recall": 13.859696388244629,
    "multi-label/f1-score": 12.79604434967041,
    "multi-label/precision_micro": 33.74203109741211,
    "multi-label/recall_micro": 25.5003719329834,
    "multi-label/f1-score_micro": 29.047922134399414,
    "AUC/AUC_multilabe": 57.879741131664545,
    "AUC/AUC_class1": 75.42872078642374,
    "AUC/AUC_class2": 57.57425380540959,
    "AUC/AUC_class3": 67.84559284559283,
    "AUC/AUC_class4": 69.57460922923836,
    "AUC/AUC_class5": 55.370006860801944,
    "AUC/AUC_class6": 52.88509316770186,
    "AUC/AUC_class7": 52.345070282521824,
    "AUC/AUC_class8": 67.20692532332082,
    "AUC/AUC_class9": 69.3711887745066,
    "AUC/AUC_class10": 42.94985662445758,
    "AUC/AUC_class11": 49.407409711637165,
    "AUC/AUC_class12": 38.862266857962695,
    "AUC/AUC_class13": 66.71888988361682,
    "AUC/AUC_class14": 60.79296041238774,
    "AUC/AUC_class15": 52.97386450139558,
    "AUC/AUC_class16": 89.5530236634531,
    "AUC/AUC_class17": 40.17689627445725,
    "AUC/AUC_class18": 38.80726015557477,
    "AUC/AUC_class19": 51.87119234116623,
    "MAP_class1": 0.6332232546634103,
    "MAP_class2": 0.2185474689362164,
    "MAP_class3": 0.3919503512662472,
    "MAP_class4": 0.41401021398485294,
    "MAP_class5": 0.21647638553188844,
    "MAP_class6": 0.15580186088723028,
    "MAP_class7": 0.19418947698103867,
    "MAP_class8": 0.21915634454227056,
    "MAP_class9": 0.21179598995107787,
    "MAP_class10": 0.1273278394407236,
    "MAP_class11": 0.12647660866752408,
    "MAP_class12": 0.08867733280241691,
    "MAP_class13": 0.11958627087536794,
    "MAP_class14": 0.11963819376526852,
    "MAP_class15": 0.037322514052502156,
    "MAP_class16": 0.4867256309342612,
    "MAP_class17": 0.08902302679624069,
    "MAP_class18": 0.0034843630466241393,
    "MAP_class19": 0.020728835695455694,
    "Aggregate": 39.13498099430758
}