{
    "multi-label/mAP": 18.422054290771484,
    "multi-label/precision": 19.147109985351562,
    "multi-label/recall": 8.582651138305664,
    "multi-label/f1-score": 9.890424728393555,
    "multi-label/precision_micro": 33.58713912963867,
    "multi-label/recall_micro": 14.714603424072266,
    "multi-label/f1-score_micro": 20.463916778564453,
    "AUC/AUC_multilabe": 55.532927849934765,
    "AUC/AUC_class1": 69.64146829697441,
    "AUC/AUC_class2": 55.389734535463184,
    "AUC/AUC_class3": 64.23002673002672,
    "AUC/AUC_class4": 74.4371657199718,
    "AUC/AUC_class5": 51.33928571428572,
    "AUC/AUC_class6": 52.70869565217391,
    "AUC/AUC_class7": 49.54718969322226,
    "AUC/AUC_class8": 65.63968849951327,
    "AUC/AUC_class9": 68.85122287063143,
    "AUC/AUC_class10": 45.3301443905905,
    "AUC/AUC_class11": 54.29589075185864,
    "AUC/AUC_class12": 34.35437589670014,
    "AUC/AUC_class13": 52.68983478473183,
    "AUC/AUC_class14": 53.91546856751641,
    "AUC/AUC_class15": 50.398376046688654,
    "AUC/AUC_class16": 90.76248904469763,
    "AUC/AUC_class17": 41.56392388099705,
    "AUC/AUC_class18": 20.181503889369058,
    "AUC/AUC_class19": 59.84914418334783,
    "MAP_class1": 0.5828014111121455,
    "MAP_class2": 0.20166274096834413,
    "MAP_class3": 0.3602728600446681,
    "MAP_class4": 0.45298440698610115,
    "MAP_class5": 0.2231708475469199,
    "MAP_class6": 0.1520783736430505,
    "MAP_class7": 0.17793820883272954,
    "MAP_class8": 0.21314475631428592,
    "MAP_class9": 0.24037804085186526,
    "MAP_class10": 0.11850299342891307,
    "MAP_class11": 0.11834148420643482,
    "MAP_class12": 0.08419952438284883,
    "MAP_class13": 0.04563621986304069,
    "MAP_class14": 0.09227025882386299,
    "MAP_class15": 0.035851971110952036,
    "MAP_class16": 0.36420105660595187,
    "MAP_class17": 0.016611661224644202,
    "MAP_class18": 0.002557692419233709,
    "MAP_class19": 0.017585826216131493,
    "Aggregate": 36.97749112123613
}