{
    "multi-label/mAP": 24.595563888549805,
    "multi-label/precision": 26.80359649658203,
    "multi-label/recall": 18.338899612426758,
    "multi-label/f1-score": 20.400678634643555,
    "multi-label/precision_micro": 35.97990036010742,
    "multi-label/recall_micro": 26.538175582885742,
    "multi-label/f1-score_micro": 30.54607582092285,
    "AUC/AUC_multilabe": 66.6671012337653,
    "AUC/AUC_class1": 79.62667822672158,
    "AUC/AUC_class2": 54.79894273864123,
    "AUC/AUC_class3": 63.954063954063955,
    "AUC/AUC_class4": 82.18790165429745,
    "AUC/AUC_class5": 67.94528510443665,
    "AUC/AUC_class6": 56.981366459627324,
    "AUC/AUC_class7": 56.44670656301568,
    "AUC/AUC_class8": 72.46905854540398,
    "AUC/AUC_class9": 76.4500688479444,
    "AUC/AUC_class10": 56.33707209379044,
    "AUC/AUC_class11": 70.56023890254144,
    "AUC/AUC_class12": 56.81276901004304,
    "AUC/AUC_class13": 56.65744282575079,
    "AUC/AUC_class14": 68.93198018605774,
    "AUC/AUC_class15": 61.18497843187007,
    "AUC/AUC_class16": 96.80105170902716,
    "AUC/AUC_class17": 48.87429643527205,
    "AUC/AUC_class18": 72.25583405358685,
    "AUC/AUC_class19": 67.39918769944879,
    "MAP_class1": 0.6927224359161723,
    "MAP_class2": 0.20003990025186535,
    "MAP_class3": 0.3222568132070927,
    "MAP_class4": 0.5751315873344194,
    "MAP_class5": 0.3298747395196288,
    "MAP_class6": 0.16760792179001374,
    "MAP_class7": 0.20672561668301676,
    "MAP_class8": 0.27805343920192915,
    "MAP_class9": 0.318642140391243,
    "MAP_class10": 0.1625013057399042,
    "MAP_class11": 0.2739422364193955,
    "MAP_class12": 0.13766800684588898,
    "MAP_class13": 0.07089093825803139,
    "MAP_class14": 0.2141768573909797,
    "MAP_class15": 0.03887388809865182,
    "MAP_class16": 0.6201174502850764,
    "MAP_class17": 0.01140258608345506,
    "MAP_class18": 0.00781255740699698,
    "MAP_class19": 0.044642912985544264,
    "Aggregate": 45.63113833743345
}