{
    "multi-label/mAP": 26.47470474243164,
    "multi-label/precision": 27.766666412353516,
    "multi-label/recall": 24.250770568847656,
    "multi-label/f1-score": 23.236263275146484,
    "multi-label/precision_micro": 38.90339279174805,
    "multi-label/recall_micro": 33.13565444946289,
    "multi-label/f1-score_micro": 35.78862762451172,
    "AUC/AUC_multilabe": 66.85222342214036,
    "AUC/AUC_class1": 86.2962349071158,
    "AUC/AUC_class2": 55.76270124008818,
    "AUC/AUC_class3": 67.4883674883675,
    "AUC/AUC_class4": 79.77030556822423,
    "AUC/AUC_class5": 63.427637597194696,
    "AUC/AUC_class6": 60.47888198757764,
    "AUC/AUC_class7": 56.59085034892737,
    "AUC/AUC_class8": 65.5771102767348,
    "AUC/AUC_class9": 77.9266933315848,
    "AUC/AUC_class10": 50.03806430329637,
    "AUC/AUC_class11": 72.01838429713504,
    "AUC/AUC_class12": 77.4325681492109,
    "AUC/AUC_class13": 69.39244730202653,
    "AUC/AUC_class14": 64.51713583826668,
    "AUC/AUC_class15": 51.55798020806902,
    "AUC/AUC_class16": 98.03242769500437,
    "AUC/AUC_class17": 46.616188689359426,
    "AUC/AUC_class18": 59.636992221261885,
    "AUC/AUC_class19": 67.63127357122136,
    "MAP_class1": 0.7794304511254831,
    "MAP_class2": 0.20223285833224208,
    "MAP_class3": 0.39944863005927167,
    "MAP_class4": 0.53468645633901,
    "MAP_class5": 0.27134463938937414,
    "MAP_class6": 0.20822482414787824,
    "MAP_class7": 0.2220679701161296,
    "MAP_class8": 0.24056659579033154,
    "MAP_class9": 0.3249167355041285,
    "MAP_class10": 0.14623603550088082,
    "MAP_class11": 0.2348730040911561,
    "MAP_class12": 0.3471964498932685,
    "MAP_class13": 0.13001682217028918,
    "MAP_class14": 0.19279891898398974,
    "MAP_class15": 0.034827436802317174,
    "MAP_class16": 0.7111564553758297,
    "MAP_class17": 0.010587301059822328,
    "MAP_class18": 0.021252528345185852,
    "MAP_class19": 0.018334294024339302,
    "Aggregate": 46.663475940151564
}