{
    "multi-label/mAP": 15.706595420837402,
    "multi-label/precision": 8.257661819458008,
    "multi-label/recall": 50.0,
    "multi-label/f1-score": 13.695042610168457,
    "multi-label/precision_micro": 16.515323638916016,
    "multi-label/recall_micro": 59.75358963012695,
    "multi-label/f1-score_micro": 25.8781681060791,
    "AUC/AUC_multilabe": 51.769347035396066,
    "AUC/AUC_class1": 39.66147772977804,
    "AUC/AUC_class2": 64.67620883402371,
    "AUC/AUC_class3": 51.36985078889127,
    "AUC/AUC_class4": 51.36985078889127,
    "MAP_class1": 0.1871476312726808,
    "MAP_class2": 0.34608786438577466,
    "MAP_class3": 0.08513523251730735,
    "MAP_class4": -0.0,
    "Aggregate": 33.61430761989507
}