{
    "multi-label/mAP": 20.61265754699707,
    "multi-label/precision": 23.21515655517578,
    "multi-label/recall": 17.804948806762695,
    "multi-label/f1-score": 15.735384941101074,
    "multi-label/precision_micro": 28.874116897583008,
    "multi-label/recall_micro": 25.759822845458984,
    "multi-label/f1-score_micro": 27.228206634521484,
    "AUC/AUC_multilabe": 59.13778499505576,
    "AUC/AUC_class1": 69.97137611403654,
    "AUC/AUC_class2": 56.84869252708449,
    "AUC/AUC_class3": 64.12401412401411,
    "AUC/AUC_class4": 77.42236411128158,
    "AUC/AUC_class5": 55.81977054429029,
    "AUC/AUC_class6": 54.93850931677019,
    "AUC/AUC_class7": 49.83796250273376,
    "AUC/AUC_class8": 71.24878320122374,
    "AUC/AUC_class9": 73.5138679430857,
    "AUC/AUC_class10": 43.706067449945444,
    "AUC/AUC_class11": 54.25234080940678,
    "AUC/AUC_class12": 45.65279770444763,
    "AUC/AUC_class13": 61.02588101245219,
    "AUC/AUC_class14": 55.14880592807378,
    "AUC/AUC_class15": 46.736868815021566,
    "AUC/AUC_class16": 93.80806310254162,
    "AUC/AUC_class17": 39.40632538193514,
    "AUC/AUC_class18": 60.177182368193606,
    "AUC/AUC_class19": 49.978241949521326,
    "MAP_class1": 0.585304380758034,
    "MAP_class2": 0.22302319820333374,
    "MAP_class3": 0.3549514336596884,
    "MAP_class4": 0.5022424826388011,
    "MAP_class5": 0.21396505153187678,
    "MAP_class6": 0.15753310722129027,
    "MAP_class7": 0.19654489237116346,
    "MAP_class8": 0.23518174145435855,
    "MAP_class9": 0.2702125814190083,
    "MAP_class10": 0.12363949614428366,
    "MAP_class11": 0.14672529763475636,
    "MAP_class12": 0.10272293718448386,
    "MAP_class13": 0.05470295527199572,
    "MAP_class14": 0.09118394017800471,
    "MAP_class15": 0.027780357927976593,
    "MAP_class16": 0.5812300364881242,
    "MAP_class17": 0.03423204770786527,
    "MAP_class18": 0.00524739875863056,
    "MAP_class19": 0.010773800723612992,
    "Aggregate": 39.877306016678645
}