{
    "multi-label/mAP": 21.864778518676758,
    "multi-label/precision": 24.230670928955078,
    "multi-label/recall": 19.74822425842285,
    "multi-label/f1-score": 20.7903995513916,
    "multi-label/precision_micro": 34.65391540527344,
    "multi-label/recall_micro": 28.206077575683594,
    "multi-label/f1-score_micro": 31.09930419921875,
    "AUC/AUC_multilabe": 63.3151054137427,
    "AUC/AUC_class1": 75.03585954533284,
    "AUC/AUC_class2": 56.93174813777829,
    "AUC/AUC_class3": 69.66884466884467,
    "AUC/AUC_class4": 78.0214768439819,
    "AUC/AUC_class5": 68.97964628754383,
    "AUC/AUC_class6": 51.37950310559006,
    "AUC/AUC_class7": 55.526174523331406,
    "AUC/AUC_class8": 61.99346405228757,
    "AUC/AUC_class9": 63.0817651301554,
    "AUC/AUC_class10": 46.03750602684802,
    "AUC/AUC_class11": 56.359846953059375,
    "AUC/AUC_class12": 58.10832137733142,
    "AUC/AUC_class13": 69.51249287865224,
    "AUC/AUC_class14": 55.852563328097936,
    "AUC/AUC_class15": 58.327835574727224,
    "AUC/AUC_class16": 89.45661700262927,
    "AUC/AUC_class17": 58.19485392656125,
    "AUC/AUC_class18": 53.24114088159032,
    "AUC/AUC_class19": 77.27734261676821,
    "MAP_class1": 0.6531300171021702,
    "MAP_class2": 0.1916865813193792,
    "MAP_class3": 0.4233423998816993,
    "MAP_class4": 0.4925907813280175,
    "MAP_class5": 0.3608434721551273,
    "MAP_class6": 0.13777335183451755,
    "MAP_class7": 0.21687364724669314,
    "MAP_class8": 0.1976533564792416,
    "MAP_class9": 0.24304471573531974,
    "MAP_class10": 0.12264053331794451,
    "MAP_class11": 0.13034727782953964,
    "MAP_class12": 0.1552301379069936,
    "MAP_class13": 0.08013683151663747,
    "MAP_class14": 0.1210517075956633,
    "MAP_class15": 0.04552332562513689,
    "MAP_class16": 0.4902131862952652,
    "MAP_class17": 0.018125618096119206,
    "MAP_class18": 0.0047686123893734165,
    "MAP_class19": 0.06914583156120095,
    "Aggregate": 42.58945108901882
}