{
    "multi-label/mAP": 20.95408058166504,
    "multi-label/precision": 22.403223037719727,
    "multi-label/recall": 22.28862953186035,
    "multi-label/f1-score": 21.18109703063965,
    "multi-label/precision_micro": 32.5123176574707,
    "multi-label/recall_micro": 31.801334381103516,
    "multi-label/f1-score_micro": 32.152896881103516,
    "AUC/AUC_multilabe": 64.40648467926584,
    "AUC/AUC_class1": 74.02589537300302,
    "AUC/AUC_class2": 58.47741827641325,
    "AUC/AUC_class3": 66.21992871992872,
    "AUC/AUC_class4": 80.36029686139558,
    "AUC/AUC_class5": 67.83046196066473,
    "AUC/AUC_class6": 60.58819875776397,
    "AUC/AUC_class7": 55.23043123844364,
    "AUC/AUC_class8": 55.8225559727437,
    "AUC/AUC_class9": 63.235197691954625,
    "AUC/AUC_class10": 50.22457938944858,
    "AUC/AUC_class11": 64.82720004977138,
    "AUC/AUC_class12": 60.11119081779053,
    "AUC/AUC_class13": 77.00008138683161,
    "AUC/AUC_class14": 60.07007369819982,
    "AUC/AUC_class15": 58.77188530829739,
    "AUC/AUC_class16": 83.86503067484664,
    "AUC/AUC_class17": 42.74323237737872,
    "AUC/AUC_class18": 72.10458081244597,
    "AUC/AUC_class19": 72.21496953872933,
    "MAP_class1": 0.6172883900375125,
    "MAP_class2": 0.22033159552646248,
    "MAP_class3": 0.3538928112437939,
    "MAP_class4": 0.5141108133639398,
    "MAP_class5": 0.36525836013030955,
    "MAP_class6": 0.21327265466531514,
    "MAP_class7": 0.20948709593724996,
    "MAP_class8": 0.1519651657347623,
    "MAP_class9": 0.21304148311120052,
    "MAP_class10": 0.15061011805052352,
    "MAP_class11": 0.185080518407662,
    "MAP_class12": 0.16237444905039045,
    "MAP_class13": 0.12776752758173676,
    "MAP_class14": 0.10748683851536442,
    "MAP_class15": 0.038520475359352276,
    "MAP_class16": 0.29675508425502334,
    "MAP_class17": 0.010681517806450396,
    "MAP_class18": 0.02197179078495207,
    "MAP_class19": 0.0204912519736445,
    "Aggregate": 42.67794744893725
}