{
    "multi-label/mAP": 24.115394592285156,
    "multi-label/precision": 27.416236877441406,
    "multi-label/recall": 15.656898498535156,
    "multi-label/f1-score": 18.88249969482422,
    "multi-label/precision_micro": 39.41211700439453,
    "multi-label/recall_micro": 24.35137176513672,
    "multi-label/f1-score_micro": 30.10309410095215,
    "AUC/AUC_multilabe": 65.32273815695615,
    "AUC/AUC_class1": 83.5419030740396,
    "AUC/AUC_class2": 55.295709315809816,
    "AUC/AUC_class3": 74.2071742071742,
    "AUC/AUC_class4": 78.15871304780464,
    "AUC/AUC_class5": 61.36320323220003,
    "AUC/AUC_class6": 56.73354037267081,
    "AUC/AUC_class7": 55.17824124699287,
    "AUC/AUC_class8": 69.89014045334446,
    "AUC/AUC_class9": 71.79725919611829,
    "AUC/AUC_class10": 58.85312254168041,
    "AUC/AUC_class11": 53.38211963791333,
    "AUC/AUC_class12": 78.51578192252511,
    "AUC/AUC_class13": 72.56653373484171,
    "AUC/AUC_class14": 57.13926140711209,
    "AUC/AUC_class15": 54.422735346358785,
    "AUC/AUC_class16": 91.89745836985101,
    "AUC/AUC_class17": 35.10452961672474,
    "AUC/AUC_class18": 69.05790838375108,
    "AUC/AUC_class19": 64.02668987525384,
    "MAP_class1": 0.7311110935148758,
    "MAP_class2": 0.2019134293031149,
    "MAP_class3": 0.4626548886608198,
    "MAP_class4": 0.5333294267878219,
    "MAP_class5": 0.2720624060580179,
    "MAP_class6": 0.15713772044378163,
    "MAP_class7": 0.19969153202080997,
    "MAP_class8": 0.2653168783162294,
    "MAP_class9": 0.27511179471292846,
    "MAP_class10": 0.18999507592202505,
    "MAP_class11": 0.13426653971414024,
    "MAP_class12": 0.3634034105096318,
    "MAP_class13": 0.11593135339111056,
    "MAP_class14": 0.11002031837679369,
    "MAP_class15": 0.038692196373010614,
    "MAP_class16": 0.48388406225461233,
    "MAP_class17": 0.008912510637911115,
    "MAP_class18": 0.00865535337331381,
    "MAP_class19": 0.029834915081898998,
    "Aggregate": 44.71906619809083
}