{
    "multi-label/mAP": 17.224592208862305,
    "multi-label/precision": 18.69625473022461,
    "multi-label/recall": 18.46090316772461,
    "multi-label/f1-score": 17.517295837402344,
    "multi-label/precision_micro": 26.77406883239746,
    "multi-label/recall_micro": 25.871013641357422,
    "multi-label/f1-score_micro": 26.314796447753906,
    "AUC/AUC_multilabe": 58.953939826352794,
    "AUC/AUC_class1": 60.958517677958966,
    "AUC/AUC_class2": 54.906549378911194,
    "AUC/AUC_class3": 58.684783684783696,
    "AUC/AUC_class4": 72.38235416062025,
    "AUC/AUC_class5": 61.64287620064034,
    "AUC/AUC_class6": 53.58695652173914,
    "AUC/AUC_class7": 52.17259478696543,
    "AUC/AUC_class8": 56.91976081212628,
    "AUC/AUC_class9": 65.56291390728475,
    "AUC/AUC_class10": 51.91717207602711,
    "AUC/AUC_class11": 58.13917317323545,
    "AUC/AUC_class12": 52.00286944045911,
    "AUC/AUC_class13": 71.04866932530317,
    "AUC/AUC_class14": 53.51375297007772,
    "AUC/AUC_class15": 53.64882009642222,
    "AUC/AUC_class16": 69.64943032427693,
    "AUC/AUC_class17": 55.6419190565532,
    "AUC/AUC_class18": 67.93431287813311,
    "AUC/AUC_class19": 49.8114302291848,
    "MAP_class1": 0.46525305307840387,
    "MAP_class2": 0.19612064650926006,
    "MAP_class3": 0.2949405905081229,
    "MAP_class4": 0.4414221887414992,
    "MAP_class5": 0.28048192539093453,
    "MAP_class6": 0.14259688262202622,
    "MAP_class7": 0.18736217662921595,
    "MAP_class8": 0.14348880286760468,
    "MAP_class9": 0.21253456952817062,
    "MAP_class10": 0.1475603062695647,
    "MAP_class11": 0.1386509151635968,
    "MAP_class12": 0.12376750877756161,
    "MAP_class13": 0.12082646255899189,
    "MAP_class14": 0.09275002522378212,
    "MAP_class15": 0.03300142197062446,
    "MAP_class16": 0.20641500878778937,
    "MAP_class17": 0.01688064338125255,
    "MAP_class18": 0.016919891131840115,
    "MAP_class19": 0.011728982366930842,
    "Aggregate": 38.089343601353164
}