{
    "multi-label/mAP": 16.65004539489746,
    "multi-label/precision": 14.930107116699219,
    "multi-label/recall": 10.534427642822266,
    "multi-label/f1-score": 9.428845405578613,
    "multi-label/precision_micro": 22.676767349243164,
    "multi-label/recall_micro": 16.641956329345703,
    "multi-label/f1-score_micro": 19.19623565673828,
    "AUC/AUC_multilabe": 58.14303311076926,
    "AUC/AUC_class1": 70.77303617192182,
    "AUC/AUC_class2": 52.287947011565095,
    "AUC/AUC_class3": 57.20431970431971,
    "AUC/AUC_class4": 63.27501140179941,
    "AUC/AUC_class5": 57.81845555724958,
    "AUC/AUC_class6": 55.820496894409935,
    "AUC/AUC_class7": 50.28282004890947,
    "AUC/AUC_class8": 62.14504241412877,
    "AUC/AUC_class9": 64.5177365418661,
    "AUC/AUC_class10": 55.30552947445885,
    "AUC/AUC_class11": 56.408062960773954,
    "AUC/AUC_class12": 54.27187948350072,
    "AUC/AUC_class13": 49.38756409212989,
    "AUC/AUC_class14": 52.123353872175905,
    "AUC/AUC_class15": 50.81958893681807,
    "AUC/AUC_class16": 89.15863277826467,
    "AUC/AUC_class17": 60.144733315465025,
    "AUC/AUC_class18": 48.984442523768365,
    "AUC/AUC_class19": 53.9889759210908,
    "MAP_class1": 0.5940419259744458,
    "MAP_class2": 0.18691813809597593,
    "MAP_class3": 0.28161865492830696,
    "MAP_class4": 0.2942633572280451,
    "MAP_class5": 0.24911610623320793,
    "MAP_class6": 0.16468280688222658,
    "MAP_class7": 0.17747722749297518,
    "MAP_class8": 0.16673374470973798,
    "MAP_class9": 0.21867016047507518,
    "MAP_class10": 0.15533160091609008,
    "MAP_class11": 0.13223579183285122,
    "MAP_class12": 0.15394498205100424,
    "MAP_class13": 0.04121575721840312,
    "MAP_class14": 0.08621615678443637,
    "MAP_class15": 0.03690896796308359,
    "MAP_class16": 0.18401643159064857,
    "MAP_class17": 0.021724854350746916,
    "MAP_class18": 0.006128853549717251,
    "MAP_class19": 0.012873424750995892,
    "Aggregate": 37.39814535282666
}