{
    "multi-label/mAP": 24.619739532470703,
    "multi-label/precision": 25.5482234954834,
    "multi-label/recall": 16.913856506347656,
    "multi-label/f1-score": 18.947433471679688,
    "multi-label/precision_micro": 40.60670471191406,
    "multi-label/recall_micro": 28.28020668029785,
    "multi-label/f1-score_micro": 33.340614318847656,
    "AUC/AUC_multilabe": 66.62322993901293,
    "AUC/AUC_class1": 81.77251341943874,
    "AUC/AUC_class2": 59.20924790271525,
    "AUC/AUC_class3": 72.6128601128601,
    "AUC/AUC_class4": 81.22434595132468,
    "AUC/AUC_class5": 62.93022945570972,
    "AUC/AUC_class6": 57.799378881987586,
    "AUC/AUC_class7": 53.676163588285576,
    "AUC/AUC_class8": 71.31414267834792,
    "AUC/AUC_class9": 76.5851419579044,
    "AUC/AUC_class10": 54.92996168193468,
    "AUC/AUC_class11": 67.80181665474228,
    "AUC/AUC_class12": 66.91535150645623,
    "AUC/AUC_class13": 74.00097664197934,
    "AUC/AUC_class14": 59.45290161491684,
    "AUC/AUC_class15": 49.70565846231921,
    "AUC/AUC_class16": 94.10166520595968,
    "AUC/AUC_class17": 56.96864111498259,
    "AUC/AUC_class18": 67.71823681936043,
    "AUC/AUC_class19": 57.12213519002031,
    "MAP_class1": 0.7241213950983383,
    "MAP_class2": 0.20855348795183917,
    "MAP_class3": 0.4368575691663844,
    "MAP_class4": 0.5399704101279884,
    "MAP_class5": 0.2791162564941496,
    "MAP_class6": 0.17901766662095597,
    "MAP_class7": 0.22137847838799277,
    "MAP_class8": 0.2794300221777521,
    "MAP_class9": 0.31878864608660173,
    "MAP_class10": 0.1610502243350008,
    "MAP_class11": 0.1985764567154109,
    "MAP_class12": 0.19354124617052365,
    "MAP_class13": 0.12701329322529342,
    "MAP_class14": 0.0997314160551011,
    "MAP_class15": 0.029604173603849173,
    "MAP_class16": 0.5876177365713208,
    "MAP_class17": 0.015144168085593369,
    "MAP_class18": 0.048709053210674605,
    "MAP_class19": 0.029528500404522533,
    "Aggregate": 45.6214839181625
}