{
    "multi-label/mAP": 22.455835342407227,
    "multi-label/precision": 27.14879035949707,
    "multi-label/recall": 16.174468994140625,
    "multi-label/f1-score": 17.631927490234375,
    "multi-label/precision_micro": 35.69039535522461,
    "multi-label/recall_micro": 27.687177658081055,
    "multi-label/f1-score_micro": 31.1834716796875,
    "AUC/AUC_multilabe": 63.86528667196014,
    "AUC/AUC_class1": 75.99944537236551,
    "AUC/AUC_class2": 56.982417283924825,
    "AUC/AUC_class3": 69.35988185988185,
    "AUC/AUC_class4": 71.58795969982172,
    "AUC/AUC_class5": 62.24843726177771,
    "AUC/AUC_class6": 54.89627329192547,
    "AUC/AUC_class7": 51.67852953456469,
    "AUC/AUC_class8": 66.53455708524545,
    "AUC/AUC_class9": 68.5627171988722,
    "AUC/AUC_class10": 54.81259674677088,
    "AUC/AUC_class11": 73.04880704264784,
    "AUC/AUC_class12": 66.2467718794835,
    "AUC/AUC_class13": 68.65589647595019,
    "AUC/AUC_class14": 66.9052796907092,
    "AUC/AUC_class15": 46.09489977163157,
    "AUC/AUC_class16": 95.32865907099037,
    "AUC/AUC_class17": 46.549182524792286,
    "AUC/AUC_class18": 50.32411408815902,
    "AUC/AUC_class19": 67.62402088772845,
    "MAP_class1": 0.6323257783687826,
    "MAP_class2": 0.2046507437479131,
    "MAP_class3": 0.40918457495622484,
    "MAP_class4": 0.40089370372292665,
    "MAP_class5": 0.26609790020853663,
    "MAP_class6": 0.15284759361313202,
    "MAP_class7": 0.21245087383802425,
    "MAP_class8": 0.21084874580323035,
    "MAP_class9": 0.25441282251410413,
    "MAP_class10": 0.15535895932629937,
    "MAP_class11": 0.27497042292863466,
    "MAP_class12": 0.20383190284792466,
    "MAP_class13": 0.10033035985174225,
    "MAP_class14": 0.1418560482543196,
    "MAP_class15": 0.03182604876396003,
    "MAP_class16": 0.5616060187989197,
    "MAP_class17": 0.011303878759157572,
    "MAP_class18": 0.005357483857927624,
    "MAP_class19": 0.036639672681734896,
    "Aggregate": 43.16104736977874
}