{
    "multi-label/mAP": 17.172237396240234,
    "multi-label/precision": 10.852234840393066,
    "multi-label/recall": 5.349490165710449,
    "multi-label/f1-score": 5.8736796379089355,
    "multi-label/precision_micro": 24.156116485595703,
    "multi-label/recall_micro": 8.487768173217773,
    "multi-label/f1-score_micro": 12.561711311340332,
    "AUC/AUC_multilabe": 58.39526708308395,
    "AUC/AUC_class1": 68.14301742933279,
    "AUC/AUC_class2": 51.42970570106249,
    "AUC/AUC_class3": 59.456571956571956,
    "AUC/AUC_class4": 60.81885650317178,
    "AUC/AUC_class5": 56.167098643085836,
    "AUC/AUC_class6": 52.71739130434783,
    "AUC/AUC_class7": 49.0491480605205,
    "AUC/AUC_class8": 55.25518008621889,
    "AUC/AUC_class9": 56.94347911612353,
    "AUC/AUC_class10": 55.97102037709036,
    "AUC/AUC_class11": 50.44249852241267,
    "AUC/AUC_class12": 51.709469153515066,
    "AUC/AUC_class13": 49.635793928542356,
    "AUC/AUC_class14": 55.58374612379687,
    "AUC/AUC_class15": 51.49200710479573,
    "AUC/AUC_class16": 94.12357581069239,
    "AUC/AUC_class17": 55.04556419190565,
    "AUC/AUC_class18": 66.33535004321521,
    "AUC/AUC_class19": 69.19060052219321,
    "MAP_class1": 0.53744363606783,
    "MAP_class2": 0.20056875028854734,
    "MAP_class3": 0.28578211892577227,
    "MAP_class4": 0.2827037103405293,
    "MAP_class5": 0.22842248589301,
    "MAP_class6": 0.16059890901185309,
    "MAP_class7": 0.16963948869972,
    "MAP_class8": 0.13195892596973824,
    "MAP_class9": 0.16617019467658828,
    "MAP_class10": 0.15610163259515736,
    "MAP_class11": 0.11352306418802527,
    "MAP_class12": 0.11814886165756132,
    "MAP_class13": 0.04665499250115517,
    "MAP_class14": 0.08971047812921638,
    "MAP_class15": 0.043046925860127885,
    "MAP_class16": 0.4703477481391812,
    "MAP_class17": 0.020674529158245726,
    "MAP_class18": 0.015145818302000787,
    "MAP_class19": 0.026081353769411293,
    "Aggregate": 37.783748341999
}