{
    "multi-label/mAP": 20.561439514160156,
    "multi-label/precision": 22.5554256439209,
    "multi-label/recall": 19.161455154418945,
    "multi-label/f1-score": 17.597549438476562,
    "multi-label/precision_micro": 32.93088912963867,
    "multi-label/recall_micro": 29.31801414489746,
    "multi-label/f1-score_micro": 31.019607543945312,
    "AUC/AUC_multilabe": 59.21783280663301,
    "AUC/AUC_class1": 71.70267496270608,
    "AUC/AUC_class2": 59.62922721716693,
    "AUC/AUC_class3": 67.56096756096755,
    "AUC/AUC_class4": 78.69190264936357,
    "AUC/AUC_class5": 58.2472556792194,
    "AUC/AUC_class6": 51.67826086956522,
    "AUC/AUC_class7": 49.7017714774241,
    "AUC/AUC_class8": 69.09400639688498,
    "AUC/AUC_class9": 71.44121696937906,
    "AUC/AUC_class10": 45.37455274443627,
    "AUC/AUC_class11": 59.61287211870469,
    "AUC/AUC_class12": 38.935437589670016,
    "AUC/AUC_class13": 54.64515341417757,
    "AUC/AUC_class14": 59.2465063831501,
    "AUC/AUC_class15": 43.58538442019792,
    "AUC/AUC_class16": 95.49517966695879,
    "AUC/AUC_class17": 54.0605735727687,
    "AUC/AUC_class18": 38.98012100259292,
    "AUC/AUC_class19": 57.45575863069335,
    "MAP_class1": 0.5705270605687227,
    "MAP_class2": 0.21390049243960105,
    "MAP_class3": 0.3899952126734223,
    "MAP_class4": 0.4943937381642326,
    "MAP_class5": 0.2287612003769592,
    "MAP_class6": 0.1643901163990377,
    "MAP_class7": 0.19857369852274157,
    "MAP_class8": 0.23346360602564575,
    "MAP_class9": 0.25128503226394994,
    "MAP_class10": 0.12403809416318753,
    "MAP_class11": 0.15378941357678955,
    "MAP_class12": 0.09201152364442595,
    "MAP_class13": 0.04881547573715523,
    "MAP_class14": 0.11094601438068193,
    "MAP_class15": 0.02825688109422017,
    "MAP_class16": 0.5479910556992348,
    "MAP_class17": 0.03911109869035373,
    "MAP_class18": 0.0035301325681916084,
    "MAP_class19": 0.012935007808551996,
    "Aggregate": 39.889744968572046
}