{
    "multi-label/mAP": 16.78260040283203,
    "multi-label/precision": 17.39301109313965,
    "multi-label/recall": 12.163756370544434,
    "multi-label/f1-score": 11.91883659362793,
    "multi-label/precision_micro": 29.184099197387695,
    "multi-label/recall_micro": 20.68198585510254,
    "multi-label/f1-score_micro": 24.208242416381836,
    "AUC/AUC_multilabe": 58.05698626326569,
    "AUC/AUC_class1": 71.95464803457816,
    "AUC/AUC_class2": 53.12895036513127,
    "AUC/AUC_class3": 61.46627396627397,
    "AUC/AUC_class4": 65.94966623823541,
    "AUC/AUC_class5": 60.09347842658942,
    "AUC/AUC_class6": 56.939130434782605,
    "AUC/AUC_class7": 42.815177843608964,
    "AUC/AUC_class8": 60.79335280211375,
    "AUC/AUC_class9": 63.210936987738506,
    "AUC/AUC_class10": 58.431877585200596,
    "AUC/AUC_class11": 51.423927582667126,
    "AUC/AUC_class12": 65.21951219512195,
    "AUC/AUC_class13": 57.048099617481896,
    "AUC/AUC_class14": 46.504369538077405,
    "AUC/AUC_class15": 51.57320477036286,
    "AUC/AUC_class16": 73.19456617002629,
    "AUC/AUC_class17": 57.30367193781828,
    "AUC/AUC_class18": 57.627484874675886,
    "AUC/AUC_class19": 48.40440963156368,
    "MAP_class1": 0.6059086226628112,
    "MAP_class2": 0.1889418211989385,
    "MAP_class3": 0.3122097197102301,
    "MAP_class4": 0.3149990633847222,
    "MAP_class5": 0.26758333993322514,
    "MAP_class6": 0.1703011085958529,
    "MAP_class7": 0.14928821005345955,
    "MAP_class8": 0.18290753506873042,
    "MAP_class9": 0.20932433259716438,
    "MAP_class10": 0.17208636007548972,
    "MAP_class11": 0.11414382632791865,
    "MAP_class12": 0.19648120721333806,
    "MAP_class13": 0.05046346248712989,
    "MAP_class14": 0.07286504547272815,
    "MAP_class15": 0.04030695026659045,
    "MAP_class16": 0.07750536598717567,
    "MAP_class17": 0.043040560505740406,
    "MAP_class18": 0.0062268382698706624,
    "MAP_class19": 0.014110545444668452,
    "Aggregate": 37.41979290862175
}