{
    "multi-label/mAP": 21.036949157714844,
    "multi-label/precision": 25.926122665405273,
    "multi-label/recall": 13.52795696258545,
    "multi-label/f1-score": 14.298213005065918,
    "multi-label/precision_micro": 29.94505500793457,
    "multi-label/recall_micro": 20.20014762878418,
    "multi-label/f1-score_micro": 24.12571907043457,
    "AUC/AUC_multilabe": 59.47418174430868,
    "AUC/AUC_class1": 70.42240950644516,
    "AUC/AUC_class2": 56.631389797218944,
    "AUC/AUC_class3": 66.514454014454,
    "AUC/AUC_class4": 73.85297897922798,
    "AUC/AUC_class5": 51.819065406311935,
    "AUC/AUC_class6": 56.50807453416149,
    "AUC/AUC_class7": 52.28343638785614,
    "AUC/AUC_class8": 68.85829509108609,
    "AUC/AUC_class9": 74.11186151727755,
    "AUC/AUC_class10": 44.55426700839952,
    "AUC/AUC_class11": 55.24621271036176,
    "AUC/AUC_class12": 42.349354375896695,
    "AUC/AUC_class13": 51.35712541710751,
    "AUC/AUC_class14": 61.74841931456646,
    "AUC/AUC_class15": 45.02664298401421,
    "AUC/AUC_class16": 97.61612620508326,
    "AUC/AUC_class17": 53.89975877780755,
    "AUC/AUC_class18": 43.69057908383751,
    "AUC/AUC_class19": 63.51900203075138,
    "MAP_class1": 0.5649534369787708,
    "MAP_class2": 0.2105772780941844,
    "MAP_class3": 0.36226982794385304,
    "MAP_class4": 0.4599042341060752,
    "MAP_class5": 0.20061580991004743,
    "MAP_class6": 0.159786593568944,
    "MAP_class7": 0.2305182234649138,
    "MAP_class8": 0.21345721345735774,
    "MAP_class9": 0.27619179192255827,
    "MAP_class10": 0.12771114420296528,
    "MAP_class11": 0.15091926813896217,
    "MAP_class12": 0.10127643913740687,
    "MAP_class13": 0.04053338908200248,
    "MAP_class14": 0.12532481735730908,
    "MAP_class15": 0.0299110706479479,
    "MAP_class16": 0.6301907915985241,
    "MAP_class17": 0.09029923863782711,
    "MAP_class18": 0.004168395405326348,
    "MAP_class19": 0.018411521122559872,
    "Aggregate": 40.25556583209522
}