{
    "multi-label/mAP": 20.513900756835938,
    "multi-label/precision": 22.30394172668457,
    "multi-label/recall": 20.3371524810791,
    "multi-label/f1-score": 20.6494197845459,
    "multi-label/precision_micro": 31.759654998779297,
    "multi-label/recall_micro": 30.17049789428711,
    "multi-label/f1-score_micro": 30.944686889648438,
    "AUC/AUC_multilabe": 63.40758949660769,
    "AUC/AUC_class1": 72.6742295775905,
    "AUC/AUC_class2": 59.86794680262017,
    "AUC/AUC_class3": 61.246204996205,
    "AUC/AUC_class4": 78.71926696795057,
    "AUC/AUC_class5": 64.70307973776491,
    "AUC/AUC_class6": 55.55962732919254,
    "AUC/AUC_class7": 57.561584189911926,
    "AUC/AUC_class8": 57.535808649701,
    "AUC/AUC_class9": 66.04484951806438,
    "AUC/AUC_class10": 51.28784226152714,
    "AUC/AUC_class11": 63.56580707375494,
    "AUC/AUC_class12": 57.700860832137735,
    "AUC/AUC_class13": 78.51896313176529,
    "AUC/AUC_class14": 58.750151020901285,
    "AUC/AUC_class15": 57.07688403958387,
    "AUC/AUC_class16": 82.80893952673094,
    "AUC/AUC_class17": 54.81104261592067,
    "AUC/AUC_class18": 51.27484874675885,
    "AUC/AUC_class19": 75.03626341746447,
    "MAP_class1": 0.6047524896338756,
    "MAP_class2": 0.22596106224743803,
    "MAP_class3": 0.327271225667165,
    "MAP_class4": 0.5135652646148331,
    "MAP_class5": 0.3123334685539011,
    "MAP_class6": 0.18187963044229583,
    "MAP_class7": 0.222199610614859,
    "MAP_class8": 0.15871614656654146,
    "MAP_class9": 0.2168490271729498,
    "MAP_class10": 0.1420161875615053,
    "MAP_class11": 0.17990451131980903,
    "MAP_class12": 0.1584189095585476,
    "MAP_class13": 0.12354569900118385,
    "MAP_class14": 0.10153371999314215,
    "MAP_class15": 0.04184953403539795,
    "MAP_class16": 0.3201600184579314,
    "MAP_class17": 0.01743917415724702,
    "MAP_class18": 0.0043692819489718395,
    "MAP_class19": 0.04260570509413523,
    "Aggregate": 41.954770186834715
}