{
    "multi-label/mAP": 21.088071823120117,
    "multi-label/precision": 22.15838623046875,
    "multi-label/recall": 18.397445678710938,
    "multi-label/f1-score": 19.536453247070312,
    "multi-label/precision_micro": 32.18864440917969,
    "multi-label/recall_micro": 26.056337356567383,
    "multi-label/f1-score_micro": 28.799673080444336,
    "AUC/AUC_multilabe": 63.51973808405987,
    "AUC/AUC_class1": 76.49207583736023,
    "AUC/AUC_class2": 56.495053228721574,
    "AUC/AUC_class3": 67.5923175923176,
    "AUC/AUC_class4": 78.68153737717152,
    "AUC/AUC_class5": 66.16862326574172,
    "AUC/AUC_class6": 55.60745341614908,
    "AUC/AUC_class7": 57.15996977950971,
    "AUC/AUC_class8": 61.809205951884294,
    "AUC/AUC_class9": 67.82768343059472,
    "AUC/AUC_class10": 50.267718933184454,
    "AUC/AUC_class11": 61.19544592030359,
    "AUC/AUC_class12": 55.30846484935438,
    "AUC/AUC_class13": 73.40074875885081,
    "AUC/AUC_class14": 62.490435342918126,
    "AUC/AUC_class15": 50.19538188277086,
    "AUC/AUC_class16": 93.7248028045574,
    "AUC/AUC_class17": 57.81291878852854,
    "AUC/AUC_class18": 51.793431287813306,
    "AUC/AUC_class19": 62.851755149405285,
    "MAP_class1": 0.653674692896178,
    "MAP_class2": 0.21164976587621148,
    "MAP_class3": 0.3622444527069383,
    "MAP_class4": 0.5212635688651963,
    "MAP_class5": 0.3157674513194343,
    "MAP_class6": 0.17592843043666417,
    "MAP_class7": 0.21122983571123008,
    "MAP_class8": 0.18162778711409439,
    "MAP_class9": 0.25691181364027205,
    "MAP_class10": 0.14770245834203705,
    "MAP_class11": 0.15584288375480723,
    "MAP_class12": 0.13513719971940624,
    "MAP_class13": 0.08512738176320951,
    "MAP_class14": 0.13783655498700725,
    "MAP_class15": 0.02960211188791898,
    "MAP_class16": 0.37285864127628615,
    "MAP_class17": 0.023828111734370917,
    "MAP_class18": 0.0049423737673419356,
    "MAP_class19": 0.023558435870659637,
    "Aggregate": 42.30390575694905
}