{
    "multi-label/mAP": 24.94924545288086,
    "multi-label/precision": 32.14027786254883,
    "multi-label/recall": 15.554062843322754,
    "multi-label/f1-score": 19.377788543701172,
    "multi-label/precision_micro": 38.895782470703125,
    "multi-label/recall_micro": 23.239437103271484,
    "multi-label/f1-score_micro": 29.09512710571289,
    "AUC/AUC_multilabe": 66.55331107356268,
    "AUC/AUC_class1": 75.48513980441408,
    "AUC/AUC_class2": 57.97856224991903,
    "AUC/AUC_class3": 65.33924033924035,
    "AUC/AUC_class4": 75.04042456154897,
    "AUC/AUC_class5": 62.943093459368804,
    "AUC/AUC_class6": 57.32857142857143,
    "AUC/AUC_class7": 53.03447521720977,
    "AUC/AUC_class8": 68.38687247948825,
    "AUC/AUC_class9": 74.68559438725329,
    "AUC/AUC_class10": 52.59661988986729,
    "AUC/AUC_class11": 70.50502379693283,
    "AUC/AUC_class12": 63.7690100430416,
    "AUC/AUC_class13": 64.6659070562383,
    "AUC/AUC_class14": 65.69610567435866,
    "AUC/AUC_class15": 48.91905607713778,
    "AUC/AUC_class16": 93.94829097283083,
    "AUC/AUC_class17": 60.4194585901903,
    "AUC/AUC_class18": 82.28176318063957,
    "AUC/AUC_class19": 71.4897011894401,
    "MAP_class1": 0.6464095832825166,
    "MAP_class2": 0.23324942309663668,
    "MAP_class3": 0.3445181687499592,
    "MAP_class4": 0.4434588994120663,
    "MAP_class5": 0.3088399551983077,
    "MAP_class6": 0.1798431410945006,
    "MAP_class7": 0.1938542556604064,
    "MAP_class8": 0.2655081038766334,
    "MAP_class9": 0.2752957197229131,
    "MAP_class10": 0.14643265499104682,
    "MAP_class11": 0.3023648935638567,
    "MAP_class12": 0.1823756877009777,
    "MAP_class13": 0.07251167665186456,
    "MAP_class14": 0.12176854018371422,
    "MAP_class15": 0.031032967993041394,
    "MAP_class16": 0.6631146991801705,
    "MAP_class17": 0.017159905156014336,
    "MAP_class18": 0.26327825212749384,
    "MAP_class19": 0.04934009412290144,
    "Aggregate": 45.75127822563666
}