{
    "multi-label/mAP": 15.928014755249023,
    "multi-label/precision": 13.951169967651367,
    "multi-label/recall": 49.43937683105469,
    "multi-label/f1-score": 19.83245277404785,
    "multi-label/precision_micro": 18.21891212463379,
    "multi-label/recall_micro": 66.19718170166016,
    "multi-label/f1-score_micro": 28.573715209960938,
    "AUC/AUC_multilabe": 54.904033894312555,
    "AUC/AUC_class1": 53.92000612002907,
    "AUC/AUC_class2": 50.36565363198528,
    "AUC/AUC_class3": 54.15882915882917,
    "AUC/AUC_class4": 56.49819644263858,
    "AUC/AUC_class5": 46.28992605580119,
    "AUC/AUC_class6": 56.45465838509317,
    "AUC/AUC_class7": 55.07932878700519,
    "AUC/AUC_class8": 56.10693922959255,
    "AUC/AUC_class9": 50.93633204380041,
    "AUC/AUC_class10": 53.034042175248054,
    "AUC/AUC_class11": 49.0302361029023,
    "AUC/AUC_class12": 55.81707317073171,
    "AUC/AUC_class13": 60.401237079840485,
    "AUC/AUC_class14": 56.204945431114325,
    "AUC/AUC_class15": 58.35067241816798,
    "AUC/AUC_class16": 86.24890446976336,
    "AUC/AUC_class17": 50.00670061645671,
    "AUC/AUC_class18": 45.46240276577355,
    "AUC/AUC_class19": 48.810559907165654,
    "MAP_class1": 0.4283306243132827,
    "MAP_class2": 0.17625895747850476,
    "MAP_class3": 0.2644317809242467,
    "MAP_class4": 0.3085301314956482,
    "MAP_class5": 0.17164720580128429,
    "MAP_class6": 0.16135659641863517,
    "MAP_class7": 0.22695691591915357,
    "MAP_class8": 0.14036043754003438,
    "MAP_class9": 0.15524772416998794,
    "MAP_class10": 0.15655588649537333,
    "MAP_class11": 0.10818732694454,
    "MAP_class12": 0.13033929197755673,
    "MAP_class13": 0.06315892441725618,
    "MAP_class14": 0.09374050018405829,
    "MAP_class15": 0.04703108008376162,
    "MAP_class16": 0.36518718022365404,
    "MAP_class17": 0.012886019949285461,
    "MAP_class18": 0.003754572774095882,
    "MAP_class19": 0.012360424079414003,
    "Aggregate": 35.416021108181994
}