{
    "multi-label/mAP": 17.666662216186523,
    "multi-label/precision": 17.08353614807129,
    "multi-label/recall": 8.423436164855957,
    "multi-label/f1-score": 8.477412223815918,
    "multi-label/precision_micro": 22.76474380493164,
    "multi-label/recall_micro": 13.30615234375,
    "multi-label/f1-score_micro": 16.79532241821289,
    "AUC/AUC_multilabe": 59.52948952646987,
    "AUC/AUC_class1": 65.68799326796801,
    "AUC/AUC_class2": 54.3753068878697,
    "AUC/AUC_class3": 57.49471999472,
    "AUC/AUC_class4": 68.41825946349351,
    "AUC/AUC_class5": 41.71891675560298,
    "AUC/AUC_class6": 57.78198757763975,
    "AUC/AUC_class7": 58.70230828876474,
    "AUC/AUC_class8": 52.68460575719649,
    "AUC/AUC_class9": 54.156448757458534,
    "AUC/AUC_class10": 55.22305681731672,
    "AUC/AUC_class11": 51.50713907985194,
    "AUC/AUC_class12": 59.62051649928264,
    "AUC/AUC_class13": 69.9173923659152,
    "AUC/AUC_class14": 55.512262897184975,
    "AUC/AUC_class15": 57.51585891905607,
    "AUC/AUC_class16": 86.64767747589833,
    "AUC/AUC_class17": 62.38943982846421,
    "AUC/AUC_class18": 51.16681071737251,
    "AUC/AUC_class19": 70.5395996518712,
    "MAP_class1": 0.512110335869413,
    "MAP_class2": 0.18719396203848787,
    "MAP_class3": 0.2921212859304001,
    "MAP_class4": 0.3906955325865044,
    "MAP_class5": 0.15870272422852102,
    "MAP_class6": 0.1891463264976816,
    "MAP_class7": 0.2363397208585065,
    "MAP_class8": 0.14899891312908692,
    "MAP_class9": 0.1416401112509895,
    "MAP_class10": 0.15802851901243276,
    "MAP_class11": 0.15247961519419737,
    "MAP_class12": 0.15754979961742843,
    "MAP_class13": 0.10316561891065243,
    "MAP_class14": 0.0912661263948017,
    "MAP_class15": 0.038260689001079644,
    "MAP_class16": 0.3472255667220524,
    "MAP_class17": 0.017316051603888726,
    "MAP_class18": 0.005954248834752554,
    "MAP_class19": 0.028470183723713512,
    "Aggregate": 38.5980745827207
}