{
    "multi-label/mAP": 20.642597198486328,
    "multi-label/precision": 20.328584671020508,
    "multi-label/recall": 14.8253812789917,
    "multi-label/f1-score": 15.527178764343262,
    "multi-label/precision_micro": 31.421188354492188,
    "multi-label/recall_micro": 22.53521156311035,
    "multi-label/f1-score_micro": 26.24649429321289,
    "AUC/AUC_multilabe": 59.49887011735073,
    "AUC/AUC_class1": 70.99010595300328,
    "AUC/AUC_class2": 54.655815459835566,
    "AUC/AUC_class3": 63.20455070455071,
    "AUC/AUC_class4": 75.7075334798292,
    "AUC/AUC_class5": 51.2030225644153,
    "AUC/AUC_class6": 57.28198757763975,
    "AUC/AUC_class7": 48.6738771696125,
    "AUC/AUC_class8": 66.989292170769,
    "AUC/AUC_class9": 72.0195397023146,
    "AUC/AUC_class10": 45.66828228487324,
    "AUC/AUC_class11": 57.12197094596696,
    "AUC/AUC_class12": 37.98421807747489,
    "AUC/AUC_class13": 67.93562301619598,
    "AUC/AUC_class14": 52.86234948250171,
    "AUC/AUC_class15": 50.680030449124594,
    "AUC/AUC_class16": 95.15775635407537,
    "AUC/AUC_class17": 55.55481104261592,
    "AUC/AUC_class18": 55.31547104580812,
    "AUC/AUC_class19": 51.47229474905715,
    "MAP_class1": 0.5612790432235906,
    "MAP_class2": 0.22321411984266784,
    "MAP_class3": 0.3251674829048535,
    "MAP_class4": 0.4901571074034031,
    "MAP_class5": 0.19645651599833644,
    "MAP_class6": 0.16944630965777524,
    "MAP_class7": 0.18248904465990823,
    "MAP_class8": 0.23959629236468064,
    "MAP_class9": 0.24932644037414006,
    "MAP_class10": 0.12108892374117006,
    "MAP_class11": 0.14861848380242665,
    "MAP_class12": 0.0926364827708801,
    "MAP_class13": 0.08971409326139433,
    "MAP_class14": 0.0866811694931646,
    "MAP_class15": 0.035506005878187225,
    "MAP_class16": 0.668972387579192,
    "MAP_class17": 0.02267267032783696,
    "MAP_class18": 0.004563937030235282,
    "MAP_class19": 0.014507221388853506,
    "Aggregate": 40.07073435262983
}