{
    "multi-label/mAP": 27.184444427490234,
    "multi-label/precision": 32.3638916015625,
    "multi-label/recall": 18.240184783935547,
    "multi-label/f1-score": 20.395166397094727,
    "multi-label/precision_micro": 44.74969482421875,
    "multi-label/recall_micro": 27.16827392578125,
    "multi-label/f1-score_micro": 33.80996322631836,
    "AUC/AUC_multilabe": 72.09349817234288,
    "AUC/AUC_class1": 84.73913376088537,
    "AUC/AUC_class2": 61.57554926399148,
    "AUC/AUC_class3": 70.33338283338284,
    "AUC/AUC_class4": 80.81097889630581,
    "AUC/AUC_class5": 63.49338694923007,
    "AUC/AUC_class6": 63.21987577639753,
    "AUC/AUC_class7": 57.18730739407918,
    "AUC/AUC_class8": 74.2587957168683,
    "AUC/AUC_class9": 73.69156120910105,
    "AUC/AUC_class10": 57.949729743446596,
    "AUC/AUC_class11": 74.9860018042119,
    "AUC/AUC_class12": 71.99641319942613,
    "AUC/AUC_class13": 76.24318385285261,
    "AUC/AUC_class14": 70.14518142644276,
    "AUC/AUC_class15": 52.50697792438468,
    "AUC/AUC_class16": 98.36546888694129,
    "AUC/AUC_class17": 72.92280889841865,
    "AUC/AUC_class18": 89.00172860847017,
    "AUC/AUC_class19": 76.34899912967799,
    "MAP_class1": 0.7634974819879266,
    "MAP_class2": 0.24424659171525592,
    "MAP_class3": 0.3970554886793398,
    "MAP_class4": 0.5572751456874389,
    "MAP_class5": 0.2864800113309646,
    "MAP_class6": 0.21234298621483105,
    "MAP_class7": 0.231935898583437,
    "MAP_class8": 0.2787874287471337,
    "MAP_class9": 0.2933056683545354,
    "MAP_class10": 0.1811338477132758,
    "MAP_class11": 0.32232158545526646,
    "MAP_class12": 0.2868062368070594,
    "MAP_class13": 0.17455300551185365,
    "MAP_class14": 0.14873422148866222,
    "MAP_class15": 0.033233511022696255,
    "MAP_class16": 0.6568026785154114,
    "MAP_class17": 0.04942277196631646,
    "MAP_class18": 0.019558738234620173,
    "MAP_class19": 0.02755066165957111,
    "Aggregate": 49.63897003268616
}