{
    "multi-label/mAP": 21.0673770904541,
    "multi-label/precision": 19.809064865112305,
    "multi-label/recall": 40.636016845703125,
    "multi-label/f1-score": 22.822362899780273,
    "multi-label/precision_micro": 21.20689582824707,
    "multi-label/recall_micro": 50.513343811035156,
    "multi-label/f1-score_micro": 29.872493743896484,
    "AUC/AUC_multilabe": 61.52108596744574,
    "AUC/AUC_class1": 67.87576344406376,
    "AUC/AUC_class2": 64.45474305868844,
    "AUC/AUC_class3": 56.87691868351538,
    "AUC/AUC_class4": 56.87691868351538,
    "MAP_class1": 0.3632406047594587,
    "MAP_class2": 0.35284568963435914,
    "MAP_class3": 0.12661370520748627,
    "MAP_class4": -0.0,
    "Aggregate": 41.29429297873917
}