{
    "multi-label/mAP": 22.137529373168945,
    "multi-label/precision": 17.717132568359375,
    "multi-label/recall": 59.44355773925781,
    "multi-label/f1-score": 25.988384246826172,
    "multi-label/precision_micro": 20.692657470703125,
    "multi-label/recall_micro": 79.28094482421875,
    "multi-label/f1-score_micro": 32.819332122802734,
    "AUC/AUC_multilabe": 64.40869662185223,
    "AUC/AUC_class1": 81.29534240287641,
    "AUC/AUC_class2": 62.309990701950504,
    "AUC/AUC_class3": 68.7992937992938,
    "AUC/AUC_class4": 81.58920353248476,
    "AUC/AUC_class5": 60.5241843268791,
    "AUC/AUC_class6": 60.484472049689444,
    "AUC/AUC_class7": 57.61079189613694,
    "AUC/AUC_class8": 66.58461966346823,
    "AUC/AUC_class9": 72.8221100255721,
    "AUC/AUC_class10": 45.053543786636894,
    "AUC/AUC_class11": 67.75671135720285,
    "AUC/AUC_class12": 67.5989956958393,
    "AUC/AUC_class13": 70.97135183527305,
    "AUC/AUC_class14": 55.51629012121945,
    "AUC/AUC_class15": 56.68358284699314,
    "AUC/AUC_class16": 95.40753724802804,
    "AUC/AUC_class17": 63.30742428303404,
    "AUC/AUC_class18": 55.89887640449438,
    "AUC/AUC_class19": 33.5509138381201,
    "MAP_class1": 0.6972050976955941,
    "MAP_class2": 0.2578136098897017,
    "MAP_class3": 0.3596328272171988,
    "MAP_class4": 0.5673213588980935,
    "MAP_class5": 0.25356894503128485,
    "MAP_class6": 0.18250802711898229,
    "MAP_class7": 0.21970711737130988,
    "MAP_class8": 0.2120801746156233,
    "MAP_class9": 0.2917688506229037,
    "MAP_class10": 0.11976176410757049,
    "MAP_class11": 0.23015459707097224,
    "MAP_class12": 0.205057944474649,
    "MAP_class13": 0.08035801765416155,
    "MAP_class14": 0.10264246166187983,
    "MAP_class15": 0.039538969433350696,
    "MAP_class16": 0.35398616084405765,
    "MAP_class17": 0.019865736684226705,
    "MAP_class18": 0.005333677847140603,
    "MAP_class19": 0.007825068357046968,
    "Aggregate": 43.27311253880966
}