{
    "multi-label/mAP": 17.120563507080078,
    "multi-label/precision": 14.866077423095703,
    "multi-label/recall": 7.044100284576416,
    "multi-label/f1-score": 7.662933349609375,
    "multi-label/precision_micro": 33.10696029663086,
    "multi-label/recall_micro": 14.455151557922363,
    "multi-label/f1-score_micro": 20.123838424682617,
    "AUC/AUC_multilabe": 58.889341923916604,
    "AUC/AUC_class1": 69.5133301883184,
    "AUC/AUC_class2": 51.80058295636185,
    "AUC/AUC_class3": 51.4973764973765,
    "AUC/AUC_class4": 66.34022969443177,
    "AUC/AUC_class5": 57.88968402195456,
    "AUC/AUC_class6": 61.37142857142857,
    "AUC/AUC_class7": 50.30021671272641,
    "AUC/AUC_class8": 53.0948407731887,
    "AUC/AUC_class9": 58.9167923414858,
    "AUC/AUC_class10": 56.59717816631562,
    "AUC/AUC_class11": 69.51892867141568,
    "AUC/AUC_class12": 57.59971305595409,
    "AUC/AUC_class13": 62.785871246032386,
    "AUC/AUC_class14": 57.7030727719383,
    "AUC/AUC_class15": 59.39862978939355,
    "AUC/AUC_class16": 87.34881682734444,
    "AUC/AUC_class17": 58.28866255695524,
    "AUC/AUC_class18": 31.287813310285216,
    "AUC/AUC_class19": 57.64432840150856,
    "MAP_class1": 0.5610255130465085,
    "MAP_class2": 0.1811327933563783,
    "MAP_class3": 0.23550482646551227,
    "MAP_class4": 0.39501075664270174,
    "MAP_class5": 0.2500807900952749,
    "MAP_class6": 0.20933184357867615,
    "MAP_class7": 0.18668652602714064,
    "MAP_class8": 0.12759753187460035,
    "MAP_class9": 0.16469715708990335,
    "MAP_class10": 0.16641251185830025,
    "MAP_class11": 0.21657928910431462,
    "MAP_class12": 0.1836843292814238,
    "MAP_class13": 0.05476408751570065,
    "MAP_class14": 0.11538967856113896,
    "MAP_class15": 0.04123401455816763,
    "MAP_class16": 0.13000812922835722,
    "MAP_class17": 0.016654556004122675,
    "MAP_class18": 0.003016361851238962,
    "MAP_class19": 0.014082794331423898,
    "Aggregate": 38.00491698951326
}