{
    "multi-label/mAP": 17.100021362304688,
    "multi-label/precision": 17.492450714111328,
    "multi-label/recall": 42.479183197021484,
    "multi-label/f1-score": 24.215673446655273,
    "multi-label/precision_micro": 25.723472595214844,
    "multi-label/recall_micro": 65.70841979980469,
    "multi-label/f1-score_micro": 36.97285079956055,
    "AUC/AUC_multilabe": 57.57544536570269,
    "AUC/AUC_class1": 60.80366453150603,
    "AUC/AUC_class2": 47.848227590260976,
    "AUC/AUC_class3": 60.82494467052187,
    "AUC/AUC_class4": 60.82494467052187,
    "MAP_class1": 0.31432527054295323,
    "MAP_class2": 0.23754406774377673,
    "MAP_class3": 0.13214433638204867,
    "MAP_class4": -0.0,
    "Aggregate": 37.337893616211076
}