{
    "multi-label/mAP": 18.78260612487793,
    "multi-label/precision": 17.96407699584961,
    "multi-label/recall": 46.508358001708984,
    "multi-label/f1-score": 25.51468276977539,
    "multi-label/precision_micro": 24.137929916381836,
    "multi-label/recall_micro": 67.55647277832031,
    "multi-label/f1-score_micro": 35.56756591796875,
    "AUC/AUC_multilabe": 58.65008662413113,
    "AUC/AUC_class1": 63.70400715030539,
    "AUC/AUC_class2": 44.48454524327058,
    "AUC/AUC_class3": 63.20589705147427,
    "AUC/AUC_class4": 63.20589705147427,
    "MAP_class1": 0.3402311889183802,
    "MAP_class2": 0.23137781965148177,
    "MAP_class3": 0.1796916979103857,
    "MAP_class4": -0.0,
    "Aggregate": 38.71630214306866
}