{
    "multi-label/mAP": 21.318439483642578,
    "multi-label/precision": 23.354736328125,
    "multi-label/recall": 19.21378517150879,
    "multi-label/f1-score": 18.496374130249023,
    "multi-label/precision_micro": 32.40302658081055,
    "multi-label/recall_micro": 25.389177322387695,
    "multi-label/f1-score_micro": 28.470487594604492,
    "AUC/AUC_multilabe": 59.68094509745464,
    "AUC/AUC_class1": 73.16144126684601,
    "AUC/AUC_class2": 60.692756923912704,
    "AUC/AUC_class3": 65.86971586971586,
    "AUC/AUC_class4": 79.91168788092375,
    "AUC/AUC_class5": 55.060794328403716,
    "AUC/AUC_class6": 51.59627329192546,
    "AUC/AUC_class7": 48.98453188062907,
    "AUC/AUC_class8": 69.02517035182868,
    "AUC/AUC_class9": 71.51990033440431,
    "AUC/AUC_class10": 45.24767173344837,
    "AUC/AUC_class11": 59.17115127383582,
    "AUC/AUC_class12": 39.728837876614065,
    "AUC/AUC_class13": 56.991128835354445,
    "AUC/AUC_class14": 56.955015907534936,
    "AUC/AUC_class15": 46.09489977163157,
    "AUC/AUC_class16": 95.42944785276075,
    "AUC/AUC_class17": 53.263200214419726,
    "AUC/AUC_class18": 50.302506482281764,
    "AUC/AUC_class19": 54.9318247751668,
    "MAP_class1": 0.5932840300227191,
    "MAP_class2": 0.2198455904058858,
    "MAP_class3": 0.36395216908251166,
    "MAP_class4": 0.5317330979419453,
    "MAP_class5": 0.2131774119089,
    "MAP_class6": 0.1629463725287442,
    "MAP_class7": 0.20738640609739128,
    "MAP_class8": 0.2401396465528304,
    "MAP_class9": 0.25281298211834735,
    "MAP_class10": 0.12468403833190164,
    "MAP_class11": 0.1481900981096155,
    "MAP_class12": 0.09720718575199086,
    "MAP_class13": 0.052902327040398274,
    "MAP_class14": 0.10792250891531369,
    "MAP_class15": 0.03065936285905787,
    "MAP_class16": 0.6355294148325127,
    "MAP_class17": 0.05107133374743006,
    "MAP_class18": 0.00501062914657819,
    "MAP_class19": 0.012054813375264352,
    "Aggregate": 40.49970786127821
}