{
    "multi-label/mAP": 22.088293075561523,
    "multi-label/precision": 21.126462936401367,
    "multi-label/recall": 16.801177978515625,
    "multi-label/f1-score": 16.918231964111328,
    "multi-label/precision_micro": 33.7311897277832,
    "multi-label/recall_micro": 24.091920852661133,
    "multi-label/f1-score_micro": 28.108108520507812,
    "AUC/AUC_multilabe": 61.33310996354429,
    "AUC/AUC_class1": 72.08214864020603,
    "AUC/AUC_class2": 57.88714884192271,
    "AUC/AUC_class3": 66.95954195954197,
    "AUC/AUC_class4": 79.4958331605788,
    "AUC/AUC_class5": 59.99247217563652,
    "AUC/AUC_class6": 54.20869565217391,
    "AUC/AUC_class7": 52.02348052567747,
    "AUC/AUC_class8": 72.04074537616465,
    "AUC/AUC_class9": 73.33355189823618,
    "AUC/AUC_class10": 46.17073108838532,
    "AUC/AUC_class11": 53.83161725822006,
    "AUC/AUC_class12": 56.53802008608322,
    "AUC/AUC_class13": 55.100919671197204,
    "AUC/AUC_class14": 64.43055052152552,
    "AUC/AUC_class15": 37.8990104034509,
    "AUC/AUC_class16": 96.84925503943909,
    "AUC/AUC_class17": 53.00187617260788,
    "AUC/AUC_class18": 49.89196197061365,
    "AUC/AUC_class19": 63.59152886568032,
    "MAP_class1": 0.592560408299653,
    "MAP_class2": 0.22403138398451317,
    "MAP_class3": 0.3515379145374402,
    "MAP_class4": 0.5354025070000352,
    "MAP_class5": 0.24132789909558816,
    "MAP_class6": 0.16690915159442127,
    "MAP_class7": 0.21371006178155888,
    "MAP_class8": 0.2510277959135999,
    "MAP_class9": 0.2761590542188249,
    "MAP_class10": 0.12311416513473204,
    "MAP_class11": 0.13257573348236404,
    "MAP_class12": 0.14297707687813432,
    "MAP_class13": 0.045980310215916136,
    "MAP_class14": 0.11659221353486687,
    "MAP_class15": 0.023108238208925314,
    "MAP_class16": 0.6476040087537639,
    "MAP_class17": 0.09175453636837301,
    "MAP_class18": 0.0051457267208155025,
    "MAP_class19": 0.01525684515345973,
    "Aggregate": 41.710699799869474
}