{
    "multi-label/mAP": 20.0883731842041,
    "multi-label/precision": 25.543310165405273,
    "multi-label/recall": 16.64280128479004,
    "multi-label/f1-score": 15.575925827026367,
    "multi-label/precision_micro": 33.11772155761719,
    "multi-label/recall_micro": 28.465530395507812,
    "multi-label/f1-score_micro": 30.61590576171875,
    "AUC/AUC_multilabe": 58.82540771540289,
    "AUC/AUC_class1": 72.36057808774592,
    "AUC/AUC_class2": 60.221586100983096,
    "AUC/AUC_class3": 65.46629046629047,
    "AUC/AUC_class4": 75.52593391102451,
    "AUC/AUC_class5": 54.84305915535905,
    "AUC/AUC_class6": 56.037267080745345,
    "AUC/AUC_class7": 46.36310316718691,
    "AUC/AUC_class8": 65.07926574885272,
    "AUC/AUC_class9": 72.98078814503965,
    "AUC/AUC_class10": 46.21831146750577,
    "AUC/AUC_class11": 53.883721653653524,
    "AUC/AUC_class12": 44.048780487804876,
    "AUC/AUC_class13": 59.49173923659152,
    "AUC/AUC_class14": 56.76573637791471,
    "AUC/AUC_class15": 44.87439736107587,
    "AUC/AUC_class16": 96.45048203330411,
    "AUC/AUC_class17": 47.05842937550255,
    "AUC/AUC_class18": 54.34312878133103,
    "AUC/AUC_class19": 45.67014795474326,
    "MAP_class1": 0.599008881573168,
    "MAP_class2": 0.22262876531824383,
    "MAP_class3": 0.35656561608522364,
    "MAP_class4": 0.46514165472738134,
    "MAP_class5": 0.2096870615828544,
    "MAP_class6": 0.16240172626150917,
    "MAP_class7": 0.1789936993326652,
    "MAP_class8": 0.19569724119534074,
    "MAP_class9": 0.23209654816017922,
    "MAP_class10": 0.13019090808848155,
    "MAP_class11": 0.1476214736781695,
    "MAP_class12": 0.10920641445181642,
    "MAP_class13": 0.06354161373898447,
    "MAP_class14": 0.10192425617935262,
    "MAP_class15": 0.027701494566840987,
    "MAP_class16": 0.5866244194299797,
    "MAP_class17": 0.01197809615456613,
    "MAP_class18": 0.00448213004875193,
    "MAP_class19": 0.011238954214244517,
    "Aggregate": 39.45673268609027
}