{
    "multi-label/mAP": 19.539958953857422,
    "multi-label/precision": 15.769876480102539,
    "multi-label/recall": 11.575807571411133,
    "multi-label/f1-score": 11.5256986618042,
    "multi-label/precision_micro": 29.536348342895508,
    "multi-label/recall_micro": 19.12527847290039,
    "multi-label/f1-score_micro": 23.21709632873535,
    "AUC/AUC_multilabe": 56.67209552880264,
    "AUC/AUC_class1": 70.19163341025869,
    "AUC/AUC_class2": 55.40018178209133,
    "AUC/AUC_class3": 65.21714021714023,
    "AUC/AUC_class4": 77.06994485675195,
    "AUC/AUC_class5": 52.17306372922701,
    "AUC/AUC_class6": 53.977018633540375,
    "AUC/AUC_class7": 50.974710221285555,
    "AUC/AUC_class8": 64.9290780141844,
    "AUC/AUC_class9": 72.33361746770703,
    "AUC/AUC_class10": 46.61227700662319,
    "AUC/AUC_class11": 53.43811242106573,
    "AUC/AUC_class12": 37.36083213773315,
    "AUC/AUC_class13": 55.039879547489214,
    "AUC/AUC_class14": 52.34988522411502,
    "AUC/AUC_class15": 47.820350164932755,
    "AUC/AUC_class16": 93.76424189307625,
    "AUC/AUC_class17": 44.18386491557224,
    "AUC/AUC_class18": 26.231633535004324,
    "AUC/AUC_class19": 57.702349869451695,
    "MAP_class1": 0.5820661976781194,
    "MAP_class2": 0.2131034509413416,
    "MAP_class3": 0.3592113588660934,
    "MAP_class4": 0.4855375691719755,
    "MAP_class5": 0.21638210781816858,
    "MAP_class6": 0.15792606186840902,
    "MAP_class7": 0.1818570348005951,
    "MAP_class8": 0.21235797248130725,
    "MAP_class9": 0.2609427922695184,
    "MAP_class10": 0.12334354003066636,
    "MAP_class11": 0.11498461187308318,
    "MAP_class12": 0.08956902770763481,
    "MAP_class13": 0.04585870504148501,
    "MAP_class14": 0.08708672558414428,
    "MAP_class15": 0.03352376935280682,
    "MAP_class16": 0.5151416157002451,
    "MAP_class17": 0.01297944230584169,
    "MAP_class18": 0.0027882008633923353,
    "MAP_class19": 0.017931503201295183,
    "Aggregate": 38.10602588954902
}