{
    "multi-label/mAP": 23.9830265045166,
    "multi-label/precision": 25.815608978271484,
    "multi-label/recall": 22.30852508544922,
    "multi-label/f1-score": 22.666452407836914,
    "multi-label/precision_micro": 37.19105529785156,
    "multi-label/recall_micro": 35.13713836669922,
    "multi-label/f1-score_micro": 36.13493347167969,
    "AUC/AUC_multilabe": 67.82450971119734,
    "AUC/AUC_class1": 87.2086611161403,
    "AUC/AUC_class2": 58.02870903373416,
    "AUC/AUC_class3": 67.72514272514272,
    "AUC/AUC_class4": 82.32928396699698,
    "AUC/AUC_class5": 65.63262311327945,
    "AUC/AUC_class6": 56.356521739130436,
    "AUC/AUC_class7": 60.817245561365496,
    "AUC/AUC_class8": 64.00570157140871,
    "AUC/AUC_class9": 70.80978296505147,
    "AUC/AUC_class10": 55.740731342147335,
    "AUC/AUC_class11": 71.76952748312439,
    "AUC/AUC_class12": 71.36011477761836,
    "AUC/AUC_class13": 73.03043867502238,
    "AUC/AUC_class14": 54.56989247311827,
    "AUC/AUC_class15": 54.133468662775954,
    "AUC/AUC_class16": 92.34443470639789,
    "AUC/AUC_class17": 49.02170999731975,
    "AUC/AUC_class18": 80.8124459809853,
    "AUC/AUC_class19": 72.96924862199013,
    "MAP_class1": 0.7650513606875372,
    "MAP_class2": 0.20682702671423936,
    "MAP_class3": 0.37981586030790915,
    "MAP_class4": 0.5769431504927778,
    "MAP_class5": 0.3264768711845839,
    "MAP_class6": 0.1717922256353082,
    "MAP_class7": 0.2370926485812564,
    "MAP_class8": 0.18935872074063326,
    "MAP_class9": 0.2782540785717253,
    "MAP_class10": 0.16190413269960666,
    "MAP_class11": 0.23759101727915624,
    "MAP_class12": 0.2296263094756668,
    "MAP_class13": 0.11780228091071349,
    "MAP_class14": 0.09590225439401717,
    "MAP_class15": 0.03465331428716953,
    "MAP_class16": 0.4713485992332621,
    "MAP_class17": 0.011021589505610541,
    "MAP_class18": 0.029693807423237805,
    "MAP_class19": 0.02282722303267364,
    "Aggregate": 45.87010346390679
}