{
    "multi-label/mAP": 20.190855026245117,
    "multi-label/precision": 22.29754066467285,
    "multi-label/recall": 18.252553939819336,
    "multi-label/f1-score": 17.158767700195312,
    "multi-label/precision_micro": 31.16830062866211,
    "multi-label/recall_micro": 28.28020668029785,
    "multi-label/f1-score_micro": 29.654098510742188,
    "AUC/AUC_multilabe": 58.40484104331923,
    "AUC/AUC_class1": 66.8441050094988,
    "AUC/AUC_class2": 57.61029680627671,
    "AUC/AUC_class3": 67.46031746031747,
    "AUC/AUC_class4": 71.09042663460343,
    "AUC/AUC_class5": 56.7145334654673,
    "AUC/AUC_class6": 53.02732919254658,
    "AUC/AUC_class7": 48.67685945483826,
    "AUC/AUC_class8": 67.4193436239744,
    "AUC/AUC_class9": 72.49557406071733,
    "AUC/AUC_class10": 46.408632983987616,
    "AUC/AUC_class11": 51.99318754471647,
    "AUC/AUC_class12": 44.31563845050215,
    "AUC/AUC_class13": 54.52714250834215,
    "AUC/AUC_class14": 59.80629052394184,
    "AUC/AUC_class15": 41.101243339254,
    "AUC/AUC_class16": 95.65293602103417,
    "AUC/AUC_class17": 47.105333690699545,
    "AUC/AUC_class18": 50.82108902333622,
    "AUC/AUC_class19": 56.62170002901073,
    "MAP_class1": 0.5218090839272003,
    "MAP_class2": 0.20676287872437707,
    "MAP_class3": 0.35860575410069473,
    "MAP_class4": 0.40949784498475583,
    "MAP_class5": 0.2292126157464181,
    "MAP_class6": 0.16435647173163465,
    "MAP_class7": 0.1945669556656176,
    "MAP_class8": 0.23606568192863323,
    "MAP_class9": 0.26227097723812753,
    "MAP_class10": 0.12299061819111927,
    "MAP_class11": 0.13784203658623748,
    "MAP_class12": 0.09814591312692747,
    "MAP_class13": 0.04275940232263041,
    "MAP_class14": 0.10689681039262772,
    "MAP_class15": 0.029101839894731325,
    "MAP_class16": 0.6561747098233537,
    "MAP_class17": 0.03845685206414523,
    "MAP_class18": 0.0049153888562718144,
    "MAP_class19": 0.014385684320697732,
    "Aggregate": 39.294045573307514
}