{
    "multi-label/mAP": 25.22439956665039,
    "multi-label/precision": 24.760929107666016,
    "multi-label/recall": 22.792953491210938,
    "multi-label/f1-score": 22.61834716796875,
    "multi-label/precision_micro": 34.712642669677734,
    "multi-label/recall_micro": 33.5804328918457,
    "multi-label/f1-score_micro": 34.137149810791016,
    "AUC/AUC_multilabe": 65.48509051843898,
    "AUC/AUC_class1": 78.39470362484221,
    "AUC/AUC_class2": 58.778298979304,
    "AUC/AUC_class3": 76.989076989077,
    "AUC/AUC_class4": 80.815954226958,
    "AUC/AUC_class5": 65.79366138130813,
    "AUC/AUC_class6": 51.02360248447205,
    "AUC/AUC_class7": 60.130325864365666,
    "AUC/AUC_class8": 74.46460853845085,
    "AUC/AUC_class9": 62.48508294538062,
    "AUC/AUC_class10": 55.0555738828127,
    "AUC/AUC_class11": 75.45183065293806,
    "AUC/AUC_class12": 64.91104734576757,
    "AUC/AUC_class13": 63.278261577276794,
    "AUC/AUC_class14": 69.28436228907412,
    "AUC/AUC_class15": 53.9355493529561,
    "AUC/AUC_class16": 97.69062226117441,
    "AUC/AUC_class17": 51.36022514071294,
    "AUC/AUC_class18": 43.66897147796024,
    "AUC/AUC_class19": 60.704960835509134,
    "MAP_class1": 0.6750777237641697,
    "MAP_class2": 0.21752011204105737,
    "MAP_class3": 0.5374542755953576,
    "MAP_class4": 0.5035475375414178,
    "MAP_class5": 0.3029629547685778,
    "MAP_class6": 0.14354758438999377,
    "MAP_class7": 0.24582956154856744,
    "MAP_class8": 0.2784135807577882,
    "MAP_class9": 0.17953751971879683,
    "MAP_class10": 0.16453026649958089,
    "MAP_class11": 0.3387266157613391,
    "MAP_class12": 0.19153249379276785,
    "MAP_class13": 0.05430405453134827,
    "MAP_class14": 0.16759248268916893,
    "MAP_class15": 0.032575381201121516,
    "MAP_class16": 0.7207310298690518,
    "MAP_class17": 0.0165587318151611,
    "MAP_class18": 0.008301379072055763,
    "MAP_class19": 0.013898871921596681,
    "Aggregate": 45.35476146258507
}