{
    "multi-label/mAP": 20.800708770751953,
    "multi-label/precision": 23.063217163085938,
    "multi-label/recall": 15.842185974121094,
    "multi-label/f1-score": 16.302898406982422,
    "multi-label/precision_micro": 32.71912384033203,
    "multi-label/recall_micro": 24.35137176513672,
    "multi-label/f1-score_micro": 27.921802520751953,
    "AUC/AUC_multilabe": 58.73856235181955,
    "AUC/AUC_class1": 67.7300748428555,
    "AUC/AUC_class2": 56.58960081070633,
    "AUC/AUC_class3": 63.50113850113851,
    "AUC/AUC_class4": 73.02334259297648,
    "AUC/AUC_class5": 54.47238527214514,
    "AUC/AUC_class6": 54.05776397515528,
    "AUC/AUC_class7": 53.86901803288466,
    "AUC/AUC_class8": 68.90488110137673,
    "AUC/AUC_class9": 71.73693528293225,
    "AUC/AUC_class10": 46.27413911234044,
    "AUC/AUC_class11": 54.578965377795754,
    "AUC/AUC_class12": 40.562410329985646,
    "AUC/AUC_class13": 53.77634898673394,
    "AUC/AUC_class14": 60.94901534372358,
    "AUC/AUC_class15": 38.612027404212135,
    "AUC/AUC_class16": 95.93339176161263,
    "AUC/AUC_class17": 47.594478692039665,
    "AUC/AUC_class18": 47.96888504753674,
    "AUC/AUC_class19": 65.89788221642007,
    "MAP_class1": 0.5360990333327514,
    "MAP_class2": 0.20316370223305918,
    "MAP_class3": 0.33070702641721206,
    "MAP_class4": 0.436725419743623,
    "MAP_class5": 0.21368000586745994,
    "MAP_class6": 0.16147718957990587,
    "MAP_class7": 0.22478907661041725,
    "MAP_class8": 0.25183539080358813,
    "MAP_class9": 0.2588900391898732,
    "MAP_class10": 0.12678425088313788,
    "MAP_class11": 0.16433479311121366,
    "MAP_class12": 0.09223499372629208,
    "MAP_class13": 0.04492794310260537,
    "MAP_class14": 0.11929623182081549,
    "MAP_class15": 0.028910677902121984,
    "MAP_class16": 0.7064719815874864,
    "MAP_class17": 0.030092230963212868,
    "MAP_class18": 0.004082931066003029,
    "MAP_class19": 0.01705048505297269,
    "Aggregate": 39.76810592063018
}