{
    "multi-label/mAP": 15.543132781982422,
    "multi-label/precision": 15.864956855773926,
    "multi-label/recall": 28.870546340942383,
    "multi-label/f1-score": 16.408449172973633,
    "multi-label/precision_micro": 21.541318893432617,
    "multi-label/recall_micro": 47.63860321044922,
    "multi-label/f1-score_micro": 29.667518615722656,
    "AUC/AUC_multilabe": 54.82114040818538,
    "AUC/AUC_class1": 56.08520780575004,
    "AUC/AUC_class2": 48.54953587882268,
    "AUC/AUC_class3": 57.32490897408439,
    "AUC/AUC_class4": 57.32490897408439,
    "MAP_class1": 0.26422998180124857,
    "MAP_class2": 0.2505294118299322,
    "MAP_class3": 0.10735834425716437,
    "MAP_class4": -0.0,
    "Aggregate": 35.187041927697
}