{
    "multi-label/mAP": 20.225358963012695,
    "multi-label/precision": 21.808879852294922,
    "multi-label/recall": 17.620853424072266,
    "multi-label/f1-score": 15.800302505493164,
    "multi-label/precision_micro": 22.59592628479004,
    "multi-label/recall_micro": 17.679763793945312,
    "multi-label/f1-score_micro": 19.837804794311523,
    "AUC/AUC_multilabe": 59.237238175546665,
    "AUC/AUC_class1": 72.65813262612996,
    "AUC/AUC_class2": 54.56544677650206,
    "AUC/AUC_class3": 62.72646272646273,
    "AUC/AUC_class4": 80.42704921431238,
    "AUC/AUC_class5": 50.23965162372313,
    "AUC/AUC_class6": 56.80372670807454,
    "AUC/AUC_class7": 48.8970515140068,
    "AUC/AUC_class8": 65.11472674176053,
    "AUC/AUC_class9": 63.818765982558524,
    "AUC/AUC_class10": 48.599233638693626,
    "AUC/AUC_class11": 47.54098360655738,
    "AUC/AUC_class12": 39.78981348637016,
    "AUC/AUC_class13": 57.68291690404492,
    "AUC/AUC_class14": 56.114332890338694,
    "AUC/AUC_class15": 44.280639431616336,
    "AUC/AUC_class16": 97.79141104294477,
    "AUC/AUC_class17": 62.483248458858206,
    "AUC/AUC_class18": 51.57735522904062,
    "AUC/AUC_class19": 64.39657673339136,
    "MAP_class1": 0.6208019056308958,
    "MAP_class2": 0.1990979068578287,
    "MAP_class3": 0.34549501980321184,
    "MAP_class4": 0.500644341647571,
    "MAP_class5": 0.21144698736182,
    "MAP_class6": 0.17231338521526696,
    "MAP_class7": 0.19518098242555385,
    "MAP_class8": 0.18753306502845613,
    "MAP_class9": 0.1964987699535406,
    "MAP_class10": 0.1354144371103888,
    "MAP_class11": 0.10660899521953929,
    "MAP_class12": 0.0903310821813838,
    "MAP_class13": 0.05371729155670628,
    "MAP_class14": 0.10301126757199919,
    "MAP_class15": 0.03391742062842691,
    "MAP_class16": 0.64631720493473,
    "MAP_class17": 0.02244400202657157,
    "MAP_class18": 0.0051597025961618425,
    "MAP_class19": 0.01688482444654943,
    "Aggregate": 39.731299593553864
}