{
    "multi-label/mAP": 16.157997131347656,
    "multi-label/precision": 16.731388092041016,
    "multi-label/recall": 18.57961654663086,
    "multi-label/f1-score": 17.027481079101562,
    "multi-label/precision_micro": 25.62479019165039,
    "multi-label/recall_micro": 28.502595901489258,
    "multi-label/f1-score_micro": 26.98719024658203,
    "AUC/AUC_multilabe": 58.680449526292755,
    "AUC/AUC_class1": 59.375438283331846,
    "AUC/AUC_class2": 51.96408236609243,
    "AUC/AUC_class3": 57.25711975711975,
    "AUC/AUC_class4": 77.11824702516688,
    "AUC/AUC_class5": 61.97924607409667,
    "AUC/AUC_class6": 60.490062111801244,
    "AUC/AUC_class7": 50.399626220251704,
    "AUC/AUC_class8": 53.24433319427061,
    "AUC/AUC_class9": 55.15900596682185,
    "AUC/AUC_class10": 51.5010023599868,
    "AUC/AUC_class11": 43.375742682054316,
    "AUC/AUC_class12": 56.64060258249641,
    "AUC/AUC_class13": 70.20021160576219,
    "AUC/AUC_class14": 61.37086706133461,
    "AUC/AUC_class15": 53.01192590713016,
    "AUC/AUC_class16": 77.86590709903592,
    "AUC/AUC_class17": 62.31573304744037,
    "AUC/AUC_class18": 43.12878133102852,
    "AUC/AUC_class19": 68.53060632434,
    "MAP_class1": 0.42598781720119266,
    "MAP_class2": 0.18933505246836482,
    "MAP_class3": 0.29053904931539415,
    "MAP_class4": 0.47863759571945586,
    "MAP_class5": 0.2765633373257633,
    "MAP_class6": 0.20437284190954666,
    "MAP_class7": 0.20007526016961938,
    "MAP_class8": 0.13315356261694244,
    "MAP_class9": 0.15978014118639466,
    "MAP_class10": 0.13454463575126688,
    "MAP_class11": 0.09439831710431011,
    "MAP_class12": 0.1294505688670555,
    "MAP_class13": 0.0831411081066791,
    "MAP_class14": 0.11436347519716022,
    "MAP_class15": 0.033792762637759086,
    "MAP_class16": 0.0667650633847203,
    "MAP_class17": 0.019070206175029678,
    "MAP_class18": 0.004409371813630514,
    "MAP_class19": 0.03163902190237099,
    "Aggregate": 37.419222628548106
}