{
    "multi-label/mAP": 18.7355899810791,
    "multi-label/precision": 20.57306671142578,
    "multi-label/recall": 19.13935661315918,
    "multi-label/f1-score": 18.85986328125,
    "multi-label/precision_micro": 28.227256774902344,
    "multi-label/recall_micro": 29.095626831054688,
    "multi-label/f1-score_micro": 28.654865264892578,
    "AUC/AUC_multilabe": 60.726504056292015,
    "AUC/AUC_class1": 63.09351531919777,
    "AUC/AUC_class2": 57.092113373520405,
    "AUC/AUC_class3": 60.97601722601722,
    "AUC/AUC_class4": 74.58559641776193,
    "AUC/AUC_class5": 63.62440920872084,
    "AUC/AUC_class6": 52.78633540372672,
    "AUC/AUC_class7": 53.36998230510767,
    "AUC/AUC_class8": 55.63134473647615,
    "AUC/AUC_class9": 62.96898564028588,
    "AUC/AUC_class10": 52.25277235009008,
    "AUC/AUC_class11": 61.308986841695955,
    "AUC/AUC_class12": 46.48278335724534,
    "AUC/AUC_class13": 70.04761129649224,
    "AUC/AUC_class14": 54.78635576497122,
    "AUC/AUC_class15": 54.85663537173306,
    "AUC/AUC_class16": 81.16564417177914,
    "AUC/AUC_class17": 63.17341195389976,
    "AUC/AUC_class18": 55.3370786516854,
    "AUC/AUC_class19": 70.26399767914128,
    "MAP_class1": 0.5058455560124768,
    "MAP_class2": 0.22821908512232866,
    "MAP_class3": 0.3183508343732722,
    "MAP_class4": 0.4652208576541214,
    "MAP_class5": 0.288757792027483,
    "MAP_class6": 0.1502302132523874,
    "MAP_class7": 0.20854265981086523,
    "MAP_class8": 0.15217931578286029,
    "MAP_class9": 0.19148867011382517,
    "MAP_class10": 0.1474871659301054,
    "MAP_class11": 0.19801642324164526,
    "MAP_class12": 0.10852017052851293,
    "MAP_class13": 0.11026867382641738,
    "MAP_class14": 0.10071895764414106,
    "MAP_class15": 0.033197787860981154,
    "MAP_class16": 0.2989412504560977,
    "MAP_class17": 0.0259180955902108,
    "MAP_class18": 0.0061802281991472086,
    "MAP_class19": 0.02153315847501303,
    "Aggregate": 39.730664912098355
}