{
    "multi-label/mAP": 20.86012077331543,
    "multi-label/precision": 18.022254943847656,
    "multi-label/recall": 39.26812744140625,
    "multi-label/f1-score": 22.887178421020508,
    "multi-label/precision_micro": 19.240297317504883,
    "multi-label/recall_micro": 47.84394073486328,
    "multi-label/f1-score_micro": 27.44405174255371,
    "AUC/AUC_multilabe": 59.390378681211246,
    "AUC/AUC_class1": 72.5018620586921,
    "AUC/AUC_class2": 45.32666201861953,
    "AUC/AUC_class3": 59.866495323766685,
    "AUC/AUC_class4": 59.866495323766685,
    "MAP_class1": 0.4569033224515791,
    "MAP_class2": 0.23314852479143178,
    "MAP_class3": 0.14435808760210075,
    "MAP_class4": -0.0,
    "Aggregate": 40.12531352616952
}