{
    "multi-label/mAP": 19.105548858642578,
    "multi-label/precision": 19.83704376220703,
    "multi-label/recall": 21.416027069091797,
    "multi-label/f1-score": 19.228906631469727,
    "multi-label/precision_micro": 27.61329460144043,
    "multi-label/recall_micro": 33.87694549560547,
    "multi-label/f1-score_micro": 30.42609977722168,
    "AUC/AUC_multilabe": 61.23733513639749,
    "AUC/AUC_class1": 69.96133544134335,
    "AUC/AUC_class2": 54.61089229933451,
    "AUC/AUC_class3": 65.7995907995908,
    "AUC/AUC_class4": 67.31207761515817,
    "AUC/AUC_class5": 60.614232352492756,
    "AUC/AUC_class6": 52.86086956521739,
    "AUC/AUC_class7": 51.197387518142236,
    "AUC/AUC_class8": 56.65693227645669,
    "AUC/AUC_class9": 57.87817192315258,
    "AUC/AUC_class10": 53.60405511711117,
    "AUC/AUC_class11": 64.4772451550689,
    "AUC/AUC_class12": 51.62338593974175,
    "AUC/AUC_class13": 66.7209245544071,
    "AUC/AUC_class14": 60.43655108533687,
    "AUC/AUC_class15": 53.06774930220756,
    "AUC/AUC_class16": 81.64329535495179,
    "AUC/AUC_class17": 55.43419994639507,
    "AUC/AUC_class18": 63.02938634399309,
    "AUC/AUC_class19": 76.58108500145053,
    "MAP_class1": 0.5624708656884234,
    "MAP_class2": 0.1895850328322958,
    "MAP_class3": 0.36803334179096975,
    "MAP_class4": 0.36732146516566205,
    "MAP_class5": 0.2596425505459202,
    "MAP_class6": 0.15581369412995302,
    "MAP_class7": 0.19408588433462537,
    "MAP_class8": 0.1704783426459145,
    "MAP_class9": 0.17716963891451837,
    "MAP_class10": 0.16381232459010134,
    "MAP_class11": 0.16139995797790496,
    "MAP_class12": 0.12472169541418675,
    "MAP_class13": 0.06764398395205437,
    "MAP_class14": 0.13426884277056667,
    "MAP_class15": 0.032368328599436114,
    "MAP_class16": 0.4466035370858545,
    "MAP_class17": 0.018462574454239725,
    "MAP_class18": 0.007311412429818986,
    "MAP_class19": 0.02827631154735365,
    "Aggregate": 40.1699038441719
}