{
    "multi-label/mAP": 21.49875831604004,
    "multi-label/precision": 21.370447158813477,
    "multi-label/recall": 19.627553939819336,
    "multi-label/f1-score": 18.8989200592041,
    "multi-label/precision_micro": 32.0802001953125,
    "multi-label/recall_micro": 33.20978546142578,
    "multi-label/f1-score_micro": 32.635223388671875,
    "AUC/AUC_multilabe": 62.940149770508604,
    "AUC/AUC_class1": 78.70484884803204,
    "AUC/AUC_class2": 56.587511361380706,
    "AUC/AUC_class3": 69.27738177738179,
    "AUC/AUC_class4": 77.153281645176,
    "AUC/AUC_class5": 61.096870711998776,
    "AUC/AUC_class6": 53.44347826086957,
    "AUC/AUC_class7": 51.20186094598087,
    "AUC/AUC_class8": 65.06396884995134,
    "AUC/AUC_class9": 74.18497147728019,
    "AUC/AUC_class10": 53.856548328977084,
    "AUC/AUC_class11": 65.88017544405386,
    "AUC/AUC_class12": 63.627690100430414,
    "AUC/AUC_class13": 48.90331244404655,
    "AUC/AUC_class14": 62.316257903427164,
    "AUC/AUC_class15": 61.76858665313372,
    "AUC/AUC_class16": 96.148115687993,
    "AUC/AUC_class17": 51.03859555079067,
    "AUC/AUC_class18": 46.434745030250646,
    "AUC/AUC_class19": 59.17464461850884,
    "MAP_class1": 0.6865786394119942,
    "MAP_class2": 0.20291023441098177,
    "MAP_class3": 0.4019778161865648,
    "MAP_class4": 0.49925782420586323,
    "MAP_class5": 0.2646477498267057,
    "MAP_class6": 0.15200182778407917,
    "MAP_class7": 0.19116199765458478,
    "MAP_class8": 0.18493208700679925,
    "MAP_class9": 0.27228566306428825,
    "MAP_class10": 0.15570798509641967,
    "MAP_class11": 0.17646726448887204,
    "MAP_class12": 0.20382222770428493,
    "MAP_class13": 0.03643876953579104,
    "MAP_class14": 0.12770780738666085,
    "MAP_class15": 0.04366321405453747,
    "MAP_class16": 0.4263012280203822,
    "MAP_class17": 0.03715681889110762,
    "MAP_class18": 0.005667346055431543,
    "MAP_class19": 0.01607656060288681,
    "Aggregate": 42.21945136259176
}