{
    "multi-label/mAP": 26.285228729248047,
    "multi-label/precision": 29.679611206054688,
    "multi-label/recall": 22.627771377563477,
    "multi-label/f1-score": 24.048816680908203,
    "multi-label/precision_micro": 42.9604606628418,
    "multi-label/recall_micro": 33.02446365356445,
    "multi-label/f1-score_micro": 37.34283447265625,
    "AUC/AUC_multilabe": 68.71577895219129,
    "AUC/AUC_class1": 86.39488850072037,
    "AUC/AUC_class2": 59.70967101620368,
    "AUC/AUC_class3": 68.03575553575553,
    "AUC/AUC_class4": 77.28927401633567,
    "AUC/AUC_class5": 63.706834121055046,
    "AUC/AUC_class6": 60.20745341614906,
    "AUC/AUC_class7": 56.97805038073841,
    "AUC/AUC_class8": 69.67876512307049,
    "AUC/AUC_class9": 70.45439643302078,
    "AUC/AUC_class10": 59.110056588930895,
    "AUC/AUC_class11": 77.11994898435312,
    "AUC/AUC_class12": 72.49928263988522,
    "AUC/AUC_class13": 66.5764629282982,
    "AUC/AUC_class14": 70.69590431315694,
    "AUC/AUC_class15": 49.969550875412324,
    "AUC/AUC_class16": 98.77738825591585,
    "AUC/AUC_class17": 44.317877244706516,
    "AUC/AUC_class18": 78.84615384615384,
    "AUC/AUC_class19": 75.23208587177255,
    "MAP_class1": 0.7647784451570833,
    "MAP_class2": 0.23505817206619578,
    "MAP_class3": 0.3991589085346444,
    "MAP_class4": 0.5363149193392247,
    "MAP_class5": 0.3122951115966488,
    "MAP_class6": 0.21696685749846814,
    "MAP_class7": 0.22589729160272265,
    "MAP_class8": 0.24829850352536692,
    "MAP_class9": 0.30584372906442536,
    "MAP_class10": 0.20277995648542732,
    "MAP_class11": 0.3254511072178297,
    "MAP_class12": 0.3030513099853696,
    "MAP_class13": 0.08460194707985466,
    "MAP_class14": 0.15720949358960526,
    "MAP_class15": 0.03137020218873849,
    "MAP_class16": 0.598303329584948,
    "MAP_class17": 0.011002527515998856,
    "MAP_class18": 0.01462310243477407,
    "MAP_class19": 0.021188191525622915,
    "Aggregate": 47.500502912919195
}