{
    "multi-label/mAP": 21.529876708984375,
    "multi-label/precision": 22.992795944213867,
    "multi-label/recall": 22.736900329589844,
    "multi-label/f1-score": 21.638320922851562,
    "multi-label/precision_micro": 30.945999145507812,
    "multi-label/recall_micro": 29.948108673095703,
    "multi-label/f1-score_micro": 30.438879013061523,
    "AUC/AUC_multilabe": 62.75169507550525,
    "AUC/AUC_class1": 71.73088447170124,
    "AUC/AUC_class2": 54.31210104576939,
    "AUC/AUC_class3": 63.87032637032637,
    "AUC/AUC_class4": 81.86906588167007,
    "AUC/AUC_class5": 64.69498017990547,
    "AUC/AUC_class6": 57.16149068322981,
    "AUC/AUC_class7": 53.51313199594409,
    "AUC/AUC_class8": 61.56306494228897,
    "AUC/AUC_class9": 59.77575240967805,
    "AUC/AUC_class10": 50.21506331362448,
    "AUC/AUC_class11": 66.85149469623916,
    "AUC/AUC_class12": 65.52510760401721,
    "AUC/AUC_class13": 59.14991454382681,
    "AUC/AUC_class14": 72.33901171922194,
    "AUC/AUC_class15": 51.08855620400914,
    "AUC/AUC_class16": 81.82296231375986,
    "AUC/AUC_class17": 50.20101849370142,
    "AUC/AUC_class18": 58.98876404494382,
    "AUC/AUC_class19": 67.60951552074268,
    "MAP_class1": 0.5794905867770448,
    "MAP_class2": 0.19611245098789304,
    "MAP_class3": 0.3685602211867865,
    "MAP_class4": 0.5646667019693877,
    "MAP_class5": 0.2925523188699289,
    "MAP_class6": 0.1743298981062657,
    "MAP_class7": 0.20339863012681111,
    "MAP_class8": 0.17828552242822227,
    "MAP_class9": 0.18136955979299937,
    "MAP_class10": 0.1331963359151109,
    "MAP_class11": 0.22087044386201865,
    "MAP_class12": 0.1870235632789473,
    "MAP_class13": 0.08289286641065838,
    "MAP_class14": 0.25525971346951276,
    "MAP_class15": 0.03853223919982477,
    "MAP_class16": 0.36135453640300186,
    "MAP_class17": 0.012124794530658286,
    "MAP_class18": 0.013504416333754743,
    "MAP_class19": 0.046965183137737496,
    "Aggregate": 42.14029486087516
}