{
    "multi-label/mAP": 25.54456329345703,
    "multi-label/precision": 29.330726623535156,
    "multi-label/recall": 23.082849502563477,
    "multi-label/f1-score": 23.993871688842773,
    "multi-label/precision_micro": 40.41311264038086,
    "multi-label/recall_micro": 33.3580436706543,
    "multi-label/f1-score_micro": 36.54822540283203,
    "AUC/AUC_multilabe": 66.79687019975135,
    "AUC/AUC_class1": 83.905120424322,
    "AUC/AUC_class2": 57.63223602419583,
    "AUC/AUC_class3": 69.13053163053162,
    "AUC/AUC_class4": 77.55089348646297,
    "AUC/AUC_class5": 68.7571466686995,
    "AUC/AUC_class6": 60.94409937888199,
    "AUC/AUC_class7": 48.314014752370916,
    "AUC/AUC_class8": 62.49826171603392,
    "AUC/AUC_class9": 79.21578912858173,
    "AUC/AUC_class10": 50.70418961098282,
    "AUC/AUC_class11": 68.28008834416896,
    "AUC/AUC_class12": 72.36441893830703,
    "AUC/AUC_class13": 73.83209896638724,
    "AUC/AUC_class14": 69.13736861181587,
    "AUC/AUC_class15": 48.6881502156813,
    "AUC/AUC_class16": 95.55652936021033,
    "AUC/AUC_class17": 52.51273117126776,
    "AUC/AUC_class18": 68.21521175453759,
    "AUC/AUC_class19": 61.90165361183637,
    "MAP_class1": 0.725321546861411,
    "MAP_class2": 0.21366041723832535,
    "MAP_class3": 0.4118695540960341,
    "MAP_class4": 0.48797975420960193,
    "MAP_class5": 0.3752211847638306,
    "MAP_class6": 0.1893185922661081,
    "MAP_class7": 0.18428372928803025,
    "MAP_class8": 0.19394517301420083,
    "MAP_class9": 0.3535236954465971,
    "MAP_class10": 0.13704418087074555,
    "MAP_class11": 0.20527678642660274,
    "MAP_class12": 0.25136371637969745,
    "MAP_class13": 0.11121664292294411,
    "MAP_class14": 0.17894384792128454,
    "MAP_class15": 0.028365545460855242,
    "MAP_class16": 0.6751218260990264,
    "MAP_class17": 0.018539182436678674,
    "MAP_class18": 0.09005699180328286,
    "MAP_class19": 0.022432301469311012,
    "Aggregate": 46.17076317612454
}