{
    "multi-label/mAP": 25.4476375579834,
    "multi-label/precision": 28.348703384399414,
    "multi-label/recall": 19.039785385131836,
    "multi-label/f1-score": 21.32219123840332,
    "multi-label/precision_micro": 40.289371490478516,
    "multi-label/recall_micro": 26.834693908691406,
    "multi-label/f1-score_micro": 32.21356964111328,
    "AUC/AUC_multilabe": 65.97717247233273,
    "AUC/AUC_class1": 84.90201578457498,
    "AUC/AUC_class2": 58.59390507631714,
    "AUC/AUC_class3": 65.16269016269017,
    "AUC/AUC_class4": 80.72328869356107,
    "AUC/AUC_class5": 67.07720307973777,
    "AUC/AUC_class6": 55.6807453416149,
    "AUC/AUC_class7": 52.44497683758475,
    "AUC/AUC_class8": 67.30218328466138,
    "AUC/AUC_class9": 76.26778571896926,
    "AUC/AUC_class10": 52.55411475118634,
    "AUC/AUC_class11": 65.55277319812113,
    "AUC/AUC_class12": 73.15566714490674,
    "AUC/AUC_class13": 66.77993000732482,
    "AUC/AUC_class14": 67.50634287785431,
    "AUC/AUC_class15": 51.966505962953555,
    "AUC/AUC_class16": 98.92638036809817,
    "AUC/AUC_class17": 67.18038059501474,
    "AUC/AUC_class18": 42.99913569576491,
    "AUC/AUC_class19": 58.79025239338554,
    "MAP_class1": 0.7396100274281545,
    "MAP_class2": 0.2158227464680934,
    "MAP_class3": 0.36988817742563496,
    "MAP_class4": 0.5580723716120665,
    "MAP_class5": 0.33259061719810323,
    "MAP_class6": 0.18302675045871172,
    "MAP_class7": 0.19798458422048817,
    "MAP_class8": 0.25398088179496997,
    "MAP_class9": 0.294890592161198,
    "MAP_class10": 0.16087770288311457,
    "MAP_class11": 0.17467606251077,
    "MAP_class12": 0.2594337873505009,
    "MAP_class13": 0.08489321700773751,
    "MAP_class14": 0.15789922852216337,
    "MAP_class15": 0.03268780310154664,
    "MAP_class16": 0.7542022327234799,
    "MAP_class17": 0.03319182459273421,
    "MAP_class18": 0.003607134630859425,
    "MAP_class19": 0.0262155647131326,
    "Aggregate": 45.70845809617546
}