{
    "multi-label/mAP": 22.400056838989258,
    "multi-label/precision": 22.64944076538086,
    "multi-label/recall": 15.530768394470215,
    "multi-label/f1-score": 16.07459831237793,
    "multi-label/precision_micro": 33.821044921875,
    "multi-label/recall_micro": 22.275758743286133,
    "multi-label/f1-score_micro": 26.860336303710938,
    "AUC/AUC_multilabe": 62.25871529455897,
    "AUC/AUC_class1": 77.44323035534418,
    "AUC/AUC_class2": 57.33501185762492,
    "AUC/AUC_class3": 71.49044649044647,
    "AUC/AUC_class4": 78.0082092955761,
    "AUC/AUC_class5": 54.79017380698278,
    "AUC/AUC_class6": 55.741614906832304,
    "AUC/AUC_class7": 49.37123486490248,
    "AUC/AUC_class8": 65.62578222778474,
    "AUC/AUC_class9": 70.61176316307127,
    "AUC/AUC_class10": 45.69302408201589,
    "AUC/AUC_class11": 52.23504526083305,
    "AUC/AUC_class12": 41.53945480631276,
    "AUC/AUC_class13": 68.01090583543584,
    "AUC/AUC_class14": 59.539486931658004,
    "AUC/AUC_class15": 54.696777467647806,
    "AUC/AUC_class16": 98.16827344434707,
    "AUC/AUC_class17": 55.07906727418923,
    "AUC/AUC_class18": 72.21261884183232,
    "AUC/AUC_class19": 55.323469683783,
    "MAP_class1": 0.6687009117305304,
    "MAP_class2": 0.21234570829693852,
    "MAP_class3": 0.4103884906104387,
    "MAP_class4": 0.5119614830819685,
    "MAP_class5": 0.2176681494576819,
    "MAP_class6": 0.1737029534303582,
    "MAP_class7": 0.18917581367417619,
    "MAP_class8": 0.24363012587033328,
    "MAP_class9": 0.2414088013237924,
    "MAP_class10": 0.13924866841812317,
    "MAP_class11": 0.13632970114004522,
    "MAP_class12": 0.09329716636676601,
    "MAP_class13": 0.12472689333354249,
    "MAP_class14": 0.10515000805085534,
    "MAP_class15": 0.039427419724116536,
    "MAP_class16": 0.6976830545390666,
    "MAP_class17": 0.026711094263266066,
    "MAP_class18": 0.010662252833093931,
    "MAP_class19": 0.013792395061594836,
    "Aggregate": 42.329386834665506
}