{
    "multi-label/mAP": 16.501279830932617,
    "multi-label/precision": 9.185585021972656,
    "multi-label/recall": 6.914763450622559,
    "multi-label/f1-score": 6.867969512939453,
    "multi-label/precision_micro": 24.9642333984375,
    "multi-label/recall_micro": 12.935506820678711,
    "multi-label/f1-score_micro": 17.041013717651367,
    "AUC/AUC_multilabe": 57.381928840661764,
    "AUC/AUC_class1": 66.28278359322208,
    "AUC/AUC_class2": 52.37883805723003,
    "AUC/AUC_class3": 57.77728277728278,
    "AUC/AUC_class4": 60.215597661594586,
    "AUC/AUC_class5": 54.81399603598109,
    "AUC/AUC_class6": 50.82608695652174,
    "AUC/AUC_class7": 43.73620693083086,
    "AUC/AUC_class8": 52.77569183701849,
    "AUC/AUC_class9": 61.923808274867234,
    "AUC/AUC_class10": 53.07940213667622,
    "AUC/AUC_class11": 47.28123930693378,
    "AUC/AUC_class12": 52.403156384505024,
    "AUC/AUC_class13": 42.81964678115081,
    "AUC/AUC_class14": 59.85663082437276,
    "AUC/AUC_class15": 49.880740928698295,
    "AUC/AUC_class16": 94.06660823838737,
    "AUC/AUC_class17": 50.79737335834898,
    "AUC/AUC_class18": 69.36041486603284,
    "AUC/AUC_class19": 69.98114302291847,
    "MAP_class1": 0.46054276580651854,
    "MAP_class2": 0.19456520787596704,
    "MAP_class3": 0.28377335668501324,
    "MAP_class4": 0.2679750421009143,
    "MAP_class5": 0.20958800774546807,
    "MAP_class6": 0.14289669770796573,
    "MAP_class7": 0.15829047643648841,
    "MAP_class8": 0.12427163847191565,
    "MAP_class9": 0.1856880491416839,
    "MAP_class10": 0.14265497514460918,
    "MAP_class11": 0.1200013082488271,
    "MAP_class12": 0.13308107813642614,
    "MAP_class13": 0.034102408498880105,
    "MAP_class14": 0.098305385292556,
    "MAP_class15": 0.03363222116392859,
    "MAP_class16": 0.504232973904329,
    "MAP_class17": 0.012986820960599756,
    "MAP_class18": 0.00985841548980663,
    "MAP_class19": 0.018796628704355278,
    "Aggregate": 36.941605098005226
}