{
    "multi-label/mAP": 16.545074462890625,
    "multi-label/precision": 15.595264434814453,
    "multi-label/recall": 18.213790893554688,
    "multi-label/f1-score": 15.730602264404297,
    "multi-label/precision_micro": 24.062917709350586,
    "multi-label/recall_micro": 26.649370193481445,
    "multi-label/f1-score_micro": 25.290185928344727,
    "AUC/AUC_multilabe": 57.252905552563846,
    "AUC/AUC_class1": 58.99453022401857,
    "AUC/AUC_class2": 55.68539161503986,
    "AUC/AUC_class3": 60.1017226017226,
    "AUC/AUC_class4": 74.82897300883121,
    "AUC/AUC_class5": 62.87305610611374,
    "AUC/AUC_class6": 59.581366459627326,
    "AUC/AUC_class7": 51.95339682287214,
    "AUC/AUC_class8": 52.837574746210535,
    "AUC/AUC_class9": 52.86407448691889,
    "AUC/AUC_class10": 53.311594386784066,
    "AUC/AUC_class11": 43.34930164556569,
    "AUC/AUC_class12": 54.45265423242468,
    "AUC/AUC_class13": 60.57011475543257,
    "AUC/AUC_class14": 57.88027062945511,
    "AUC/AUC_class15": 49.888353209845214,
    "AUC/AUC_class16": 79.14110429447852,
    "AUC/AUC_class17": 53.54462610560171,
    "AUC/AUC_class18": 41.681071737251514,
    "AUC/AUC_class19": 64.2660284305193,
    "MAP_class1": 0.45327181415073375,
    "MAP_class2": 0.19788644600206376,
    "MAP_class3": 0.3241554856898899,
    "MAP_class4": 0.46669470647641964,
    "MAP_class5": 0.29496164224882426,
    "MAP_class6": 0.17451959849457677,
    "MAP_class7": 0.19007157800241384,
    "MAP_class8": 0.13301370274576851,
    "MAP_class9": 0.13922103387863496,
    "MAP_class10": 0.15418244749665222,
    "MAP_class11": 0.1030670609043374,
    "MAP_class12": 0.13598339971753798,
    "MAP_class13": 0.06555199684054405,
    "MAP_class14": 0.10393473133342654,
    "MAP_class15": 0.035907501217576354,
    "MAP_class16": 0.1350614028925182,
    "MAP_class17": 0.012997963669665314,
    "MAP_class18": 0.00565913371099698,
    "MAP_class19": 0.017503980996620885,
    "Aggregate": 36.899204424885085
}