{
    "multi-label/mAP": 16.99091911315918,
    "multi-label/precision": 15.924976348876953,
    "multi-label/recall": 6.2763519287109375,
    "multi-label/f1-score": 7.1296000480651855,
    "multi-label/precision_micro": 33.365020751953125,
    "multi-label/recall_micro": 13.009635925292969,
    "multi-label/f1-score_micro": 18.719999313354492,
    "AUC/AUC_multilabe": 58.094072175592025,
    "AUC/AUC_class1": 71.63557776899441,
    "AUC/AUC_class2": 49.67561299219591,
    "AUC/AUC_class3": 56.46718146718146,
    "AUC/AUC_class4": 65.95505617977528,
    "AUC/AUC_class5": 53.73723128525689,
    "AUC/AUC_class6": 58.98385093167702,
    "AUC/AUC_class7": 49.66300176948924,
    "AUC/AUC_class8": 56.26129884577945,
    "AUC/AUC_class9": 55.61340239984263,
    "AUC/AUC_class10": 49.588905524399216,
    "AUC/AUC_class11": 70.33393473730052,
    "AUC/AUC_class12": 55.58895265423243,
    "AUC/AUC_class13": 62.59461219174738,
    "AUC/AUC_class14": 58.5185856389191,
    "AUC/AUC_class15": 62.154275564577524,
    "AUC/AUC_class16": 66.72217353198948,
    "AUC/AUC_class17": 55.23318145269365,
    "AUC/AUC_class18": 49.22212618841832,
    "AUC/AUC_class19": 55.83841021177835,
    "MAP_class1": 0.6115694001569469,
    "MAP_class2": 0.16749727992743668,
    "MAP_class3": 0.27388496178565414,
    "MAP_class4": 0.3852054531456506,
    "MAP_class5": 0.2241020970909442,
    "MAP_class6": 0.19224386266535273,
    "MAP_class7": 0.17816295567011103,
    "MAP_class8": 0.13673110973196326,
    "MAP_class9": 0.14227063751863098,
    "MAP_class10": 0.13868175041089228,
    "MAP_class11": 0.2613618983132453,
    "MAP_class12": 0.1624684916922703,
    "MAP_class13": 0.05340670240779144,
    "MAP_class14": 0.10621397644850739,
    "MAP_class15": 0.05642405870590303,
    "MAP_class16": 0.029632394466845426,
    "MAP_class17": 0.08945149015161277,
    "MAP_class18": 0.004301466128942719,
    "MAP_class19": 0.014664594128004256,
    "Aggregate": 37.542495510287345
}