{
    "multi-label/mAP": 24.665597915649414,
    "multi-label/precision": 26.93386459350586,
    "multi-label/recall": 18.113534927368164,
    "multi-label/f1-score": 21.159860610961914,
    "multi-label/precision_micro": 41.67121505737305,
    "multi-label/recall_micro": 28.28020668029785,
    "multi-label/f1-score_micro": 33.6939697265625,
    "AUC/AUC_multilabe": 66.11820963908251,
    "AUC/AUC_class1": 86.72766508140914,
    "AUC/AUC_class2": 56.66743279808607,
    "AUC/AUC_class3": 67.98976173976173,
    "AUC/AUC_class4": 83.54409386790498,
    "AUC/AUC_class5": 64.79836865375819,
    "AUC/AUC_class6": 51.29378881987577,
    "AUC/AUC_class7": 52.77899278286975,
    "AUC/AUC_class8": 66.93366708385481,
    "AUC/AUC_class9": 81.43531571700215,
    "AUC/AUC_class10": 58.15083614586241,
    "AUC/AUC_class11": 66.32345164401033,
    "AUC/AUC_class12": 70.33142037302726,
    "AUC/AUC_class13": 74.10067551070236,
    "AUC/AUC_class14": 62.36458459184085,
    "AUC/AUC_class15": 57.91930981984268,
    "AUC/AUC_class16": 91.68711656441717,
    "AUC/AUC_class17": 56.82122755293487,
    "AUC/AUC_class18": 54.75367329299914,
    "AUC/AUC_class19": 51.624601102407894,
    "MAP_class1": 0.7889529925436144,
    "MAP_class2": 0.19865372067678289,
    "MAP_class3": 0.4052017662402533,
    "MAP_class4": 0.5952816669878899,
    "MAP_class5": 0.33356259265569366,
    "MAP_class6": 0.14646838570788662,
    "MAP_class7": 0.20946393232123994,
    "MAP_class8": 0.20483492682270832,
    "MAP_class9": 0.38465282740026996,
    "MAP_class10": 0.177294540526236,
    "MAP_class11": 0.18032381507571407,
    "MAP_class12": 0.2147638510078843,
    "MAP_class13": 0.13669876348369164,
    "MAP_class14": 0.13215944584245953,
    "MAP_class15": 0.038450443182220184,
    "MAP_class16": 0.49856701645288976,
    "MAP_class17": 0.021549265977792317,
    "MAP_class18": 0.004674224379007667,
    "MAP_class19": 0.012509928674435771,
    "Aggregate": 45.38558930890617
}