{
    "multi-label/mAP": 18.670848846435547,
    "multi-label/precision": 14.415351867675781,
    "multi-label/recall": 11.672945022583008,
    "multi-label/f1-score": 11.063079833984375,
    "multi-label/precision_micro": 33.73893737792969,
    "multi-label/recall_micro": 22.609338760375977,
    "multi-label/f1-score_micro": 27.075010299682617,
    "AUC/AUC_multilabe": 59.81577234177194,
    "AUC/AUC_class1": 75.83162270020783,
    "AUC/AUC_class2": 53.7599640614716,
    "AUC/AUC_class3": 65.51084051084051,
    "AUC/AUC_class4": 66.49446494464945,
    "AUC/AUC_class5": 59.9033770391828,
    "AUC/AUC_class6": 52.934161490683216,
    "AUC/AUC_class7": 47.975028331709645,
    "AUC/AUC_class8": 64.8505075789181,
    "AUC/AUC_class9": 71.08714182676545,
    "AUC/AUC_class10": 52.47100768898927,
    "AUC/AUC_class11": 48.70749992223224,
    "AUC/AUC_class12": 57.411047345767585,
    "AUC/AUC_class13": 57.09286237486775,
    "AUC/AUC_class14": 49.92448954935364,
    "AUC/AUC_class15": 48.48769347881248,
    "AUC/AUC_class16": 81.78790534618756,
    "AUC/AUC_class17": 63.742964352720456,
    "AUC/AUC_class18": 58.83751080380294,
    "AUC/AUC_class19": 59.68958514650421,
    "MAP_class1": 0.6445744369335801,
    "MAP_class2": 0.1873355372898734,
    "MAP_class3": 0.3764662444133431,
    "MAP_class4": 0.3368850482679736,
    "MAP_class5": 0.2583282468058997,
    "MAP_class6": 0.16320788366144656,
    "MAP_class7": 0.16603257117807585,
    "MAP_class8": 0.18588084117769638,
    "MAP_class9": 0.2457590002904268,
    "MAP_class10": 0.15129647415193742,
    "MAP_class11": 0.11728125343285256,
    "MAP_class12": 0.15222994411487772,
    "MAP_class13": 0.0468772512445037,
    "MAP_class14": 0.08023292882269129,
    "MAP_class15": 0.030896216559430204,
    "MAP_class16": 0.3303052489495095,
    "MAP_class17": 0.05117211493121222,
    "MAP_class18": 0.006575466891534418,
    "MAP_class19": 0.01612450724643285,
    "Aggregate": 39.24331042447359
}