{
    "multi-label/mAP": 19.181812286376953,
    "multi-label/precision": 21.32225227355957,
    "multi-label/recall": 10.221451759338379,
    "multi-label/f1-score": 10.857498168945312,
    "multi-label/precision_micro": 26.928895950317383,
    "multi-label/recall_micro": 13.194958686828613,
    "multi-label/f1-score_micro": 17.711442947387695,
    "AUC/AUC_multilabe": 59.584263346924565,
    "AUC/AUC_class1": 72.74770180158356,
    "AUC/AUC_class2": 54.021145227175374,
    "AUC/AUC_class3": 66.484753984754,
    "AUC/AUC_class4": 65.2373647331979,
    "AUC/AUC_class5": 51.19492300655588,
    "AUC/AUC_class6": 53.74347826086957,
    "AUC/AUC_class7": 49.8648030697656,
    "AUC/AUC_class8": 64.99721874565428,
    "AUC/AUC_class9": 69.2964395777326,
    "AUC/AUC_class10": 51.17935899713248,
    "AUC/AUC_class11": 52.32914424363082,
    "AUC/AUC_class12": 40.144906743185075,
    "AUC/AUC_class13": 70.46471880849678,
    "AUC/AUC_class14": 66.79352422375257,
    "AUC/AUC_class15": 45.17127632580563,
    "AUC/AUC_class16": 95.61349693251533,
    "AUC/AUC_class17": 45.81211471455374,
    "AUC/AUC_class18": 58.751080380293864,
    "AUC/AUC_class19": 58.253553814911506,
    "MAP_class1": 0.5815883611961822,
    "MAP_class2": 0.19536849008627286,
    "MAP_class3": 0.3647707267984973,
    "MAP_class4": 0.37037462615231476,
    "MAP_class5": 0.19569399870361742,
    "MAP_class6": 0.15070153371695433,
    "MAP_class7": 0.18051977328900526,
    "MAP_class8": 0.22880968434268764,
    "MAP_class9": 0.2280246596046417,
    "MAP_class10": 0.14687152953248817,
    "MAP_class11": 0.12848216879609686,
    "MAP_class12": 0.09206990670812776,
    "MAP_class13": 0.08865508651457964,
    "MAP_class14": 0.1400388741569528,
    "MAP_class15": 0.026760048607828508,
    "MAP_class16": 0.4762506463999941,
    "MAP_class17": 0.027939990401325825,
    "MAP_class18": 0.005334882027236657,
    "MAP_class19": 0.016288780737863252,
    "Aggregate": 39.38303632549562
}