{
    "multi-label/mAP": 20.41172218322754,
    "multi-label/precision": 21.6220703125,
    "multi-label/recall": 18.61129379272461,
    "multi-label/f1-score": 18.387903213500977,
    "multi-label/precision_micro": 23.16202735900879,
    "multi-label/recall_micro": 24.054855346679688,
    "multi-label/f1-score_micro": 23.60000228881836,
    "AUC/AUC_multilabe": 60.138586185856234,
    "AUC/AUC_class1": 67.47459550432866,
    "AUC/AUC_class2": 54.28755001619323,
    "AUC/AUC_class3": 65.68079068079068,
    "AUC/AUC_class4": 74.21410506239894,
    "AUC/AUC_class5": 51.85718097270926,
    "AUC/AUC_class6": 53.681366459627334,
    "AUC/AUC_class7": 50.24852376881326,
    "AUC/AUC_class8": 60.18773466833542,
    "AUC/AUC_class9": 68.41321880532425,
    "AUC/AUC_class10": 49.756388458903245,
    "AUC/AUC_class11": 55.541730176999415,
    "AUC/AUC_class12": 41.2403156384505,
    "AUC/AUC_class13": 60.87328070318223,
    "AUC/AUC_class14": 54.515524948652896,
    "AUC/AUC_class15": 35.775183963461046,
    "AUC/AUC_class16": 95.17090271691498,
    "AUC/AUC_class17": 55.50790672741892,
    "AUC/AUC_class18": 72.12618841832325,
    "AUC/AUC_class19": 76.08064984044096,
    "MAP_class1": 0.5625285658737721,
    "MAP_class2": 0.1986737711344846,
    "MAP_class3": 0.3472202482214931,
    "MAP_class4": 0.49650750884215644,
    "MAP_class5": 0.24143599246366476,
    "MAP_class6": 0.14928614728145134,
    "MAP_class7": 0.21253975578072823,
    "MAP_class8": 0.16120423811290222,
    "MAP_class9": 0.2653194411679296,
    "MAP_class10": 0.1360882587146266,
    "MAP_class11": 0.12413500993802867,
    "MAP_class12": 0.09185181011463402,
    "MAP_class13": 0.06190888074810197,
    "MAP_class14": 0.09924204959850352,
    "MAP_class15": 0.024852027248427954,
    "MAP_class16": 0.6459119174083431,
    "MAP_class17": 0.014201079641415497,
    "MAP_class18": 0.009675503457338315,
    "MAP_class19": 0.03564503935347577,
    "Aggregate": 40.275154264247796
}