{
    "multi-label/mAP": 19.416736602783203,
    "multi-label/precision": 21.072444915771484,
    "multi-label/recall": 18.094907760620117,
    "multi-label/f1-score": 16.62562370300293,
    "multi-label/precision_micro": 32.12919616699219,
    "multi-label/recall_micro": 28.0207576751709,
    "multi-label/f1-score_micro": 29.93466567993164,
    "AUC/AUC_multilabe": 58.827420924401835,
    "AUC/AUC_class1": 73.35747344799888,
    "AUC/AUC_class2": 56.637658145195836,
    "AUC/AUC_class3": 68.44289344289342,
    "AUC/AUC_class4": 71.90969774866288,
    "AUC/AUC_class5": 56.748837475224875,
    "AUC/AUC_class6": 55.90869565217391,
    "AUC/AUC_class7": 50.72718054754757,
    "AUC/AUC_class8": 65.30732860520094,
    "AUC/AUC_class9": 72.70342928332569,
    "AUC/AUC_class10": 48.56814779100161,
    "AUC/AUC_class11": 55.42585622297571,
    "AUC/AUC_class12": 48.59397417503587,
    "AUC/AUC_class13": 58.531374623585904,
    "AUC/AUC_class14": 53.832910474809715,
    "AUC/AUC_class15": 44.04719614311089,
    "AUC/AUC_class16": 88.76862401402279,
    "AUC/AUC_class17": 48.49236129723935,
    "AUC/AUC_class18": 52.05272255834053,
    "AUC/AUC_class19": 47.664635915288656,
    "MAP_class1": 0.603186369106937,
    "MAP_class2": 0.1948478850317639,
    "MAP_class3": 0.3839215121127813,
    "MAP_class4": 0.4339693465707748,
    "MAP_class5": 0.22681930699820602,
    "MAP_class6": 0.16314666665649685,
    "MAP_class7": 0.1974673385338233,
    "MAP_class8": 0.20646496862129543,
    "MAP_class9": 0.24075326460340113,
    "MAP_class10": 0.13446874665858874,
    "MAP_class11": 0.142908865387731,
    "MAP_class12": 0.11317109494178351,
    "MAP_class13": 0.05057518556872407,
    "MAP_class14": 0.09083669032670777,
    "MAP_class15": 0.028186781878387177,
    "MAP_class16": 0.4445707419584134,
    "MAP_class17": 0.018729642793674218,
    "MAP_class18": 0.004723911454397159,
    "MAP_class19": 0.011443616091293553,
    "Aggregate": 39.12474187087244
}