{
    "multi-label/mAP": 20.51875114440918,
    "multi-label/precision": 21.21685791015625,
    "multi-label/recall": 15.81994915008545,
    "multi-label/f1-score": 16.60850715637207,
    "multi-label/precision_micro": 33.03521728515625,
    "multi-label/recall_micro": 21.905115127563477,
    "multi-label/f1-score_micro": 26.342769622802734,
    "AUC/AUC_multilabe": 59.75578870772504,
    "AUC/AUC_class1": 71.35220767298645,
    "AUC/AUC_class2": 55.360482244904354,
    "AUC/AUC_class3": 64.00315150315149,
    "AUC/AUC_class4": 76.63501803557361,
    "AUC/AUC_class5": 50.89142780911724,
    "AUC/AUC_class6": 56.40807453416149,
    "AUC/AUC_class7": 50.925502515060536,
    "AUC/AUC_class8": 67.98428591294675,
    "AUC/AUC_class9": 73.1237295915022,
    "AUC/AUC_class10": 44.382977643565866,
    "AUC/AUC_class11": 57.09475223193454,
    "AUC/AUC_class12": 38.25824964131994,
    "AUC/AUC_class13": 70.07406201676568,
    "AUC/AUC_class14": 49.61237968668197,
    "AUC/AUC_class15": 52.94087794975895,
    "AUC/AUC_class16": 95.1270815074496,
    "AUC/AUC_class17": 50.29482712409542,
    "AUC/AUC_class18": 62.87813310285221,
    "AUC/AUC_class19": 48.01276472294749,
    "MAP_class1": 0.5766006232758095,
    "MAP_class2": 0.2175533289727572,
    "MAP_class3": 0.33702796678635627,
    "MAP_class4": 0.49378032893982193,
    "MAP_class5": 0.20338167995800494,
    "MAP_class6": 0.16261104719641298,
    "MAP_class7": 0.18843656657996638,
    "MAP_class8": 0.22773651867000086,
    "MAP_class9": 0.2548203936136019,
    "MAP_class10": 0.11890043484411818,
    "MAP_class11": 0.14717505389135263,
    "MAP_class12": 0.09410997900577289,
    "MAP_class13": 0.09794577980811116,
    "MAP_class14": 0.0878460781968555,
    "MAP_class15": 0.04123412831490955,
    "MAP_class16": 0.6024926667334009,
    "MAP_class17": 0.02268076796009829,
    "MAP_class18": 0.006207187981851721,
    "MAP_class19": 0.018022509742505334,
    "Aggregate": 40.13727077615649
}