{
    "multi-label/mAP": 24.736129760742188,
    "multi-label/precision": 20.90355110168457,
    "multi-label/recall": 40.232032775878906,
    "multi-label/f1-score": 26.512107849121094,
    "multi-label/precision_micro": 28.121826171875,
    "multi-label/recall_micro": 56.87885284423828,
    "multi-label/f1-score_micro": 37.635868072509766,
    "AUC/AUC_multilabe": 64.137240338635,
    "AUC/AUC_class1": 67.897363324892,
    "AUC/AUC_class2": 69.34339498831153,
    "AUC/AUC_class3": 59.65410152066825,
    "AUC/AUC_class4": 59.65410152066825,
    "MAP_class1": 0.4333141143755318,
    "MAP_class2": 0.4256248360590518,
    "MAP_class3": 0.1305153237826406,
    "MAP_class4": -0.0,
    "Aggregate": 44.436798597032805
}