{
    "multi-label/mAP": 24.889087677001953,
    "multi-label/precision": 27.883737564086914,
    "multi-label/recall": 20.776762008666992,
    "multi-label/f1-score": 22.448463439941406,
    "multi-label/precision_micro": 42.61282730102539,
    "multi-label/recall_micro": 33.246849060058594,
    "multi-label/f1-score_micro": 37.35165023803711,
    "AUC/AUC_multilabe": 67.10727127476608,
    "AUC/AUC_class1": 89.53793780520456,
    "AUC/AUC_class2": 56.892048600591316,
    "AUC/AUC_class3": 70.74175824175825,
    "AUC/AUC_class4": 82.98229611509599,
    "AUC/AUC_class5": 60.85721908827565,
    "AUC/AUC_class6": 58.97826086956521,
    "AUC/AUC_class7": 55.43521482394576,
    "AUC/AUC_class8": 66.11458767904325,
    "AUC/AUC_class9": 75.78322732935547,
    "AUC/AUC_class10": 56.93024082015885,
    "AUC/AUC_class11": 67.25666469655023,
    "AUC/AUC_class12": 72.1599713055954,
    "AUC/AUC_class13": 74.45470822820867,
    "AUC/AUC_class14": 62.77435463734847,
    "AUC/AUC_class15": 49.855366658208574,
    "AUC/AUC_class16": 89.80280455740579,
    "AUC/AUC_class17": 46.86411149825784,
    "AUC/AUC_class18": 74.28694900605012,
    "AUC/AUC_class19": 63.330432259936174,
    "MAP_class1": 0.8217958374344352,
    "MAP_class2": 0.20804303082864622,
    "MAP_class3": 0.4266302382687689,
    "MAP_class4": 0.5635682048787838,
    "MAP_class5": 0.2746952922211445,
    "MAP_class6": 0.20116831730002682,
    "MAP_class7": 0.22853849954293134,
    "MAP_class8": 0.21977895107069875,
    "MAP_class9": 0.31820905463284843,
    "MAP_class10": 0.17653852301663112,
    "MAP_class11": 0.21562128814051995,
    "MAP_class12": 0.24357783408201195,
    "MAP_class13": 0.12483382046214153,
    "MAP_class14": 0.12170365712785,
    "MAP_class15": 0.03567512523608744,
    "MAP_class16": 0.5052040446026478,
    "MAP_class17": 0.012295894745163183,
    "MAP_class18": 0.013720424467193052,
    "MAP_class19": 0.017330044788544965,
    "Aggregate": 45.99818322382271
}