{
    "multi-label/mAP": 20.248838424682617,
    "multi-label/precision": 18.825477600097656,
    "multi-label/recall": 17.729412078857422,
    "multi-label/f1-score": 15.541510581970215,
    "multi-label/precision_micro": 26.344310760498047,
    "multi-label/recall_micro": 23.424758911132812,
    "multi-label/f1-score_micro": 24.79890251159668,
    "AUC/AUC_multilabe": 58.19778682580252,
    "AUC/AUC_class1": 68.10126098098968,
    "AUC/AUC_class2": 58.42152550695264,
    "AUC/AUC_class3": 64.22383922383924,
    "AUC/AUC_class4": 73.63903976118412,
    "AUC/AUC_class5": 47.95128830614423,
    "AUC/AUC_class6": 55.371428571428574,
    "AUC/AUC_class7": 54.464480982961206,
    "AUC/AUC_class8": 69.42497566402447,
    "AUC/AUC_class9": 71.18025047537866,
    "AUC/AUC_class10": 49.40873448879641,
    "AUC/AUC_class11": 55.2547671633434,
    "AUC/AUC_class12": 42.34146341463415,
    "AUC/AUC_class13": 46.60820379262635,
    "AUC/AUC_class14": 65.41218637992831,
    "AUC/AUC_class15": 48.325298147678254,
    "AUC/AUC_class16": 94.75021910604733,
    "AUC/AUC_class17": 52.03698740284106,
    "AUC/AUC_class18": 23.40103716508211,
    "AUC/AUC_class19": 65.44096315636786,
    "MAP_class1": 0.5372244456651666,
    "MAP_class2": 0.21745217383146398,
    "MAP_class3": 0.3425181512004779,
    "MAP_class4": 0.44792679878709174,
    "MAP_class5": 0.1878069795859444,
    "MAP_class6": 0.15740322573183224,
    "MAP_class7": 0.24133809462309552,
    "MAP_class8": 0.22164518957787194,
    "MAP_class9": 0.233101357885496,
    "MAP_class10": 0.13343360251344444,
    "MAP_class11": 0.1493777923494842,
    "MAP_class12": 0.10348830262467244,
    "MAP_class13": 0.0378885560145223,
    "MAP_class14": 0.11958469843886028,
    "MAP_class15": 0.03361921902482684,
    "MAP_class16": 0.6117988700711879,
    "MAP_class17": 0.04972934224030731,
    "MAP_class18": 0.0026868903400008885,
    "MAP_class19": 0.01925568668557897,
    "Aggregate": 39.22331282656264
}