{
    "multi-label/mAP": 21.192447662353516,
    "multi-label/precision": 17.616857528686523,
    "multi-label/recall": 58.60926055908203,
    "multi-label/f1-score": 24.81248664855957,
    "multi-label/precision_micro": 20.320255279541016,
    "multi-label/recall_micro": 80.42994689941406,
    "multi-label/f1-score_micro": 32.443748474121094,
    "AUC/AUC_multilabe": 63.247081550156175,
    "AUC/AUC_class1": 79.64261580242507,
    "AUC/AUC_class2": 62.32879574588117,
    "AUC/AUC_class3": 64.8920898920899,
    "AUC/AUC_class4": 80.35697997429413,
    "AUC/AUC_class5": 60.265474919957306,
    "AUC/AUC_class6": 58.05093167701864,
    "AUC/AUC_class7": 58.25695369505139,
    "AUC/AUC_class8": 64.07731887081073,
    "AUC/AUC_class9": 71.49629532489674,
    "AUC/AUC_class10": 45.23054279696501,
    "AUC/AUC_class11": 66.81027778641864,
    "AUC/AUC_class12": 63.7596843615495,
    "AUC/AUC_class13": 70.93472776104826,
    "AUC/AUC_class14": 56.17474125085579,
    "AUC/AUC_class15": 57.282415630550624,
    "AUC/AUC_class16": 95.1270815074496,
    "AUC/AUC_class17": 61.297239346019836,
    "AUC/AUC_class18": 54.4295592048401,
    "AUC/AUC_class19": 31.28082390484479,
    "MAP_class1": 0.6733072176847357,
    "MAP_class2": 0.25520428939352535,
    "MAP_class3": 0.3233666084735541,
    "MAP_class4": 0.5578699389581804,
    "MAP_class5": 0.25839061699334803,
    "MAP_class6": 0.16858356064176452,
    "MAP_class7": 0.23132811251193594,
    "MAP_class8": 0.1866713836754328,
    "MAP_class9": 0.2724421852824977,
    "MAP_class10": 0.12108740386262447,
    "MAP_class11": 0.2157816621759583,
    "MAP_class12": 0.18114866193166387,
    "MAP_class13": 0.08282369154608275,
    "MAP_class14": 0.10491174315713876,
    "MAP_class15": 0.03876967557387176,
    "MAP_class16": 0.32364831606405564,
    "MAP_class17": 0.019059796184245983,
    "MAP_class18": 0.004621569700561959,
    "MAP_class19": 0.007548720745867322,
    "Aggregate": 42.21976486601768
}