{
    "multi-label/mAP": 19.993444442749023,
    "multi-label/precision": 22.204036712646484,
    "multi-label/recall": 12.936288833618164,
    "multi-label/f1-score": 13.15820598602295,
    "multi-label/precision_micro": 26.151630401611328,
    "multi-label/recall_micro": 20.20014762878418,
    "multi-label/f1-score_micro": 22.79380989074707,
    "AUC/AUC_multilabe": 57.68214520833621,
    "AUC/AUC_class1": 69.79606278129822,
    "AUC/AUC_class2": 55.34376665029932,
    "AUC/AUC_class3": 61.09007359007359,
    "AUC/AUC_class4": 74.01799411252541,
    "AUC/AUC_class5": 51.80096051227321,
    "AUC/AUC_class6": 52.278260869565216,
    "AUC/AUC_class7": 53.35159154621548,
    "AUC/AUC_class8": 65.95049367264639,
    "AUC/AUC_class9": 71.87659825585209,
    "AUC/AUC_class10": 48.573857436496056,
    "AUC/AUC_class11": 50.580147447662306,
    "AUC/AUC_class12": 41.63701578192253,
    "AUC/AUC_class13": 54.7468869536909,
    "AUC/AUC_class14": 60.843300712818646,
    "AUC/AUC_class15": 41.54275564577519,
    "AUC/AUC_class16": 94.00525854513585,
    "AUC/AUC_class17": 51.7689627445725,
    "AUC/AUC_class18": 37.68366464995678,
    "AUC/AUC_class19": 59.07310704960835,
    "MAP_class1": 0.5435828455150356,
    "MAP_class2": 0.19071487035521126,
    "MAP_class3": 0.33317719419420777,
    "MAP_class4": 0.4451964446577672,
    "MAP_class5": 0.20128462846735004,
    "MAP_class6": 0.15079077789624307,
    "MAP_class7": 0.2190116366249532,
    "MAP_class8": 0.22201581099881562,
    "MAP_class9": 0.26468614769009824,
    "MAP_class10": 0.133709678413315,
    "MAP_class11": 0.1270086525035216,
    "MAP_class12": 0.0971956254851648,
    "MAP_class13": 0.041567727852814734,
    "MAP_class14": 0.15116251192929497,
    "MAP_class15": 0.024210654194948663,
    "MAP_class16": 0.6193842257656025,
    "MAP_class17": 0.015533702017687192,
    "MAP_class18": 0.0034628854015100246,
    "MAP_class19": 0.015058618715363278,
    "Aggregate": 38.83779533753364
}