{
    "multi-label/mAP": 26.50988006591797,
    "multi-label/precision": 28.736434936523438,
    "multi-label/recall": 19.867027282714844,
    "multi-label/f1-score": 22.268705368041992,
    "multi-label/precision_micro": 42.85714340209961,
    "multi-label/recall_micro": 28.910303115844727,
    "multi-label/f1-score_micro": 34.5285530090332,
    "AUC/AUC_multilabe": 69.50881860049962,
    "AUC/AUC_class1": 80.60779538702809,
    "AUC/AUC_class2": 60.163603882196846,
    "AUC/AUC_class3": 73.010923010923,
    "AUC/AUC_class4": 80.87275591857042,
    "AUC/AUC_class5": 63.045052599481636,
    "AUC/AUC_class6": 63.924844720496885,
    "AUC/AUC_class7": 55.83086466389646,
    "AUC/AUC_class8": 73.53984146850229,
    "AUC/AUC_class9": 76.47039538390925,
    "AUC/AUC_class10": 57.63760245641637,
    "AUC/AUC_class11": 76.02731203533767,
    "AUC/AUC_class12": 65.44619799139168,
    "AUC/AUC_class13": 72.40986408399121,
    "AUC/AUC_class14": 65.04671579879988,
    "AUC/AUC_class15": 53.13879725957879,
    "AUC/AUC_class16": 98.85626643295356,
    "AUC/AUC_class17": 61.069418386491556,
    "AUC/AUC_class18": 70.48401037165083,
    "AUC/AUC_class19": 73.08529155787642,
    "MAP_class1": 0.6855698683297086,
    "MAP_class2": 0.22484709176145432,
    "MAP_class3": 0.4120557424382807,
    "MAP_class4": 0.5651662038210448,
    "MAP_class5": 0.2928089349150415,
    "MAP_class6": 0.23128403447998852,
    "MAP_class7": 0.21441808613051497,
    "MAP_class8": 0.2776560560559202,
    "MAP_class9": 0.3232074258001652,
    "MAP_class10": 0.1709066485298963,
    "MAP_class11": 0.3481784385129834,
    "MAP_class12": 0.21565378305128663,
    "MAP_class13": 0.23865709117270345,
    "MAP_class14": 0.11570985792836128,
    "MAP_class15": 0.03407716849099334,
    "MAP_class16": 0.6155988230047063,
    "MAP_class17": 0.03771799362445028,
    "MAP_class18": 0.011739820712086017,
    "MAP_class19": 0.021624194848859607,
    "Aggregate": 48.00934946764046
}