{
    "multi-label/mAP": 24.420976638793945,
    "multi-label/precision": 25.994298934936523,
    "multi-label/recall": 23.602863311767578,
    "multi-label/f1-score": 22.445886611938477,
    "multi-label/precision_micro": 39.20686721801758,
    "multi-label/recall_micro": 35.54484939575195,
    "multi-label/f1-score_micro": 37.28615951538086,
    "AUC/AUC_multilabe": 67.96191387073127,
    "AUC/AUC_class1": 86.9488786321735,
    "AUC/AUC_class2": 58.340036983253064,
    "AUC/AUC_class3": 67.4095799095799,
    "AUC/AUC_class4": 82.62676727890874,
    "AUC/AUC_class5": 63.24706510138741,
    "AUC/AUC_class6": 60.25714285714285,
    "AUC/AUC_class7": 56.816012883472176,
    "AUC/AUC_class8": 68.11430955360868,
    "AUC/AUC_class9": 75.26260573077175,
    "AUC/AUC_class10": 54.001192681503284,
    "AUC/AUC_class11": 67.14390145270166,
    "AUC/AUC_class12": 71.85939741750357,
    "AUC/AUC_class13": 73.43533816228535,
    "AUC/AUC_class14": 61.036607466473356,
    "AUC/AUC_class15": 58.439482364882004,
    "AUC/AUC_class16": 92.41893076248905,
    "AUC/AUC_class17": 55.23318145269366,
    "AUC/AUC_class18": 73.94122731201382,
    "AUC/AUC_class19": 64.74470554105018,
    "MAP_class1": 0.7813307343338456,
    "MAP_class2": 0.22377547389180474,
    "MAP_class3": 0.36053990685197196,
    "MAP_class4": 0.5661169195754563,
    "MAP_class5": 0.30342596335779093,
    "MAP_class6": 0.20151598850032693,
    "MAP_class7": 0.23952464595434153,
    "MAP_class8": 0.2540406967150145,
    "MAP_class9": 0.30964737694613986,
    "MAP_class10": 0.16580814624894574,
    "MAP_class11": 0.20005156866176702,
    "MAP_class12": 0.2843035781026069,
    "MAP_class13": 0.11131105325179727,
    "MAP_class14": 0.12996421026468577,
    "MAP_class15": 0.037718303458595226,
    "MAP_class16": 0.4075693210905854,
    "MAP_class17": 0.018778885777953353,
    "MAP_class18": 0.015804298197983766,
    "MAP_class19": 0.02375201108601552,
    "Aggregate": 46.178270309754126
}