{
    "multi-label/mAP": 19.257205963134766,
    "multi-label/precision": 19.841434478759766,
    "multi-label/recall": 10.117863655090332,
    "multi-label/f1-score": 10.553351402282715,
    "multi-label/precision_micro": 36.71662139892578,
    "multi-label/recall_micro": 19.97776222229004,
    "multi-label/f1-score_micro": 25.876142501831055,
    "AUC/AUC_multilabe": 62.03418022616157,
    "AUC/AUC_class1": 68.6750137063151,
    "AUC/AUC_class2": 60.83692892738119,
    "AUC/AUC_class3": 60.07326007326007,
    "AUC/AUC_class4": 79.21680003316888,
    "AUC/AUC_class5": 61.704337551456014,
    "AUC/AUC_class6": 55.60062111801243,
    "AUC/AUC_class7": 56.036145296936205,
    "AUC/AUC_class8": 59.92838270059797,
    "AUC/AUC_class9": 53.0876663825323,
    "AUC/AUC_class10": 55.693785368081805,
    "AUC/AUC_class11": 69.04143465953277,
    "AUC/AUC_class12": 62.63845050215209,
    "AUC/AUC_class13": 48.960283226174006,
    "AUC/AUC_class14": 58.39172808183319,
    "AUC/AUC_class15": 58.86069525501142,
    "AUC/AUC_class16": 83.76424189307625,
    "AUC/AUC_class17": 71.18734923612973,
    "AUC/AUC_class18": 54.559204840103725,
    "AUC/AUC_class19": 60.39309544531477,
    "MAP_class1": 0.5540591656517233,
    "MAP_class2": 0.21881322833461925,
    "MAP_class3": 0.3222261054042005,
    "MAP_class4": 0.5122841185529469,
    "MAP_class5": 0.24858688368269707,
    "MAP_class6": 0.15950320619866604,
    "MAP_class7": 0.21226712616720914,
    "MAP_class8": 0.15643434632056652,
    "MAP_class9": 0.14506102716727864,
    "MAP_class10": 0.1576129269049132,
    "MAP_class11": 0.21147196284279735,
    "MAP_class12": 0.17993250157189714,
    "MAP_class13": 0.04047183129187275,
    "MAP_class14": 0.10050923813864304,
    "MAP_class15": 0.03804372952790239,
    "MAP_class16": 0.3550567130218941,
    "MAP_class17": 0.02195151777553655,
    "MAP_class18": 0.004639273092128755,
    "MAP_class19": 0.019944023050187054,
    "Aggregate": 40.64569254649573
}