{
    "multi-label/mAP": 15.830257415771484,
    "multi-label/precision": 16.436845779418945,
    "multi-label/recall": 41.87580871582031,
    "multi-label/f1-score": 23.374229431152344,
    "multi-label/precision_micro": 22.990232467651367,
    "multi-label/recall_micro": 62.83367156982422,
    "multi-label/f1-score_micro": 33.66336441040039,
    "AUC/AUC_multilabe": 54.46394940513939,
    "AUC/AUC_class1": 62.676895575748546,
    "AUC/AUC_class2": 39.88297857797099,
    "AUC/AUC_class3": 57.64796173341901,
    "AUC/AUC_class4": 57.64796173341901,
    "MAP_class1": 0.32380613428658644,
    "MAP_class2": 0.19921313336509966,
    "MAP_class3": 0.11019096318605984,
    "MAP_class4": -0.0,
    "Aggregate": 35.14710258804152
}