{
    "multi-label/mAP": 22.152252197265625,
    "multi-label/precision": 21.939056396484375,
    "multi-label/recall": 14.5346097946167,
    "multi-label/f1-score": 15.1979341506958,
    "multi-label/precision_micro": 30.8278865814209,
    "multi-label/recall_micro": 20.97850227355957,
    "multi-label/f1-score_micro": 24.966917037963867,
    "AUC/AUC_multilabe": 62.98078946954493,
    "AUC/AUC_class1": 77.9121138325407,
    "AUC/AUC_class2": 57.53559899288542,
    "AUC/AUC_class3": 71.5861465861466,
    "AUC/AUC_class4": 76.76023052365355,
    "AUC/AUC_class5": 56.09944351273061,
    "AUC/AUC_class6": 58.50931677018634,
    "AUC/AUC_class7": 49.908046205539094,
    "AUC/AUC_class8": 65.38381309970796,
    "AUC/AUC_class9": 69.53380106222542,
    "AUC/AUC_class10": 46.487933615855056,
    "AUC/AUC_class11": 54.48253336236662,
    "AUC/AUC_class12": 43.8909612625538,
    "AUC/AUC_class13": 65.69138113453242,
    "AUC/AUC_class14": 59.320003221779224,
    "AUC/AUC_class15": 52.84699314894697,
    "AUC/AUC_class16": 96.77037686240139,
    "AUC/AUC_class17": 55.125971589386225,
    "AUC/AUC_class18": 78.73811581676749,
    "AUC/AUC_class19": 60.052219321148826,
    "MAP_class1": 0.6791803007638466,
    "MAP_class2": 0.21579088772574456,
    "MAP_class3": 0.4152281417310999,
    "MAP_class4": 0.5100578377336631,
    "MAP_class5": 0.2230368936780298,
    "MAP_class6": 0.16847444254494046,
    "MAP_class7": 0.19006966816985504,
    "MAP_class8": 0.22805223345649883,
    "MAP_class9": 0.21769739971691768,
    "MAP_class10": 0.13167757178579279,
    "MAP_class11": 0.14876913436674397,
    "MAP_class12": 0.0969275632334098,
    "MAP_class13": 0.11535330821935995,
    "MAP_class14": 0.10594295680282091,
    "MAP_class15": 0.03637296057202259,
    "MAP_class16": 0.678888499786733,
    "MAP_class17": 0.021664124199715633,
    "MAP_class18": 0.009724031678668626,
    "MAP_class19": 0.016020042760920464,
    "Aggregate": 42.56652104773769
}