{
    "multi-label/mAP": 16.85919952392578,
    "multi-label/precision": 22.095212936401367,
    "multi-label/recall": 7.707581520080566,
    "multi-label/f1-score": 9.087686538696289,
    "multi-label/precision_micro": 24.351144790649414,
    "multi-label/recall_micro": 11.823573112487793,
    "multi-label/f1-score_micro": 15.918164253234863,
    "AUC/AUC_multilabe": 56.047108675097526,
    "AUC/AUC_class1": 65.41418571738215,
    "AUC/AUC_class2": 52.14586445742224,
    "AUC/AUC_class3": 55.15790515790516,
    "AUC/AUC_class4": 79.7703055682242,
    "AUC/AUC_class5": 53.86825354474768,
    "AUC/AUC_class6": 57.95590062111802,
    "AUC/AUC_class7": 51.71282581466091,
    "AUC/AUC_class8": 51.9913781115283,
    "AUC/AUC_class9": 57.070356042226734,
    "AUC/AUC_class10": 56.245083360824225,
    "AUC/AUC_class11": 59.92005474849908,
    "AUC/AUC_class12": 62.984218077474885,
    "AUC/AUC_class13": 63.3616830796777,
    "AUC/AUC_class14": 51.42362369618622,
    "AUC/AUC_class15": 45.99847754377061,
    "AUC/AUC_class16": 68.74233128834356,
    "AUC/AUC_class17": 41.718038059501474,
    "AUC/AUC_class18": 30.7476231633535,
    "AUC/AUC_class19": 58.66695677400639,
    "MAP_class1": 0.49085985969132373,
    "MAP_class2": 0.18405604621323976,
    "MAP_class3": 0.2542434697690745,
    "MAP_class4": 0.5208958696134273,
    "MAP_class5": 0.21556195839622755,
    "MAP_class6": 0.19870029098476624,
    "MAP_class7": 0.1846503852957802,
    "MAP_class8": 0.1509979887417941,
    "MAP_class9": 0.18916793521976416,
    "MAP_class10": 0.1755351995633622,
    "MAP_class11": 0.15568705355459148,
    "MAP_class12": 0.19502981658533786,
    "MAP_class13": 0.06590718769411777,
    "MAP_class14": 0.0881379723702783,
    "MAP_class15": 0.05777239178958115,
    "MAP_class16": 0.047861021386432986,
    "MAP_class17": 0.012487398821106804,
    "MAP_class18": 0.0029432172025788557,
    "MAP_class19": 0.01275275971276957,
    "Aggregate": 36.45315387072127
}