{
    "multi-label/mAP": 22.17703628540039,
    "multi-label/precision": 18.631820678710938,
    "multi-label/recall": 56.47854232788086,
    "multi-label/f1-score": 26.378890991210938,
    "multi-label/precision_micro": 21.00963592529297,
    "multi-label/recall_micro": 74.35137176513672,
    "multi-label/f1-score_micro": 32.76171875,
    "AUC/AUC_multilabe": 61.921162465781805,
    "AUC/AUC_class1": 82.86073108847268,
    "AUC/AUC_class2": 57.95035468402303,
    "AUC/AUC_class3": 74.6159621159621,
    "AUC/AUC_class4": 79.71930842903933,
    "AUC/AUC_class5": 51.62134090562586,
    "AUC/AUC_class6": 49.6055900621118,
    "AUC/AUC_class7": 47.248344831699704,
    "AUC/AUC_class8": 60.559727437074116,
    "AUC/AUC_class9": 66.63825322929644,
    "AUC/AUC_class10": 50.08501027736189,
    "AUC/AUC_class11": 63.00199085451208,
    "AUC/AUC_class12": 69.60043041606887,
    "AUC/AUC_class13": 48.58590380076503,
    "AUC/AUC_class14": 60.32680923039748,
    "AUC/AUC_class15": 55.03933011925907,
    "AUC/AUC_class16": 96.04294478527606,
    "AUC/AUC_class17": 45.885821495577595,
    "AUC/AUC_class18": 55.509939498703545,
    "AUC/AUC_class19": 61.6042935886278,
    "MAP_class1": 0.7226653325857088,
    "MAP_class2": 0.2044119262202848,
    "MAP_class3": 0.4749966939987651,
    "MAP_class4": 0.557663207081655,
    "MAP_class5": 0.2125168892739578,
    "MAP_class6": 0.1421222192071277,
    "MAP_class7": 0.16741943645814245,
    "MAP_class8": 0.19365864452911052,
    "MAP_class9": 0.2303906565036789,
    "MAP_class10": 0.14541829975463288,
    "MAP_class11": 0.17389848474319175,
    "MAP_class12": 0.2350845577642423,
    "MAP_class13": 0.03600898828393003,
    "MAP_class14": 0.1236122695126455,
    "MAP_class15": 0.03859924279911119,
    "MAP_class16": 0.49023592848722236,
    "MAP_class17": 0.010298988758487997,
    "MAP_class18": 0.025947371512536954,
    "MAP_class19": 0.02868799377653588,
    "Aggregate": 42.04909999934082
}