{
    "multi-label/mAP": 21.550809860229492,
    "multi-label/precision": 23.625389099121094,
    "multi-label/recall": 18.95811653137207,
    "multi-label/f1-score": 17.5505313873291,
    "multi-label/precision_micro": 36.063350677490234,
    "multi-label/recall_micro": 29.540401458740234,
    "multi-label/f1-score_micro": 32.47758865356445,
    "AUC/AUC_multilabe": 59.402269520503,
    "AUC/AUC_class1": 72.56091341433871,
    "AUC/AUC_class2": 54.769168085751,
    "AUC/AUC_class3": 65.92746592746592,
    "AUC/AUC_class4": 79.43343422198268,
    "AUC/AUC_class5": 55.183240585455096,
    "AUC/AUC_class6": 55.011801242236025,
    "AUC/AUC_class7": 51.60695468914647,
    "AUC/AUC_class8": 71.38819357530247,
    "AUC/AUC_class9": 72.64769523309947,
    "AUC/AUC_class10": 42.25962392468343,
    "AUC/AUC_class11": 54.45220393815908,
    "AUC/AUC_class12": 50.177187948350074,
    "AUC/AUC_class13": 64.75543257100999,
    "AUC/AUC_class14": 52.85429503443277,
    "AUC/AUC_class15": 44.1461557980208,
    "AUC/AUC_class16": 96.87992988606486,
    "AUC/AUC_class17": 40.73974805682123,
    "AUC/AUC_class18": 55.42350907519447,
    "AUC/AUC_class19": 48.426167682042355,
    "MAP_class1": 0.6237784678831348,
    "MAP_class2": 0.20935655619174587,
    "MAP_class3": 0.37047127578913086,
    "MAP_class4": 0.5517090233918941,
    "MAP_class5": 0.2123596076382389,
    "MAP_class6": 0.15538771860938064,
    "MAP_class7": 0.20840373967983378,
    "MAP_class8": 0.24224295726814482,
    "MAP_class9": 0.2535945564907807,
    "MAP_class10": 0.1179669490956344,
    "MAP_class11": 0.15042123186588272,
    "MAP_class12": 0.1140663363282475,
    "MAP_class13": 0.059745609995311616,
    "MAP_class14": 0.08747382645650459,
    "MAP_class15": 0.029605284092102186,
    "MAP_class16": 0.645105101905605,
    "MAP_class17": 0.04734917521151386,
    "MAP_class18": 0.0046655931701745056,
    "MAP_class19": 0.010224241751645144,
    "Aggregate": 40.474627530817045
}