{
    "multi-label/mAP": 33.99616241455078,
    "multi-label/precision": 35.13734817504883,
    "multi-label/recall": 25.7651424407959,
    "multi-label/f1-score": 27.18609619140625,
    "multi-label/precision_micro": 41.25910568237305,
    "multi-label/recall_micro": 29.392141342163086,
    "multi-label/f1-score_micro": 34.32900619506836,
    "AUC/AUC_multilabe": 68.36025206795584,
    "AUC/AUC_class1": 79.03539416812232,
    "AUC/AUC_class2": 62.365883471411124,
    "AUC/AUC_class3": 72.39402864402865,
    "AUC/AUC_class4": 78.34238567104772,
    "AUC/AUC_class5": 66.6062376124409,
    "AUC/AUC_class6": 54.70559006211181,
    "AUC/AUC_class7": 60.59158597928307,
    "AUC/AUC_class8": 65.08135168961202,
    "AUC/AUC_class9": 75.99173824667234,
    "AUC/AUC_class10": 55.67538762148857,
    "AUC/AUC_class11": 66.37244532926867,
    "AUC/AUC_class12": 76.13629842180775,
    "AUC/AUC_class13": 69.32733783673801,
    "AUC/AUC_class14": 64.94100116789497,
    "AUC/AUC_class15": 53.67673179396092,
    "AUC/AUC_class16": 95.0701139351446,
    "AUC/AUC_class17": 55.621817207183064,
    "AUC/AUC_class18": 80.33707865168539,
    "AUC/AUC_class19": 66.57238178125905,
    "MAP_class1": 0.6924870694204717,
    "MAP_class2": 0.3083992483049429,
    "MAP_class3": 0.45209031612320005,
    "MAP_class4": 0.5216498813524446,
    "MAP_class5": 0.3546273700016693,
    "MAP_class6": 0.18616256187587102,
    "MAP_class7": 0.31668230446810164,
    "MAP_class8": 0.24047170172605697,
    "MAP_class9": 0.3513194883279563,
    "MAP_class10": 0.19754499741764206,
    "MAP_class11": 0.2162348316400072,
    "MAP_class12": 0.40091032347028144,
    "MAP_class13": 0.16940852132874973,
    "MAP_class14": 0.24996137120845918,
    "MAP_class15": 0.21447056107236956,
    "MAP_class16": 0.4871654757851184,
    "MAP_class17": 0.24254308124321441,
    "MAP_class18": 0.5039645810193756,
    "MAP_class19": 0.34891074645813497,
    "Aggregate": 51.16697980304126
}