{
    "multi-label/mAP": 18.83283805847168,
    "multi-label/precision": 23.783002853393555,
    "multi-label/recall": 9.296419143676758,
    "multi-label/f1-score": 11.365907669067383,
    "multi-label/precision_micro": 33.493743896484375,
    "multi-label/recall_micro": 12.898443222045898,
    "multi-label/f1-score_micro": 18.62456512451172,
    "AUC/AUC_multilabe": 57.672932878867485,
    "AUC/AUC_class1": 68.6466448215629,
    "AUC/AUC_class2": 55.16302928363229,
    "AUC/AUC_class3": 61.49391149391149,
    "AUC/AUC_class4": 70.45773042000083,
    "AUC/AUC_class5": 50.79328022564415,
    "AUC/AUC_class6": 55.36521739130434,
    "AUC/AUC_class7": 50.33053661252163,
    "AUC/AUC_class8": 64.95063273536366,
    "AUC/AUC_class9": 71.46547767359516,
    "AUC/AUC_class10": 44.03405486334915,
    "AUC/AUC_class11": 59.16881824120447,
    "AUC/AUC_class12": 37.560975609756106,
    "AUC/AUC_class13": 64.29559697240985,
    "AUC/AUC_class14": 46.2395795578108,
    "AUC/AUC_class15": 48.315148439482364,
    "AUC/AUC_class16": 91.70026292725679,
    "AUC/AUC_class17": 50.515947467166974,
    "AUC/AUC_class18": 65.38461538461539,
    "AUC/AUC_class19": 39.90426457789382,
    "MAP_class1": 0.5456622913541957,
    "MAP_class2": 0.21034085530855035,
    "MAP_class3": 0.32739521947174594,
    "MAP_class4": 0.4276734761434404,
    "MAP_class5": 0.19364533906569342,
    "MAP_class6": 0.16523535762658592,
    "MAP_class7": 0.18988515809541412,
    "MAP_class8": 0.20645805754025848,
    "MAP_class9": 0.2448368296679318,
    "MAP_class10": 0.12062670040251443,
    "MAP_class11": 0.152787418796549,
    "MAP_class12": 0.09995684998830323,
    "MAP_class13": 0.07046470111638656,
    "MAP_class14": 0.07381753631433516,
    "MAP_class15": 0.03934004912245215,
    "MAP_class16": 0.44175777960375917,
    "MAP_class17": 0.05215023792824138,
    "MAP_class18": 0.0068362189595240555,
    "MAP_class19": 0.009369162023274345,
    "Aggregate": 38.25288548819468
}