{
    "multi-label/mAP": 28.484582901000977,
    "multi-label/precision": 20.753284454345703,
    "multi-label/recall": 42.242271423339844,
    "multi-label/f1-score": 27.616317749023438,
    "multi-label/precision_micro": 30.452260971069336,
    "multi-label/recall_micro": 62.21765899658203,
    "multi-label/f1-score_micro": 40.89068603515625,
    "AUC/AUC_multilabe": 65.83430891646516,
    "AUC/AUC_class1": 64.18255623417251,
    "AUC/AUC_class2": 74.92036801596741,
    "AUC/AUC_class3": 62.11715570786036,
    "AUC/AUC_class4": 62.11715570786036,
    "MAP_class1": 0.3973638180267441,
    "MAP_class2": 0.5690855447608544,
    "MAP_class3": 0.1704011441753145,
    "MAP_class4": -0.0,
    "Aggregate": 47.12778579526899
}