{
    "multi-label/mAP": 17.97612953186035,
    "multi-label/precision": 17.311840057373047,
    "multi-label/recall": 15.84552001953125,
    "multi-label/f1-score": 14.09283447265625,
    "multi-label/precision_micro": 27.765438079833984,
    "multi-label/recall_micro": 23.165307998657227,
    "multi-label/f1-score_micro": 25.257627487182617,
    "AUC/AUC_multilabe": 57.37121821441241,
    "AUC/AUC_class1": 68.88156468743226,
    "AUC/AUC_class2": 57.93677326340643,
    "AUC/AUC_class3": 63.977163977163976,
    "AUC/AUC_class4": 73.35420208134666,
    "AUC/AUC_class5": 48.464895563348065,
    "AUC/AUC_class6": 54.17826086956521,
    "AUC/AUC_class7": 52.06075909099946,
    "AUC/AUC_class8": 68.0997079682937,
    "AUC/AUC_class9": 72.212969641335,
    "AUC/AUC_class10": 45.34663892201893,
    "AUC/AUC_class11": 58.730208106510716,
    "AUC/AUC_class12": 45.72022955523673,
    "AUC/AUC_class13": 61.13371856433629,
    "AUC/AUC_class14": 57.418146671499336,
    "AUC/AUC_class15": 43.20984521695001,
    "AUC/AUC_class16": 85.1489921121823,
    "AUC/AUC_class17": 44.525596354864646,
    "AUC/AUC_class18": 36.01987899740708,
    "AUC/AUC_class19": 53.63359442993908,
    "MAP_class1": 0.5609875858603282,
    "MAP_class2": 0.21438047885149733,
    "MAP_class3": 0.3433927218348417,
    "MAP_class4": 0.41276119246185317,
    "MAP_class5": 0.1968277565267209,
    "MAP_class6": 0.15269343576314032,
    "MAP_class7": 0.2085391158765476,
    "MAP_class8": 0.22422775790477312,
    "MAP_class9": 0.26260196098873484,
    "MAP_class10": 0.1199215033555,
    "MAP_class11": 0.1634602747371698,
    "MAP_class12": 0.1041428068262206,
    "MAP_class13": 0.06170120553931835,
    "MAP_class14": 0.11824335822327955,
    "MAP_class15": 0.02578526168562564,
    "MAP_class16": 0.19920852934658936,
    "MAP_class17": 0.0289871045758468,
    "MAP_class18": 0.0032324315562871635,
    "MAP_class19": 0.014370149266823576,
    "Aggregate": 37.67367392610383
}