{
    "multi-label/mAP": 21.365604400634766,
    "multi-label/precision": 18.00006675720215,
    "multi-label/recall": 25.32689666748047,
    "multi-label/f1-score": 20.391826629638672,
    "multi-label/precision_micro": 24.23841094970703,
    "multi-label/recall_micro": 37.577003479003906,
    "multi-label/f1-score_micro": 29.468599319458008,
    "AUC/AUC_multilabe": 62.65801823429507,
    "AUC/AUC_class1": 50.231640101295994,
    "AUC/AUC_class2": 73.62096542673173,
    "AUC/AUC_class3": 63.38973370457628,
    "AUC/AUC_class4": 63.38973370457628,
    "MAP_class1": 0.21496600330900112,
    "MAP_class2": 0.4829113936255515,
    "MAP_class3": 0.1567467338647598,
    "MAP_class4": -0.0,
    "Aggregate": 42.01181075213894
}