{
    "multi-label/mAP": 17.047128677368164,
    "multi-label/precision": 14.241593360900879,
    "multi-label/recall": 5.610365867614746,
    "multi-label/f1-score": 6.721063613891602,
    "multi-label/precision_micro": 23.25141716003418,
    "multi-label/recall_micro": 9.117864608764648,
    "multi-label/f1-score_micro": 13.099040985107422,
    "AUC/AUC_multilabe": 57.7283629985513,
    "AUC/AUC_class1": 70.57477273017048,
    "AUC/AUC_class2": 54.325682466385985,
    "AUC/AUC_class3": 58.07304557304557,
    "AUC/AUC_class4": 57.106845225755634,
    "AUC/AUC_class5": 53.71007394419881,
    "AUC/AUC_class6": 53.554037267080744,
    "AUC/AUC_class7": 46.518679046464,
    "AUC/AUC_class8": 51.38575997774997,
    "AUC/AUC_class9": 62.96046160907481,
    "AUC/AUC_class10": 52.762834014261415,
    "AUC/AUC_class11": 45.6737798239338,
    "AUC/AUC_class12": 51.86800573888092,
    "AUC/AUC_class13": 48.748677463986326,
    "AUC/AUC_class14": 58.58906205952237,
    "AUC/AUC_class15": 51.15199188023345,
    "AUC/AUC_class16": 94.7370727432077,
    "AUC/AUC_class17": 51.762262128115786,
    "AUC/AUC_class18": 68.38807260155575,
    "AUC/AUC_class19": 64.94778067885117,
    "MAP_class1": 0.529766189556303,
    "MAP_class2": 0.20551322555754933,
    "MAP_class3": 0.2746026710519365,
    "MAP_class4": 0.27483561289577013,
    "MAP_class5": 0.20727034634482785,
    "MAP_class6": 0.16457396896240686,
    "MAP_class7": 0.1604968795677788,
    "MAP_class8": 0.12132256018797391,
    "MAP_class9": 0.1838429824478895,
    "MAP_class10": 0.1434859196177202,
    "MAP_class11": 0.10690168435781647,
    "MAP_class12": 0.12171541770509207,
    "MAP_class13": 0.04511998061607189,
    "MAP_class14": 0.0960591469918605,
    "MAP_class15": 0.03405066640559237,
    "MAP_class16": 0.4977777826423079,
    "MAP_class17": 0.012696378769000219,
    "MAP_class18": 0.04107635113237875,
    "MAP_class19": 0.017846566775201106,
    "Aggregate": 37.38774552976375
}