{
    "multi-label/mAP": 21.899538040161133,
    "multi-label/precision": 21.419809341430664,
    "multi-label/recall": 17.545528411865234,
    "multi-label/f1-score": 16.980558395385742,
    "multi-label/precision_micro": 30.855745315551758,
    "multi-label/recall_micro": 23.3876953125,
    "multi-label/f1-score_micro": 26.607633590698242,
    "AUC/AUC_multilabe": 60.30939135920331,
    "AUC/AUC_class1": 74.78611773405923,
    "AUC/AUC_class2": 57.741409751460004,
    "AUC/AUC_class3": 70.39732039732041,
    "AUC/AUC_class4": 72.47978771922551,
    "AUC/AUC_class5": 52.911076383595045,
    "AUC/AUC_class6": 57.31428571428572,
    "AUC/AUC_class7": 48.04411793943973,
    "AUC/AUC_class8": 61.3690724516757,
    "AUC/AUC_class9": 70.63340108845321,
    "AUC/AUC_class10": 47.71106656177837,
    "AUC/AUC_class11": 51.60901483808753,
    "AUC/AUC_class12": 42.01434720229555,
    "AUC/AUC_class13": 72.25522910393097,
    "AUC/AUC_class14": 60.592606016672704,
    "AUC/AUC_class15": 49.99746257295103,
    "AUC/AUC_class16": 96.48553900087641,
    "AUC/AUC_class17": 55.31358885017421,
    "AUC/AUC_class18": 53.889369057908375,
    "AUC/AUC_class19": 50.33362344067305,
    "MAP_class1": 0.6273165716365028,
    "MAP_class2": 0.2209866397466711,
    "MAP_class3": 0.4092978538278753,
    "MAP_class4": 0.4619810446715281,
    "MAP_class5": 0.20955502252024671,
    "MAP_class6": 0.17648356158713893,
    "MAP_class7": 0.18040887754756518,
    "MAP_class8": 0.22173850171718418,
    "MAP_class9": 0.23034052131577856,
    "MAP_class10": 0.14479130187359984,
    "MAP_class11": 0.14607829426868318,
    "MAP_class12": 0.09311611889957291,
    "MAP_class13": 0.12011661083635017,
    "MAP_class14": 0.10729307418163342,
    "MAP_class15": 0.03376384026974575,
    "MAP_class16": 0.7361366088087965,
    "MAP_class17": 0.025236875143504953,
    "MAP_class18": 0.004489648855264719,
    "MAP_class19": 0.011780625606807468,
    "Aggregate": 41.10446303042916
}