{
    "multi-label/mAP": 16.250038146972656,
    "multi-label/precision": 13.586841583251953,
    "multi-label/recall": 6.148612022399902,
    "multi-label/f1-score": 7.388669490814209,
    "multi-label/precision_micro": 26.80937957763672,
    "multi-label/recall_micro": 9.747961044311523,
    "multi-label/f1-score_micro": 14.297362327575684,
    "AUC/AUC_multilabe": 56.16864323802291,
    "AUC/AUC_class1": 69.75876885415205,
    "AUC/AUC_class2": 50.79973672938497,
    "AUC/AUC_class3": 50.3044253044253,
    "AUC/AUC_class4": 68.2217339027323,
    "AUC/AUC_class5": 48.82508766580271,
    "AUC/AUC_class6": 62.026086956521745,
    "AUC/AUC_class7": 51.21876056226018,
    "AUC/AUC_class8": 57.11514392991239,
    "AUC/AUC_class9": 63.04832470001966,
    "AUC/AUC_class10": 56.36498591620778,
    "AUC/AUC_class11": 65.39257162410179,
    "AUC/AUC_class12": 60.771162123385935,
    "AUC/AUC_class13": 54.37454219907218,
    "AUC/AUC_class14": 54.62526680359229,
    "AUC/AUC_class15": 63.30373001776199,
    "AUC/AUC_class16": 81.62138475021911,
    "AUC/AUC_class17": 48.7067810238542,
    "AUC/AUC_class18": 27.225583405358687,
    "AUC/AUC_class19": 33.50014505366986,
    "MAP_class1": 0.5548529064627459,
    "MAP_class2": 0.18577621345216644,
    "MAP_class3": 0.2315300805781521,
    "MAP_class4": 0.3996983266784718,
    "MAP_class5": 0.1870402928220234,
    "MAP_class6": 0.21698942958841672,
    "MAP_class7": 0.18716230714856377,
    "MAP_class8": 0.14142546141733786,
    "MAP_class9": 0.19659502832808626,
    "MAP_class10": 0.16283139442147565,
    "MAP_class11": 0.17795462140952772,
    "MAP_class12": 0.15739591508411674,
    "MAP_class13": 0.04446222848589182,
    "MAP_class14": 0.10327480279452972,
    "MAP_class15": 0.05507413573454141,
    "MAP_class16": 0.059419440187138226,
    "MAP_class17": 0.015442909762579492,
    "MAP_class18": 0.002834523605783466,
    "MAP_class19": 0.00774701641960503,
    "Aggregate": 36.20934013054081
}