{
    "multi-label/mAP": 17.513843536376953,
    "multi-label/precision": 17.941255569458008,
    "multi-label/recall": 7.584837913513184,
    "multi-label/f1-score": 9.813551902770996,
    "multi-label/precision_micro": 32.029117584228516,
    "multi-label/recall_micro": 13.046701431274414,
    "multi-label/f1-score_micro": 18.540952682495117,
    "AUC/AUC_multilabe": 57.67332672878449,
    "AUC/AUC_class1": 62.70894161747268,
    "AUC/AUC_class2": 53.817946280257836,
    "AUC/AUC_class3": 57.87669537669537,
    "AUC/AUC_class4": 70.57879679920394,
    "AUC/AUC_class5": 63.43716648879403,
    "AUC/AUC_class6": 53.23416149068323,
    "AUC/AUC_class7": 51.672067916575536,
    "AUC/AUC_class8": 55.18356278681685,
    "AUC/AUC_class9": 66.27827683430594,
    "AUC/AUC_class10": 58.06328824828076,
    "AUC/AUC_class11": 56.72302236600616,
    "AUC/AUC_class12": 47.57962697274032,
    "AUC/AUC_class13": 47.75372344754619,
    "AUC/AUC_class14": 56.05593814183884,
    "AUC/AUC_class15": 46.407003298655155,
    "AUC/AUC_class16": 85.23225241016652,
    "AUC/AUC_class17": 47.03162690967569,
    "AUC/AUC_class18": 59.356093344857385,
    "AUC/AUC_class19": 56.803017116333045,
    "MAP_class1": 0.4745674535588186,
    "MAP_class2": 0.1805786649409735,
    "MAP_class3": 0.30296837758867995,
    "MAP_class4": 0.36607179500545367,
    "MAP_class5": 0.2558823086383481,
    "MAP_class6": 0.16125550525463356,
    "MAP_class7": 0.18511392608039018,
    "MAP_class8": 0.15581439063589664,
    "MAP_class9": 0.24366691681750785,
    "MAP_class10": 0.17527513732179933,
    "MAP_class11": 0.1669889798500437,
    "MAP_class12": 0.1089076591902278,
    "MAP_class13": 0.03875141741387975,
    "MAP_class14": 0.09913096707093588,
    "MAP_class15": 0.029580955895927893,
    "MAP_class16": 0.35364413589416777,
    "MAP_class17": 0.011062321886639772,
    "MAP_class18": 0.00504142712224354,
    "MAP_class19": 0.013328267960913241,
    "Aggregate": 37.5935860173593
}