{
    "multi-label/mAP": 17.854175567626953,
    "multi-label/precision": 16.221590042114258,
    "multi-label/recall": 10.353486061096191,
    "multi-label/f1-score": 10.26623249053955,
    "multi-label/precision_micro": 29.559364318847656,
    "multi-label/recall_micro": 17.902149200439453,
    "multi-label/f1-score_micro": 22.299169540405273,
    "AUC/AUC_multilabe": 58.974718197131004,
    "AUC/AUC_class1": 62.852698550318124,
    "AUC/AUC_class2": 57.33292240829929,
    "AUC/AUC_class3": 61.027786027786036,
    "AUC/AUC_class4": 66.26684356731207,
    "AUC/AUC_class5": 58.05143695685319,
    "AUC/AUC_class6": 59.492546583850924,
    "AUC/AUC_class7": 55.48790186293417,
    "AUC/AUC_class8": 56.80851063829788,
    "AUC/AUC_class9": 59.21316634974756,
    "AUC/AUC_class10": 55.014971959296574,
    "AUC/AUC_class11": 66.49531838118642,
    "AUC/AUC_class12": 63.24390243902439,
    "AUC/AUC_class13": 51.09872222674372,
    "AUC/AUC_class14": 53.04961540010471,
    "AUC/AUC_class15": 52.60847500634357,
    "AUC/AUC_class16": 88.6897458369851,
    "AUC/AUC_class17": 50.64325917984455,
    "AUC/AUC_class18": 46.6724286949006,
    "AUC/AUC_class19": 56.469393675659994,
    "MAP_class1": 0.4944918706807049,
    "MAP_class2": 0.21500926236015935,
    "MAP_class3": 0.295550575382983,
    "MAP_class4": 0.3627883242704284,
    "MAP_class5": 0.2246947754340145,
    "MAP_class6": 0.1798798520008506,
    "MAP_class7": 0.21082591868267253,
    "MAP_class8": 0.14388292902400898,
    "MAP_class9": 0.17534906759018964,
    "MAP_class10": 0.1678845492845371,
    "MAP_class11": 0.19554995048468277,
    "MAP_class12": 0.18829711171854815,
    "MAP_class13": 0.049699446000284205,
    "MAP_class14": 0.08618491484864443,
    "MAP_class15": 0.0356527418526465,
    "MAP_class16": 0.31843080495333337,
    "MAP_class17": 0.01213849861277376,
    "MAP_class18": 0.003827817822783369,
    "MAP_class19": 0.032155193677503774,
    "Aggregate": 38.41444753193853
}