{
    "multi-label/mAP": 18.648635864257812,
    "multi-label/precision": 15.265129089355469,
    "multi-label/recall": 13.489631652832031,
    "multi-label/f1-score": 12.302949905395508,
    "multi-label/precision_micro": 32.3559684753418,
    "multi-label/recall_micro": 23.313566207885742,
    "multi-label/f1-score_micro": 27.10038948059082,
    "AUC/AUC_multilabe": 58.261669457770985,
    "AUC/AUC_class1": 71.48512705435351,
    "AUC/AUC_class2": 55.95440821571474,
    "AUC/AUC_class3": 67.51724251724251,
    "AUC/AUC_class4": 73.48936523073095,
    "AUC/AUC_class5": 55.398593535599936,
    "AUC/AUC_class6": 57.76149068322981,
    "AUC/AUC_class7": 48.91544227289898,
    "AUC/AUC_class8": 60.5993603115005,
    "AUC/AUC_class9": 73.72500163923678,
    "AUC/AUC_class10": 42.507041896109826,
    "AUC/AUC_class11": 49.57149967337543,
    "AUC/AUC_class12": 36.40817790530847,
    "AUC/AUC_class13": 51.009196711972,
    "AUC/AUC_class14": 53.381861382948735,
    "AUC/AUC_class15": 50.809439228622175,
    "AUC/AUC_class16": 94.07099035933392,
    "AUC/AUC_class17": 60.53336906995443,
    "AUC/AUC_class18": 50.367329299913564,
    "AUC/AUC_class19": 53.466782709602555,
    "MAP_class1": 0.584331842186586,
    "MAP_class2": 0.2212844778432158,
    "MAP_class3": 0.37483256144628996,
    "MAP_class4": 0.4441581160922107,
    "MAP_class5": 0.21662279387788622,
    "MAP_class6": 0.16736720614578326,
    "MAP_class7": 0.1811252859504063,
    "MAP_class8": 0.17277834813505255,
    "MAP_class9": 0.24613711156426624,
    "MAP_class10": 0.11583704675713413,
    "MAP_class11": 0.1158320607970553,
    "MAP_class12": 0.08852514225464211,
    "MAP_class13": 0.04027978787583823,
    "MAP_class14": 0.09443264583966174,
    "MAP_class15": 0.043386757875933685,
    "MAP_class16": 0.39814030405069667,
    "MAP_class17": 0.018251374158292123,
    "MAP_class18": 0.004535074878300273,
    "MAP_class19": 0.015383155675162297,
    "Aggregate": 38.45515339573922
}