{
    "multi-label/mAP": 20.123327255249023,
    "multi-label/precision": 22.627178192138672,
    "multi-label/recall": 10.880364418029785,
    "multi-label/f1-score": 13.417531967163086,
    "multi-label/precision_micro": 34.138484954833984,
    "multi-label/recall_micro": 15.715344429016113,
    "multi-label/f1-score_micro": 21.522842407226562,
    "AUC/AUC_multilabe": 58.84338608645186,
    "AUC/AUC_class1": 74.37365327485305,
    "AUC/AUC_class2": 55.26488993825678,
    "AUC/AUC_class3": 60.942398442398435,
    "AUC/AUC_class4": 73.31066793814006,
    "AUC/AUC_class5": 51.71424759871932,
    "AUC/AUC_class6": 51.64534161490684,
    "AUC/AUC_class7": 48.78968924587947,
    "AUC/AUC_class8": 68.13447364761507,
    "AUC/AUC_class9": 70.05966821847748,
    "AUC/AUC_class10": 46.90410333189535,
    "AUC/AUC_class11": 53.85028151927085,
    "AUC/AUC_class12": 48.048780487804876,
    "AUC/AUC_class13": 67.5022381378693,
    "AUC/AUC_class14": 56.51101445773428,
    "AUC/AUC_class15": 42.41055569652372,
    "AUC/AUC_class16": 95.24978089395266,
    "AUC/AUC_class17": 42.41490217099974,
    "AUC/AUC_class18": 46.28349178910977,
    "AUC/AUC_class19": 64.61415723817812,
    "MAP_class1": 0.6161415799186736,
    "MAP_class2": 0.2073290606194273,
    "MAP_class3": 0.33039589861846175,
    "MAP_class4": 0.44580946534563426,
    "MAP_class5": 0.19856482209289655,
    "MAP_class6": 0.15111777992405317,
    "MAP_class7": 0.19056931808874977,
    "MAP_class8": 0.23331929340651925,
    "MAP_class9": 0.2390483452291551,
    "MAP_class10": 0.1276449428040376,
    "MAP_class11": 0.1595544462095286,
    "MAP_class12": 0.11448657304049634,
    "MAP_class13": 0.06995951409404848,
    "MAP_class14": 0.10169980460156325,
    "MAP_class15": 0.025110666356020585,
    "MAP_class16": 0.5060551524018191,
    "MAP_class17": 0.08784339351300156,
    "MAP_class18": 0.004108204783062827,
    "MAP_class19": 0.014674026315619244,
    "Aggregate": 39.48335695733848
}