{
    "multi-label/mAP": 25.333837509155273,
    "multi-label/precision": 27.013097763061523,
    "multi-label/recall": 22.710050582885742,
    "multi-label/f1-score": 24.08005714416504,
    "multi-label/precision_micro": 37.196876525878906,
    "multi-label/recall_micro": 33.543365478515625,
    "multi-label/f1-score_micro": 35.27577209472656,
    "AUC/AUC_multilabe": 67.19863886548659,
    "AUC/AUC_class1": 86.83237495378103,
    "AUC/AUC_class2": 57.66462248874309,
    "AUC/AUC_class3": 66.92344817344818,
    "AUC/AUC_class4": 83.2136489904225,
    "AUC/AUC_class5": 61.830595365147126,
    "AUC/AUC_class6": 58.41055900621118,
    "AUC/AUC_class7": 57.006382090383134,
    "AUC/AUC_class8": 70.18773466833542,
    "AUC/AUC_class9": 78.24404957051996,
    "AUC/AUC_class10": 59.09070723475524,
    "AUC/AUC_class11": 67.2535539863751,
    "AUC/AUC_class12": 67.87446197991393,
    "AUC/AUC_class13": 75.96443395458616,
    "AUC/AUC_class14": 62.17631186822924,
    "AUC/AUC_class15": 52.54503933011926,
    "AUC/AUC_class16": 95.95968448729184,
    "AUC/AUC_class17": 51.36692575716965,
    "AUC/AUC_class18": 61.689714779602426,
    "AUC/AUC_class19": 62.53988975921091,
    "MAP_class1": 0.7623993306371597,
    "MAP_class2": 0.21269623429444431,
    "MAP_class3": 0.3464618021768199,
    "MAP_class4": 0.5588759442262824,
    "MAP_class5": 0.3085024165123811,
    "MAP_class6": 0.1970686529760588,
    "MAP_class7": 0.22260310144314538,
    "MAP_class8": 0.23836678166733627,
    "MAP_class9": 0.35087238875410254,
    "MAP_class10": 0.17724303195243146,
    "MAP_class11": 0.1850944777464772,
    "MAP_class12": 0.20509201743902483,
    "MAP_class13": 0.1535004244859405,
    "MAP_class14": 0.15121452979667427,
    "MAP_class15": 0.03148969857008005,
    "MAP_class16": 0.6709706617407677,
    "MAP_class17": 0.015885241655773416,
    "MAP_class18": 0.007640318322581204,
    "MAP_class19": 0.01744803542862263,
    "Aggregate": 46.26622756386462
}