{
    "multi-label/mAP": 24.148921966552734,
    "multi-label/precision": 27.984107971191406,
    "multi-label/recall": 16.96111488342285,
    "multi-label/f1-score": 18.865034103393555,
    "multi-label/precision_micro": 42.52491760253906,
    "multi-label/recall_micro": 28.465530395507812,
    "multi-label/f1-score_micro": 34.10301971435547,
    "AUC/AUC_multilabe": 67.38707429021834,
    "AUC/AUC_class1": 80.71617090181181,
    "AUC/AUC_class2": 54.29068419018168,
    "AUC/AUC_class3": 75.0020625020625,
    "AUC/AUC_class4": 73.11994692980636,
    "AUC/AUC_class5": 64.66829928342734,
    "AUC/AUC_class6": 57.65341614906831,
    "AUC/AUC_class7": 56.06497405411853,
    "AUC/AUC_class8": 70.84202475316368,
    "AUC/AUC_class9": 77.09920660940264,
    "AUC/AUC_class10": 54.144568223919606,
    "AUC/AUC_class11": 71.59688306840451,
    "AUC/AUC_class12": 61.92826398852225,
    "AUC/AUC_class13": 68.03532188491901,
    "AUC/AUC_class14": 63.263662357536944,
    "AUC/AUC_class15": 57.99543263131185,
    "AUC/AUC_class16": 95.42944785276073,
    "AUC/AUC_class17": 54.44920932725811,
    "AUC/AUC_class18": 67.41573033707866,
    "AUC/AUC_class19": 76.63910646939368,
    "MAP_class1": 0.7075748388525788,
    "MAP_class2": 0.191940589980701,
    "MAP_class3": 0.46722509859379346,
    "MAP_class4": 0.4332343487218333,
    "MAP_class5": 0.3117978277540008,
    "MAP_class6": 0.17873762573517393,
    "MAP_class7": 0.22412263840780866,
    "MAP_class8": 0.2266157153241252,
    "MAP_class9": 0.3580997739163571,
    "MAP_class10": 0.16140313747680654,
    "MAP_class11": 0.25833899999374876,
    "MAP_class12": 0.1682021245518972,
    "MAP_class13": 0.09779755117505987,
    "MAP_class14": 0.1455714537711406,
    "MAP_class15": 0.03438914413122778,
    "MAP_class16": 0.5082596167022321,
    "MAP_class17": 0.016086950148647375,
    "MAP_class18": 0.054543678911009114,
    "MAP_class19": 0.044353616414332345,
    "Aggregate": 45.76799696237883
}