{
    "multi-label/mAP": 20.708127975463867,
    "multi-label/precision": 23.603321075439453,
    "multi-label/recall": 16.14883804321289,
    "multi-label/f1-score": 16.84200668334961,
    "multi-label/precision_micro": 33.31692886352539,
    "multi-label/recall_micro": 25.092660903930664,
    "multi-label/f1-score_micro": 28.625791549682617,
    "AUC/AUC_multilabe": 58.644511403234695,
    "AUC/AUC_class1": 65.79350001912509,
    "AUC/AUC_class2": 56.41356470502199,
    "AUC/AUC_class3": 66.58251658251658,
    "AUC/AUC_class4": 71.8829553464074,
    "AUC/AUC_class5": 54.193665192864756,
    "AUC/AUC_class6": 55.06397515527951,
    "AUC/AUC_class7": 51.78589180269201,
    "AUC/AUC_class8": 68.28327075511056,
    "AUC/AUC_class9": 72.64572814897383,
    "AUC/AUC_class10": 48.10503210089578,
    "AUC/AUC_class11": 56.57215292251221,
    "AUC/AUC_class12": 42.391678622668586,
    "AUC/AUC_class13": 56.68185887523399,
    "AUC/AUC_class14": 59.63614030848535,
    "AUC/AUC_class15": 42.40801826947475,
    "AUC/AUC_class16": 93.66345311130586,
    "AUC/AUC_class17": 47.36665773251139,
    "AUC/AUC_class18": 42.22126188418323,
    "AUC/AUC_class19": 62.554395126196695,
    "MAP_class1": 0.5040171738495158,
    "MAP_class2": 0.20199625126288065,
    "MAP_class3": 0.34794071454499237,
    "MAP_class4": 0.4080026126095673,
    "MAP_class5": 0.2121801359655119,
    "MAP_class6": 0.17342453643531147,
    "MAP_class7": 0.21334609179344902,
    "MAP_class8": 0.2371992654448771,
    "MAP_class9": 0.27962871999904704,
    "MAP_class10": 0.132736589514033,
    "MAP_class11": 0.1616469971076432,
    "MAP_class12": 0.09526494545483791,
    "MAP_class13": 0.04629673363363988,
    "MAP_class14": 0.10467168506881508,
    "MAP_class15": 0.029286539116748056,
    "MAP_class16": 0.7150138382845898,
    "MAP_class17": 0.049001480359070614,
    "MAP_class18": 0.0035863320966670934,
    "MAP_class19": 0.01718205619738903,
    "Aggregate": 39.67073648777152
}