{
    "multi-label/mAP": 23.080821990966797,
    "multi-label/precision": 24.27264404296875,
    "multi-label/recall": 21.951114654541016,
    "multi-label/f1-score": 22.351158142089844,
    "multi-label/precision_micro": 32.706459045410156,
    "multi-label/recall_micro": 29.651594161987305,
    "multi-label/f1-score_micro": 31.104198455810547,
    "AUC/AUC_multilabe": 65.01593767823378,
    "AUC/AUC_class1": 80.86502785888233,
    "AUC/AUC_class2": 59.549305780461545,
    "AUC/AUC_class3": 65.30954030954031,
    "AUC/AUC_class4": 79.50453998922012,
    "AUC/AUC_class5": 60.653300808050005,
    "AUC/AUC_class6": 55.114285714285714,
    "AUC/AUC_class7": 53.545688609658626,
    "AUC/AUC_class8": 69.50041718815186,
    "AUC/AUC_class9": 68.57714248246016,
    "AUC/AUC_class10": 52.98995102392976,
    "AUC/AUC_class11": 66.37283416804057,
    "AUC/AUC_class12": 64.9099713055954,
    "AUC/AUC_class13": 71.19414828680719,
    "AUC/AUC_class14": 56.708851838427776,
    "AUC/AUC_class15": 55.13321492007104,
    "AUC/AUC_class16": 94.76774758983348,
    "AUC/AUC_class17": 44.65960868399893,
    "AUC/AUC_class18": 67.28608470181504,
    "AUC/AUC_class19": 68.66115462721207,
    "MAP_class1": 0.6951147550203314,
    "MAP_class2": 0.21060111796164643,
    "MAP_class3": 0.359105920123888,
    "MAP_class4": 0.5351920385889919,
    "MAP_class5": 0.25869651724012754,
    "MAP_class6": 0.16956933782683514,
    "MAP_class7": 0.21066108668334288,
    "MAP_class8": 0.22753713428484693,
    "MAP_class9": 0.2547312488003677,
    "MAP_class10": 0.15399757004197073,
    "MAP_class11": 0.18091656421483113,
    "MAP_class12": 0.20938983335019767,
    "MAP_class13": 0.11774501058768688,
    "MAP_class14": 0.11364811540385746,
    "MAP_class15": 0.04031048433379807,
    "MAP_class16": 0.5231061727203355,
    "MAP_class17": 0.010298931398457296,
    "MAP_class18": 0.008660726902530854,
    "MAP_class19": 0.08768078590791484,
    "Aggregate": 43.999977658569414
}