{
    "multi-label/mAP": 16.493131637573242,
    "multi-label/precision": 14.205558776855469,
    "multi-label/recall": 44.322689056396484,
    "multi-label/f1-score": 18.686094284057617,
    "multi-label/precision_micro": 18.8848934173584,
    "multi-label/recall_micro": 62.26834487915039,
    "multi-label/f1-score_micro": 28.98050880432129,
    "AUC/AUC_multilabe": 56.86749693089186,
    "AUC/AUC_class1": 78.07148958957555,
    "AUC/AUC_class2": 55.47122305916275,
    "AUC/AUC_class3": 63.63478863478863,
    "AUC/AUC_class4": 64.35092665533398,
    "AUC/AUC_class5": 47.916984296386644,
    "AUC/AUC_class6": 62.3223602484472,
    "AUC/AUC_class7": 46.06984511998727,
    "AUC/AUC_class8": 57.91127798637186,
    "AUC/AUC_class9": 59.11677922759164,
    "AUC/AUC_class10": 56.625091988732976,
    "AUC/AUC_class11": 65.64298379319999,
    "AUC/AUC_class12": 61.338593974175026,
    "AUC/AUC_class13": 48.93586717669081,
    "AUC/AUC_class14": 56.66203535902703,
    "AUC/AUC_class15": 55.095153514336474,
    "AUC/AUC_class16": 54.57055214723927,
    "AUC/AUC_class17": 45.22916108281962,
    "AUC/AUC_class18": 60.19878997407086,
    "AUC/AUC_class19": 41.31853785900783,
    "MAP_class1": 0.6545339629804082,
    "MAP_class2": 0.19496864925597063,
    "MAP_class3": 0.32911107642642357,
    "MAP_class4": 0.35265884302847933,
    "MAP_class5": 0.19094358172642212,
    "MAP_class6": 0.19971034039071592,
    "MAP_class7": 0.16732534743837862,
    "MAP_class8": 0.1541420026259624,
    "MAP_class9": 0.15860739049007208,
    "MAP_class10": 0.17356223748974928,
    "MAP_class11": 0.16916132360605998,
    "MAP_class12": 0.17151764704364242,
    "MAP_class13": 0.03956303721005068,
    "MAP_class14": 0.09183901552963344,
    "MAP_class15": 0.036276107048953635,
    "MAP_class16": 0.024603612115850812,
    "MAP_class17": 0.010270874904855141,
    "MAP_class18": 0.005263907725391867,
    "MAP_class19": 0.009635920065652918,
    "Aggregate": 36.680313931505594
}