{
    "multi-label/mAP": 20.256572723388672,
    "multi-label/precision": 17.65283966064453,
    "multi-label/recall": 30.532657623291016,
    "multi-label/f1-score": 20.59261131286621,
    "multi-label/precision_micro": 18.67816162109375,
    "multi-label/recall_micro": 40.04106903076172,
    "multi-label/f1-score_micro": 25.473546981811523,
    "AUC/AUC_multilabe": 58.06237957913832,
    "AUC/AUC_class1": 46.613287650826756,
    "AUC/AUC_class2": 69.65850524272376,
    "AUC/AUC_class3": 57.98886271150139,
    "AUC/AUC_class4": 57.98886271150139,
    "MAP_class1": 0.19975816444347094,
    "MAP_class2": 0.4609811522412568,
    "MAP_class3": 0.14955070062943476,
    "MAP_class4": -0.0,
    "Aggregate": 39.159815005996194
}