{
    "multi-label/mAP": 22.613807678222656,
    "multi-label/precision": 19.226856231689453,
    "multi-label/recall": 36.01525115966797,
    "multi-label/f1-score": 23.792964935302734,
    "multi-label/precision_micro": 26.898733139038086,
    "multi-label/recall_micro": 52.36140060424805,
    "multi-label/f1-score_micro": 35.540069580078125,
    "AUC/AUC_multilabe": 63.957577661614046,
    "AUC/AUC_class1": 56.904513630269626,
    "AUC/AUC_class2": 71.1646775759067,
    "AUC/AUC_class3": 63.88055972013993,
    "AUC/AUC_class4": 63.88055972013993,
    "MAP_class1": 0.2728943815821196,
    "MAP_class2": 0.5037302245736035,
    "MAP_class3": 0.1279826641136704,
    "MAP_class4": -0.0,
    "Aggregate": 43.28637970917444
}