{
    "multi-label/mAP": 19.361042022705078,
    "multi-label/precision": 17.649595260620117,
    "multi-label/recall": 11.422292709350586,
    "multi-label/f1-score": 12.084221839904785,
    "multi-label/precision_micro": 35.35417938232422,
    "multi-label/recall_micro": 20.533729553222656,
    "multi-label/f1-score_micro": 25.978899002075195,
    "AUC/AUC_multilabe": 57.018236683327906,
    "AUC/AUC_class1": 73.25292295138402,
    "AUC/AUC_class2": 57.09159101118899,
    "AUC/AUC_class3": 65.32562782562782,
    "AUC/AUC_class4": 76.10970604088064,
    "AUC/AUC_class5": 44.91395410885806,
    "AUC/AUC_class6": 55.267701863354034,
    "AUC/AUC_class7": 51.2679682684852,
    "AUC/AUC_class8": 67.18328466138229,
    "AUC/AUC_class9": 70.37374598386992,
    "AUC/AUC_class10": 49.062983733854395,
    "AUC/AUC_class11": 54.350328179923466,
    "AUC/AUC_class12": 46.862266857962695,
    "AUC/AUC_class13": 65.33327907544559,
    "AUC/AUC_class14": 56.04989730578712,
    "AUC/AUC_class15": 42.06039076376554,
    "AUC/AUC_class16": 93.43996494303242,
    "AUC/AUC_class17": 46.616188689359426,
    "AUC/AUC_class18": 28.08988764044944,
    "AUC/AUC_class19": 40.694807078619085,
    "MAP_class1": 0.6095219609496161,
    "MAP_class2": 0.19751481954329986,
    "MAP_class3": 0.3531134723780563,
    "MAP_class4": 0.49483502382290734,
    "MAP_class5": 0.17519691417576197,
    "MAP_class6": 0.1665989341489075,
    "MAP_class7": 0.20512500672594358,
    "MAP_class8": 0.23707530324168333,
    "MAP_class9": 0.23571296261342353,
    "MAP_class10": 0.1370852626455243,
    "MAP_class11": 0.14074666894116697,
    "MAP_class12": 0.12008749997323256,
    "MAP_class13": 0.06724413345975709,
    "MAP_class14": 0.09068864331422788,
    "MAP_class15": 0.025114550005113576,
    "MAP_class16": 0.3847024716518944,
    "MAP_class17": 0.026204652586928244,
    "MAP_class18": 0.0029521548291358128,
    "MAP_class19": 0.009077541759805635,
    "Aggregate": 38.189639333154446
}