{
    "multi-label/mAP": 20.916622161865234,
    "multi-label/precision": 20.52887535095215,
    "multi-label/recall": 12.47652816772461,
    "multi-label/f1-score": 14.64713191986084,
    "multi-label/precision_micro": 38.19855499267578,
    "multi-label/recall_micro": 21.534469604492188,
    "multi-label/f1-score_micro": 27.542072296142578,
    "AUC/AUC_multilabe": 64.17334187849761,
    "AUC/AUC_class1": 75.78094120947074,
    "AUC/AUC_class2": 55.84993574943324,
    "AUC/AUC_class3": 66.3882288882289,
    "AUC/AUC_class4": 78.29802230606577,
    "AUC/AUC_class5": 62.569084464095134,
    "AUC/AUC_class6": 51.98757763975155,
    "AUC/AUC_class7": 53.97737439608724,
    "AUC/AUC_class8": 65.57224308162981,
    "AUC/AUC_class9": 69.46560881253689,
    "AUC/AUC_class10": 55.56373233181922,
    "AUC/AUC_class11": 64.65611099013906,
    "AUC/AUC_class12": 64.04734576757532,
    "AUC/AUC_class13": 59.49784324896231,
    "AUC/AUC_class14": 64.4406185816117,
    "AUC/AUC_class15": 46.04922608475006,
    "AUC/AUC_class16": 92.01139351446099,
    "AUC/AUC_class17": 65.58563387831681,
    "AUC/AUC_class18": 67.76145203111497,
    "AUC/AUC_class19": 59.7911227154047,
    "MAP_class1": 0.6423853242905866,
    "MAP_class2": 0.20335597038583167,
    "MAP_class3": 0.3535548010215078,
    "MAP_class4": 0.48858810835889704,
    "MAP_class5": 0.28589382987583606,
    "MAP_class6": 0.1475198767396536,
    "MAP_class7": 0.19326320501425556,
    "MAP_class8": 0.23403780633824253,
    "MAP_class9": 0.29938125199327253,
    "MAP_class10": 0.16469443507094284,
    "MAP_class11": 0.2109460730033301,
    "MAP_class12": 0.15870474684991215,
    "MAP_class13": 0.059527007583800445,
    "MAP_class14": 0.15298561885209228,
    "MAP_class15": 0.03082576011619993,
    "MAP_class16": 0.2869471008601845,
    "MAP_class17": 0.032497800961491505,
    "MAP_class18": 0.013758344847077773,
    "MAP_class19": 0.015291128055405728,
    "Aggregate": 42.54498196613965
}