{
    "multi-label/mAP": 21.20281410217285,
    "multi-label/precision": 21.07232093811035,
    "multi-label/recall": 23.17972755432129,
    "multi-label/f1-score": 19.811080932617188,
    "multi-label/precision_micro": 28.229507446289062,
    "multi-label/recall_micro": 31.912527084350586,
    "multi-label/f1-score_micro": 29.95824432373047,
    "AUC/AUC_multilabe": 61.28637822204089,
    "AUC/AUC_class1": 73.42791753260828,
    "AUC/AUC_class2": 53.84510912149103,
    "AUC/AUC_class3": 67.28995478995479,
    "AUC/AUC_class4": 80.14760147601476,
    "AUC/AUC_class5": 54.41378258880927,
    "AUC/AUC_class6": 55.47701863354037,
    "AUC/AUC_class7": 50.408573075928985,
    "AUC/AUC_class8": 63.44180225281602,
    "AUC/AUC_class9": 70.74355779948856,
    "AUC/AUC_class10": 48.802877661329205,
    "AUC/AUC_class11": 55.87924223100135,
    "AUC/AUC_class12": 40.670731707317074,
    "AUC/AUC_class13": 58.01049890127777,
    "AUC/AUC_class14": 60.48487777375055,
    "AUC/AUC_class15": 46.10758690687643,
    "AUC/AUC_class16": 95.09640666082385,
    "AUC/AUC_class17": 63.52184400964889,
    "AUC/AUC_class18": 61.97061365600691,
    "AUC/AUC_class19": 64.70118944009285,
    "MAP_class1": 0.6266161450991901,
    "MAP_class2": 0.21174762766707084,
    "MAP_class3": 0.38349308399265125,
    "MAP_class4": 0.538445375455355,
    "MAP_class5": 0.20268593904725773,
    "MAP_class6": 0.16063072172951975,
    "MAP_class7": 0.21311393561208225,
    "MAP_class8": 0.21943796759957468,
    "MAP_class9": 0.23252874847919977,
    "MAP_class10": 0.12828390672612996,
    "MAP_class11": 0.12762026373884283,
    "MAP_class12": 0.09348964566153943,
    "MAP_class13": 0.055406210336270856,
    "MAP_class14": 0.1171743572997884,
    "MAP_class15": 0.027479386790359897,
    "MAP_class16": 0.6302180650213777,
    "MAP_class17": 0.035824390078099386,
    "MAP_class18": 0.006164348414348415,
    "MAP_class19": 0.01817451703395148,
    "Aggregate": 41.24459604729047
}