{
    "multi-label/mAP": 15.61565113067627,
    "multi-label/precision": 16.395946502685547,
    "multi-label/recall": 14.006010055541992,
    "multi-label/f1-score": 12.0421781539917,
    "multi-label/precision_micro": 20.39311981201172,
    "multi-label/recall_micro": 18.458118438720703,
    "multi-label/f1-score_micro": 19.377431869506836,
    "AUC/AUC_multilabe": 54.84748311761077,
    "AUC/AUC_class1": 65.47028598385843,
    "AUC/AUC_class2": 53.543183693937465,
    "AUC/AUC_class3": 57.82472032472034,
    "AUC/AUC_class4": 65.68452257556284,
    "AUC/AUC_class5": 58.362078822991315,
    "AUC/AUC_class6": 46.723602484472046,
    "AUC/AUC_class7": 53.59365369703959,
    "AUC/AUC_class8": 65.81907940481156,
    "AUC/AUC_class9": 65.25211461543505,
    "AUC/AUC_class10": 47.09315603826731,
    "AUC/AUC_class11": 48.219896102280146,
    "AUC/AUC_class12": 46.48565279770445,
    "AUC/AUC_class13": 56.0022788312851,
    "AUC/AUC_class14": 54.81253272119528,
    "AUC/AUC_class15": 42.95102765795484,
    "AUC/AUC_class16": 67.92725679228747,
    "AUC/AUC_class17": 56.17126775663361,
    "AUC/AUC_class18": 46.80207433016422,
    "AUC/AUC_class19": 43.36379460400348,
    "MAP_class1": 0.5159031698017438,
    "MAP_class2": 0.19187403719585994,
    "MAP_class3": 0.26842716830165614,
    "MAP_class4": 0.3714127263356148,
    "MAP_class5": 0.23994999203887302,
    "MAP_class6": 0.13160941652114574,
    "MAP_class7": 0.2121290377300535,
    "MAP_class8": 0.21487220321637862,
    "MAP_class9": 0.21913538099854174,
    "MAP_class10": 0.12625224826123455,
    "MAP_class11": 0.1004416463645531,
    "MAP_class12": 0.11814340105818813,
    "MAP_class13": 0.04879560340812869,
    "MAP_class14": 0.09088358284751613,
    "MAP_class15": 0.026659329280588465,
    "MAP_class16": 0.038744700013491215,
    "MAP_class17": 0.031181374309895912,
    "MAP_class18": 0.004671814647982271,
    "MAP_class19": 0.011295205824230783,
    "Aggregate": 35.21948376447822
}