{
    "multi-label/mAP": 21.131698608398438,
    "multi-label/precision": 22.71094512939453,
    "multi-label/recall": 16.228271484375,
    "multi-label/f1-score": 17.085891723632812,
    "multi-label/precision_micro": 29.51303482055664,
    "multi-label/recall_micro": 22.23869514465332,
    "multi-label/f1-score_micro": 25.364614486694336,
    "AUC/AUC_multilabe": 61.68748480966573,
    "AUC/AUC_class1": 73.98892019737094,
    "AUC/AUC_class2": 57.60872971928248,
    "AUC/AUC_class3": 70.74423324423323,
    "AUC/AUC_class4": 79.3789128902525,
    "AUC/AUC_class5": 50.46834502210703,
    "AUC/AUC_class6": 54.85776397515528,
    "AUC/AUC_class7": 48.10177545380441,
    "AUC/AUC_class8": 65.03128911138923,
    "AUC/AUC_class9": 70.78093239787556,
    "AUC/AUC_class10": 49.6320450681351,
    "AUC/AUC_class11": 52.859520328490994,
    "AUC/AUC_class12": 42.3077474892396,
    "AUC/AUC_class13": 67.73215593716937,
    "AUC/AUC_class14": 62.03837944504852,
    "AUC/AUC_class15": 53.620908398883536,
    "AUC/AUC_class16": 95.7230499561788,
    "AUC/AUC_class17": 46.817207183060844,
    "AUC/AUC_class18": 74.52463267070009,
    "AUC/AUC_class19": 55.84566289527125,
    "MAP_class1": 0.6151472574919876,
    "MAP_class2": 0.20699810851114223,
    "MAP_class3": 0.45608999795307115,
    "MAP_class4": 0.5765762250843557,
    "MAP_class5": 0.20542860030255897,
    "MAP_class6": 0.15121151984095352,
    "MAP_class7": 0.17937319936156865,
    "MAP_class8": 0.20333028046934856,
    "MAP_class9": 0.23940629053508514,
    "MAP_class10": 0.13204841299221887,
    "MAP_class11": 0.13806827628561075,
    "MAP_class12": 0.0948873743942663,
    "MAP_class13": 0.07240064545905803,
    "MAP_class14": 0.11901063440160918,
    "MAP_class15": 0.03261144243404467,
    "MAP_class16": 0.5336190622099424,
    "MAP_class17": 0.027599411602830644,
    "MAP_class18": 0.009311636188863064,
    "MAP_class19": 0.021904188819969084,
    "Aggregate": 41.40959125835519
}