{
    "multi-label/mAP": 20.88935089111328,
    "multi-label/precision": 22.558446884155273,
    "multi-label/recall": 21.854167938232422,
    "multi-label/f1-score": 19.320602416992188,
    "multi-label/precision_micro": 26.10212516784668,
    "multi-label/recall_micro": 30.504077911376953,
    "multi-label/f1-score_micro": 28.13194465637207,
    "AUC/AUC_multilabe": 61.25468252249656,
    "AUC/AUC_class1": 75.80962884573701,
    "AUC/AUC_class2": 54.49336077476781,
    "AUC/AUC_class3": 68.02626802626803,
    "AUC/AUC_class4": 76.37920311787387,
    "AUC/AUC_class5": 50.7313424302485,
    "AUC/AUC_class6": 57.62732919254658,
    "AUC/AUC_class7": 45.7532258385192,
    "AUC/AUC_class8": 61.56932276456683,
    "AUC/AUC_class9": 67.32410989443316,
    "AUC/AUC_class10": 46.849544497170555,
    "AUC/AUC_class11": 56.4002861853361,
    "AUC/AUC_class12": 42.1764705882353,
    "AUC/AUC_class13": 61.28021486123546,
    "AUC/AUC_class14": 61.59739841327374,
    "AUC/AUC_class15": 48.604415123065216,
    "AUC/AUC_class16": 97.83523225241017,
    "AUC/AUC_class17": 63.602251407129465,
    "AUC/AUC_class18": 67.48055315471046,
    "AUC/AUC_class19": 60.29881055990717,
    "MAP_class1": 0.6392754114726158,
    "MAP_class2": 0.2040315006397696,
    "MAP_class3": 0.4144564330246978,
    "MAP_class4": 0.45564509126922687,
    "MAP_class5": 0.18969085065920888,
    "MAP_class6": 0.1689012921267512,
    "MAP_class7": 0.20936221315381787,
    "MAP_class8": 0.20798084968098318,
    "MAP_class9": 0.21117871538106714,
    "MAP_class10": 0.12371176676958494,
    "MAP_class11": 0.13772791816027893,
    "MAP_class12": 0.09482152823033888,
    "MAP_class13": 0.09796764372166926,
    "MAP_class14": 0.13428392721472002,
    "MAP_class15": 0.028724094614294527,
    "MAP_class16": 0.5833508784693845,
    "MAP_class17": 0.025424745959541948,
    "MAP_class18": 0.006735980497405444,
    "MAP_class19": 0.035706071931962374,
    "Aggregate": 41.0720173480307
}