{
    "multi-label/mAP": 26.55620002746582,
    "multi-label/precision": 27.287385940551758,
    "multi-label/recall": 30.272329330444336,
    "multi-label/f1-score": 26.9982852935791,
    "multi-label/precision_micro": 33.76884460449219,
    "multi-label/recall_micro": 37.36100769042969,
    "multi-label/f1-score_micro": 35.474220275878906,
    "AUC/AUC_multilabe": 68.47526024254816,
    "AUC/AUC_class1": 82.95938468207724,
    "AUC/AUC_class2": 61.439212695494106,
    "AUC/AUC_class3": 72.8083853083853,
    "AUC/AUC_class4": 83.98855673949997,
    "AUC/AUC_class5": 70.35156845555726,
    "AUC/AUC_class6": 54.38571428571428,
    "AUC/AUC_class7": 55.907409984690936,
    "AUC/AUC_class8": 73.9243498817967,
    "AUC/AUC_class9": 76.19959346928071,
    "AUC/AUC_class10": 52.08782703580583,
    "AUC/AUC_class11": 71.66181914331041,
    "AUC/AUC_class12": 70.23888091822096,
    "AUC/AUC_class13": 71.50647025311305,
    "AUC/AUC_class14": 65.58435020740203,
    "AUC/AUC_class15": 56.16848515605176,
    "AUC/AUC_class16": 95.71866783523224,
    "AUC/AUC_class17": 46.17394800321629,
    "AUC/AUC_class18": 66.7675021607606,
    "AUC/AUC_class19": 73.15781839280532,
    "MAP_class1": 0.740298100341232,
    "MAP_class2": 0.2586166516429568,
    "MAP_class3": 0.45089065154003116,
    "MAP_class4": 0.6148578721732691,
    "MAP_class5": 0.3403369825210949,
    "MAP_class6": 0.14810223381691076,
    "MAP_class7": 0.20773584895361064,
    "MAP_class8": 0.28560067889883695,
    "MAP_class9": 0.27666101120053677,
    "MAP_class10": 0.15662012968699052,
    "MAP_class11": 0.26368620309444424,
    "MAP_class12": 0.23042980274915037,
    "MAP_class13": 0.1225665528802494,
    "MAP_class14": 0.1992471541931603,
    "MAP_class15": 0.03576297018148096,
    "MAP_class16": 0.6458233868399693,
    "MAP_class17": 0.011566889114230754,
    "MAP_class18": 0.019970588178680665,
    "MAP_class19": 0.03280973452950202,
    "Aggregate": 47.504954970053916
}