{
    "multi-label/mAP": 19.21413803100586,
    "multi-label/precision": 12.722436904907227,
    "multi-label/recall": 4.6601243019104,
    "multi-label/f1-score": 5.342519283294678,
    "multi-label/precision_micro": 31.18440818786621,
    "multi-label/recall_micro": 7.709414482116699,
    "multi-label/f1-score_micro": 12.362556457519531,
    "AUC/AUC_multilabe": 57.71326076028881,
    "AUC/AUC_class1": 69.14580969259603,
    "AUC/AUC_class2": 52.456670044609744,
    "AUC/AUC_class3": 68.18755568755567,
    "AUC/AUC_class4": 74.30117334881214,
    "AUC/AUC_class5": 47.77357447781674,
    "AUC/AUC_class6": 52.87204968944099,
    "AUC/AUC_class7": 52.096049466170946,
    "AUC/AUC_class8": 62.09219858156029,
    "AUC/AUC_class9": 65.42784079732476,
    "AUC/AUC_class10": 47.707894536503666,
    "AUC/AUC_class11": 54.25467384203814,
    "AUC/AUC_class12": 37.29698708751793,
    "AUC/AUC_class13": 53.72141287539676,
    "AUC/AUC_class14": 55.247976319922664,
    "AUC/AUC_class15": 55.544278102004576,
    "AUC/AUC_class16": 97.64241893076249,
    "AUC/AUC_class17": 45.85231841329402,
    "AUC/AUC_class18": 50.10803802938635,
    "AUC/AUC_class19": 54.823034522773426,
    "MAP_class1": 0.5516479001969328,
    "MAP_class2": 0.18448490239774987,
    "MAP_class3": 0.3622560381250636,
    "MAP_class4": 0.45437162160399003,
    "MAP_class5": 0.18143471233965305,
    "MAP_class6": 0.16016659988940923,
    "MAP_class7": 0.21877942468329822,
    "MAP_class8": 0.18607214155590476,
    "MAP_class9": 0.2167180567608754,
    "MAP_class10": 0.13189080574322593,
    "MAP_class11": 0.13571155398300197,
    "MAP_class12": 0.09375419688966663,
    "MAP_class13": 0.044141538695469135,
    "MAP_class14": 0.09162703313225086,
    "MAP_class15": 0.03786838144364717,
    "MAP_class16": 0.570265491589021,
    "MAP_class17": 0.012645798769283349,
    "MAP_class18": 0.004247511443522612,
    "MAP_class19": 0.012601305305258156,
    "Aggregate": 38.463696207900256
}