{
    "multi-label/mAP": 17.36488151550293,
    "multi-label/precision": 15.964520454406738,
    "multi-label/recall": 48.287506103515625,
    "multi-label/f1-score": 18.885204315185547,
    "multi-label/precision_micro": 17.94976234436035,
    "multi-label/recall_micro": 65.41883087158203,
    "multi-label/f1-score_micro": 28.17013931274414,
    "AUC/AUC_multilabe": 57.6575895754819,
    "AUC/AUC_class1": 74.10367074243602,
    "AUC/AUC_class2": 56.41931069066748,
    "AUC/AUC_class3": 65.35904035904036,
    "AUC/AUC_class4": 73.39524855922717,
    "AUC/AUC_class5": 52.79291812776338,
    "AUC/AUC_class6": 54.61677018633541,
    "AUC/AUC_class7": 51.29480883551704,
    "AUC/AUC_class8": 67.16381588096232,
    "AUC/AUC_class9": 57.26378598124714,
    "AUC/AUC_class10": 49.680894257365445,
    "AUC/AUC_class11": 65.48122686409307,
    "AUC/AUC_class12": 61.340028694404594,
    "AUC/AUC_class13": 34.48766989501099,
    "AUC/AUC_class14": 53.708066529741046,
    "AUC/AUC_class15": 56.51103780766304,
    "AUC/AUC_class16": 71.02103418054338,
    "AUC/AUC_class17": 52.05038863575449,
    "AUC/AUC_class18": 53.997407087294725,
    "AUC/AUC_class19": 44.807078619089054,
    "MAP_class1": 0.6008911716484996,
    "MAP_class2": 0.21183303390530547,
    "MAP_class3": 0.34165412115402694,
    "MAP_class4": 0.44287926493345137,
    "MAP_class5": 0.21138822278731512,
    "MAP_class6": 0.14725856428137016,
    "MAP_class7": 0.20197662876792136,
    "MAP_class8": 0.22116872416478037,
    "MAP_class9": 0.17000611481858807,
    "MAP_class10": 0.1440753678681133,
    "MAP_class11": 0.16623008480991333,
    "MAP_class12": 0.19156126636478293,
    "MAP_class13": 0.02701163055680384,
    "MAP_class14": 0.09294645204277177,
    "MAP_class15": 0.053756055298742375,
    "MAP_class16": 0.03735299089285168,
    "MAP_class17": 0.01223908202767799,
    "MAP_class18": 0.004656222954953467,
    "MAP_class19": 0.020442200042276922,
    "Aggregate": 37.511234785951864
}