{
    "multi-label/mAP": 18.593158721923828,
    "multi-label/precision": 19.805177688598633,
    "multi-label/recall": 10.857596397399902,
    "multi-label/f1-score": 12.209595680236816,
    "multi-label/precision_micro": 28.269756317138672,
    "multi-label/recall_micro": 15.381763458251953,
    "multi-label/f1-score_micro": 19.923187255859375,
    "AUC/AUC_multilabe": 57.618913028818426,
    "AUC/AUC_class1": 67.33115732299729,
    "AUC/AUC_class2": 55.461298174866016,
    "AUC/AUC_class3": 63.15876315876315,
    "AUC/AUC_class4": 72.10000414610889,
    "AUC/AUC_class5": 48.88893123951822,
    "AUC/AUC_class6": 54.69192546583851,
    "AUC/AUC_class7": 50.848957194266056,
    "AUC/AUC_class8": 67.47183979974969,
    "AUC/AUC_class9": 73.28371910038686,
    "AUC/AUC_class10": 47.32978912375974,
    "AUC/AUC_class11": 61.50496158272934,
    "AUC/AUC_class12": 42.09182209469154,
    "AUC/AUC_class13": 64.16944738341336,
    "AUC/AUC_class14": 55.70859006886554,
    "AUC/AUC_class15": 44.51915757421973,
    "AUC/AUC_class16": 87.4715162138475,
    "AUC/AUC_class17": 43.56070758509783,
    "AUC/AUC_class18": 47.299049265341395,
    "AUC/AUC_class19": 47.86771105308964,
    "MAP_class1": 0.5477429116564503,
    "MAP_class2": 0.20006635893816288,
    "MAP_class3": 0.3491583971818774,
    "MAP_class4": 0.4461252143584804,
    "MAP_class5": 0.1920919872798026,
    "MAP_class6": 0.15984687741496745,
    "MAP_class7": 0.20365681524014503,
    "MAP_class8": 0.2262151721370917,
    "MAP_class9": 0.2536148785173187,
    "MAP_class10": 0.1272392847926425,
    "MAP_class11": 0.1675077034660301,
    "MAP_class12": 0.10475479346963773,
    "MAP_class13": 0.06914834273246513,
    "MAP_class14": 0.09962863739513846,
    "MAP_class15": 0.026935373070439993,
    "MAP_class16": 0.32185498400701973,
    "MAP_class17": 0.020707731022824995,
    "MAP_class18": 0.004190359127380543,
    "MAP_class19": 0.012214446869523048,
    "Aggregate": 38.10603616882342
}