{
    "multi-label/mAP": 16.877321243286133,
    "multi-label/precision": 15.584495544433594,
    "multi-label/recall": 8.19566535949707,
    "multi-label/f1-score": 8.440519332885742,
    "multi-label/precision_micro": 24.19562530517578,
    "multi-label/recall_micro": 13.936248779296875,
    "multi-label/f1-score_micro": 17.685794830322266,
    "AUC/AUC_multilabe": 57.413664457349725,
    "AUC/AUC_class1": 65.83047519475717,
    "AUC/AUC_class2": 52.36003301329934,
    "AUC/AUC_class3": 56.94444444444444,
    "AUC/AUC_class4": 59.517807537625934,
    "AUC/AUC_class5": 38.59868120140265,
    "AUC/AUC_class6": 58.290683229813666,
    "AUC/AUC_class7": 57.486530011730316,
    "AUC/AUC_class8": 55.44430538172717,
    "AUC/AUC_class9": 60.48980394728215,
    "AUC/AUC_class10": 51.38744385515264,
    "AUC/AUC_class11": 51.11052353252248,
    "AUC/AUC_class12": 57.40602582496413,
    "AUC/AUC_class13": 62.91405550581916,
    "AUC/AUC_class14": 54.79642382505738,
    "AUC/AUC_class15": 55.87414361837097,
    "AUC/AUC_class16": 87.4715162138475,
    "AUC/AUC_class17": 57.129455909943715,
    "AUC/AUC_class18": 37.01382886776145,
    "AUC/AUC_class19": 70.79344357412242,
    "MAP_class1": 0.502789468382901,
    "MAP_class2": 0.18599473655718,
    "MAP_class3": 0.26975320780448536,
    "MAP_class4": 0.3286939994617193,
    "MAP_class5": 0.14919026029999782,
    "MAP_class6": 0.19936504008732348,
    "MAP_class7": 0.22757233802759447,
    "MAP_class8": 0.14076953370968676,
    "MAP_class9": 0.2000528460077039,
    "MAP_class10": 0.14851579611085358,
    "MAP_class11": 0.1446241177639407,
    "MAP_class12": 0.14287839389430645,
    "MAP_class13": 0.0885102815148151,
    "MAP_class14": 0.08796248332950451,
    "MAP_class15": 0.03701500869076943,
    "MAP_class16": 0.31511745294082893,
    "MAP_class17": 0.015309105113870226,
    "MAP_class18": 0.003297012088096886,
    "MAP_class19": 0.019280066699230235,
    "Aggregate": 37.14549314574015
}