{
    "multi-label/mAP": 20.16297721862793,
    "multi-label/precision": 22.08392906188965,
    "multi-label/recall": 11.372103691101074,
    "multi-label/f1-score": 12.584198951721191,
    "multi-label/precision_micro": 25.772357940673828,
    "multi-label/recall_micro": 11.749444007873535,
    "multi-label/f1-score_micro": 16.14052963256836,
    "AUC/AUC_multilabe": 60.34365000110835,
    "AUC/AUC_class1": 70.6586043783708,
    "AUC/AUC_class2": 54.23165724673263,
    "AUC/AUC_class3": 59.61703461703461,
    "AUC/AUC_class4": 78.11849579169949,
    "AUC/AUC_class5": 50.41831834121056,
    "AUC/AUC_class6": 58.188819875776396,
    "AUC/AUC_class7": 53.61900312145853,
    "AUC/AUC_class8": 61.96287025448477,
    "AUC/AUC_class9": 70.67995541275982,
    "AUC/AUC_class10": 49.51341132286142,
    "AUC/AUC_class11": 64.23149905123341,
    "AUC/AUC_class12": 46.196556671449066,
    "AUC/AUC_class13": 60.437861154065274,
    "AUC/AUC_class14": 57.655752889533254,
    "AUC/AUC_class15": 47.95483379852829,
    "AUC/AUC_class16": 94.80718667835232,
    "AUC/AUC_class17": 58.37577057089253,
    "AUC/AUC_class18": 46.11063094209162,
    "AUC/AUC_class19": 63.75108790252394,
    "MAP_class1": 0.5857471115413542,
    "MAP_class2": 0.2011868369123122,
    "MAP_class3": 0.29322382455140333,
    "MAP_class4": 0.48305710416688197,
    "MAP_class5": 0.20574183065401178,
    "MAP_class6": 0.17342718532126872,
    "MAP_class7": 0.20222549422323416,
    "MAP_class8": 0.1767711309651146,
    "MAP_class9": 0.2552655029824479,
    "MAP_class10": 0.14308922482149583,
    "MAP_class11": 0.17681624130730553,
    "MAP_class12": 0.10318058916880016,
    "MAP_class13": 0.05248434267427664,
    "MAP_class14": 0.10277100506699538,
    "MAP_class15": 0.03308749926666543,
    "MAP_class16": 0.5951164439858183,
    "MAP_class17": 0.019391951916118158,
    "MAP_class18": 0.00429809234787171,
    "MAP_class19": 0.02408452960196955,
    "Aggregate": 40.25331432022614
}