{
    "multi-label/mAP": 19.132354736328125,
    "multi-label/precision": 24.63664436340332,
    "multi-label/recall": 12.983572959899902,
    "multi-label/f1-score": 12.916108131408691,
    "multi-label/precision_micro": 32.252655029296875,
    "multi-label/recall_micro": 21.386211395263672,
    "multi-label/f1-score_micro": 25.71874237060547,
    "AUC/AUC_multilabe": 57.42392338044722,
    "AUC/AUC_class1": 70.67836697224311,
    "AUC/AUC_class2": 58.42257023161545,
    "AUC/AUC_class3": 65.12309012309011,
    "AUC/AUC_class4": 71.38065425598076,
    "AUC/AUC_class5": 55.224691263912185,
    "AUC/AUC_class6": 55.46770186335404,
    "AUC/AUC_class7": 44.18106447700658,
    "AUC/AUC_class8": 61.81754971492143,
    "AUC/AUC_class9": 74.43774178742379,
    "AUC/AUC_class10": 48.21859060572995,
    "AUC/AUC_class11": 52.98939247830279,
    "AUC/AUC_class12": 49.08393113342898,
    "AUC/AUC_class13": 58.67787092048506,
    "AUC/AUC_class14": 57.26511215818936,
    "AUC/AUC_class15": 43.141334686627765,
    "AUC/AUC_class16": 94.85539000876425,
    "AUC/AUC_class17": 49.41034575180917,
    "AUC/AUC_class18": 44.74935177182368,
    "AUC/AUC_class19": 35.929794023788794,
    "MAP_class1": 0.5883452435575957,
    "MAP_class2": 0.20663523261484157,
    "MAP_class3": 0.35430097580820347,
    "MAP_class4": 0.39992196930691587,
    "MAP_class5": 0.21648988286393217,
    "MAP_class6": 0.16057782877339027,
    "MAP_class7": 0.16752660624958982,
    "MAP_class8": 0.17320352888778368,
    "MAP_class9": 0.2485573321825689,
    "MAP_class10": 0.1319452307751291,
    "MAP_class11": 0.1382875922984182,
    "MAP_class12": 0.13058941890466222,
    "MAP_class13": 0.08162360347027345,
    "MAP_class14": 0.1104834972264096,
    "MAP_class15": 0.029027791299118765,
    "MAP_class16": 0.4689204638461511,
    "MAP_class17": 0.013906235754832323,
    "MAP_class18": 0.0037268682809326733,
    "MAP_class19": 0.011077877166026713,
    "Aggregate": 38.278138477767754
}