{
    "multi-label/mAP": 15.322094917297363,
    "multi-label/precision": 16.667272567749023,
    "multi-label/recall": 7.156179904937744,
    "multi-label/f1-score": 7.587192535400391,
    "multi-label/precision_micro": 30.94278907775879,
    "multi-label/recall_micro": 14.232765197753906,
    "multi-label/f1-score_micro": 19.49733543395996,
    "AUC/AUC_multilabe": 52.45250950080135,
    "AUC/AUC_class1": 68.53014114317044,
    "AUC/AUC_class2": 48.898337843061455,
    "AUC/AUC_class3": 51.34805134805135,
    "AUC/AUC_class4": 64.41602056470002,
    "AUC/AUC_class5": 55.43432687909742,
    "AUC/AUC_class6": 53.88944099378882,
    "AUC/AUC_class7": 47.11762132930394,
    "AUC/AUC_class8": 51.64441663190098,
    "AUC/AUC_class9": 54.31381548750902,
    "AUC/AUC_class10": 51.362067652955055,
    "AUC/AUC_class11": 67.07468815130494,
    "AUC/AUC_class12": 58.84720229555237,
    "AUC/AUC_class13": 56.79173109790836,
    "AUC/AUC_class14": 55.96532560106318,
    "AUC/AUC_class15": 50.6698807409287,
    "AUC/AUC_class16": 59.64504820333041,
    "AUC/AUC_class17": 38.635754489413024,
    "AUC/AUC_class18": 21.391529818496107,
    "AUC/AUC_class19": 40.62228024369017,
    "MAP_class1": 0.56240467354302,
    "MAP_class2": 0.1602229941568015,
    "MAP_class3": 0.2434490722535766,
    "MAP_class4": 0.3526164626149402,
    "MAP_class5": 0.2282738379925788,
    "MAP_class6": 0.20218916982205487,
    "MAP_class7": 0.16514294104212002,
    "MAP_class8": 0.13908818904392922,
    "MAP_class9": 0.1359059777420875,
    "MAP_class10": 0.14507875434226175,
    "MAP_class11": 0.19757791385452797,
    "MAP_class12": 0.14976178913215862,
    "MAP_class13": 0.04096340873292024,
    "MAP_class14": 0.10224727209275244,
    "MAP_class15": 0.032169975548465915,
    "MAP_class16": 0.02968223589680916,
    "MAP_class17": 0.012696127757752059,
    "MAP_class18": 0.002640187984289079,
    "MAP_class19": 0.009014849351737643,
    "Aggregate": 33.88711220541326
}