{
    "multi-label/mAP": 16.846399307250977,
    "multi-label/precision": 16.944589614868164,
    "multi-label/recall": 47.27516555786133,
    "multi-label/f1-score": 24.69696807861328,
    "multi-label/precision_micro": 23.103689193725586,
    "multi-label/recall_micro": 68.1724853515625,
    "multi-label/f1-score_micro": 34.51143264770508,
    "AUC/AUC_multilabe": 57.658950736564165,
    "AUC/AUC_class1": 64.51735438701027,
    "AUC/AUC_class2": 42.32320332472077,
    "AUC/AUC_class3": 61.897622617262805,
    "AUC/AUC_class4": 61.897622617262805,
    "MAP_class1": 0.3283528015918924,
    "MAP_class2": 0.21448317426380134,
    "MAP_class3": 0.1309500491349898,
    "MAP_class4": -0.0,
    "Aggregate": 37.251800680665625
}