{
    "multi-label/mAP": 20.447612762451172,
    "multi-label/precision": 15.598567008972168,
    "multi-label/recall": 59.52934265136719,
    "multi-label/f1-score": 23.62343978881836,
    "multi-label/precision_micro": 19.486995697021484,
    "multi-label/recall_micro": 81.09710693359375,
    "multi-label/f1-score_micro": 31.423234939575195,
    "AUC/AUC_multilabe": 61.01637448863882,
    "AUC/AUC_class1": 75.16383827823182,
    "AUC/AUC_class2": 55.390256897794586,
    "AUC/AUC_class3": 65.3747153747154,
    "AUC/AUC_class4": 75.70297276006467,
    "AUC/AUC_class5": 56.8650899527367,
    "AUC/AUC_class6": 55.30869565217391,
    "AUC/AUC_class7": 51.537368033878764,
    "AUC/AUC_class8": 60.543039910999866,
    "AUC/AUC_class9": 69.02104780014426,
    "AUC/AUC_class10": 52.664501230745806,
    "AUC/AUC_class11": 60.38977198494416,
    "AUC/AUC_class12": 67.77187948350073,
    "AUC/AUC_class13": 62.32603564743224,
    "AUC/AUC_class14": 57.75945390842093,
    "AUC/AUC_class15": 57.48540979446841,
    "AUC/AUC_class16": 96.54250657318141,
    "AUC/AUC_class17": 47.239346019833825,
    "AUC/AUC_class18": 52.074330164217805,
    "AUC/AUC_class19": 40.15085581665217,
    "MAP_class1": 0.6348805164238078,
    "MAP_class2": 0.20301598897811035,
    "MAP_class3": 0.37531462634587753,
    "MAP_class4": 0.46792491512309975,
    "MAP_class5": 0.23069564810507853,
    "MAP_class6": 0.1521895503776978,
    "MAP_class7": 0.18941899266063442,
    "MAP_class8": 0.1666876301062189,
    "MAP_class9": 0.24031672272299762,
    "MAP_class10": 0.1518646141919297,
    "MAP_class11": 0.1500650411115247,
    "MAP_class12": 0.25329392859776595,
    "MAP_class13": 0.06390748115867942,
    "MAP_class14": 0.10970668279984995,
    "MAP_class15": 0.03744786577416011,
    "MAP_class16": 0.43267596144760745,
    "MAP_class17": 0.01189654090325337,
    "MAP_class18": 0.004260012903084681,
    "MAP_class19": 0.009483579154716051,
    "Aggregate": 40.73199329401966
}