{
    "multi-label/mAP": 19.169422149658203,
    "multi-label/precision": 21.13113021850586,
    "multi-label/recall": 13.444363594055176,
    "multi-label/f1-score": 12.83300495147705,
    "multi-label/precision_micro": 35.575408935546875,
    "multi-label/recall_micro": 25.092660903930664,
    "multi-label/f1-score_micro": 29.428386688232422,
    "AUC/AUC_multilabe": 60.11248734560123,
    "AUC/AUC_class1": 73.41038619933445,
    "AUC/AUC_class2": 59.7389233067625,
    "AUC/AUC_class3": 68.47919347919348,
    "AUC/AUC_class4": 74.80907168622248,
    "AUC/AUC_class5": 50.65177618539411,
    "AUC/AUC_class6": 58.13850931677018,
    "AUC/AUC_class7": 56.69423623675368,
    "AUC/AUC_class8": 64.34084272006673,
    "AUC/AUC_class9": 72.80309487902431,
    "AUC/AUC_class10": 41.82695967721471,
    "AUC/AUC_class11": 54.83715432233179,
    "AUC/AUC_class12": 40.04734576757532,
    "AUC/AUC_class13": 64.07585252706112,
    "AUC/AUC_class14": 59.280737787443115,
    "AUC/AUC_class15": 51.738137528546055,
    "AUC/AUC_class16": 95.08326029798422,
    "AUC/AUC_class17": 56.8815331010453,
    "AUC/AUC_class18": 44.2523768366465,
    "AUC/AUC_class19": 55.04786771105309,
    "MAP_class1": 0.6104937597564232,
    "MAP_class2": 0.24243664952208235,
    "MAP_class3": 0.38723307744014235,
    "MAP_class4": 0.44621322825462945,
    "MAP_class5": 0.1888632880305651,
    "MAP_class6": 0.1693912756904738,
    "MAP_class7": 0.22241283022102298,
    "MAP_class8": 0.1978251142443997,
    "MAP_class9": 0.23520760750782177,
    "MAP_class10": 0.11176508496759069,
    "MAP_class11": 0.1481782127090569,
    "MAP_class12": 0.1000107967802211,
    "MAP_class13": 0.06426108159673015,
    "MAP_class14": 0.09742347343434475,
    "MAP_class15": 0.03894630225645487,
    "MAP_class16": 0.3508033344461322,
    "MAP_class17": 0.014162537030298244,
    "MAP_class18": 0.003955600704211154,
    "MAP_class19": 0.012607004909737686,
    "Aggregate": 39.6409548820173
}