{
    "multi-label/mAP": 20.623151779174805,
    "multi-label/precision": 20.477294921875,
    "multi-label/recall": 18.6188907623291,
    "multi-label/f1-score": 17.848125457763672,
    "multi-label/precision_micro": 29.513416290283203,
    "multi-label/recall_micro": 24.054855346679688,
    "multi-label/f1-score_micro": 26.506025314331055,
    "AUC/AUC_multilabe": 59.57709772612587,
    "AUC/AUC_class1": 72.4254440208591,
    "AUC/AUC_class2": 56.38170060280613,
    "AUC/AUC_class3": 64.40410190410189,
    "AUC/AUC_class4": 80.03524192545295,
    "AUC/AUC_class5": 54.875933831376734,
    "AUC/AUC_class6": 58.66832298136646,
    "AUC/AUC_class7": 50.73612740322485,
    "AUC/AUC_class8": 65.71547768043389,
    "AUC/AUC_class9": 69.46560881253689,
    "AUC/AUC_class10": 50.68515745933464,
    "AUC/AUC_class11": 49.08778424114226,
    "AUC/AUC_class12": 39.779053084648496,
    "AUC/AUC_class13": 64.61504028648164,
    "AUC/AUC_class14": 54.265837058515565,
    "AUC/AUC_class15": 45.204262877442275,
    "AUC/AUC_class16": 95.63540753724801,
    "AUC/AUC_class17": 61.364245510586976,
    "AUC/AUC_class18": 37.77009507346586,
    "AUC/AUC_class19": 60.85001450536698,
    "MAP_class1": 0.6091187998529418,
    "MAP_class2": 0.20385493402903287,
    "MAP_class3": 0.34632262716186585,
    "MAP_class4": 0.5304136286180293,
    "MAP_class5": 0.2120355321927769,
    "MAP_class6": 0.19349697906948396,
    "MAP_class7": 0.18864004114033703,
    "MAP_class8": 0.21040442626321193,
    "MAP_class9": 0.2271409164902422,
    "MAP_class10": 0.137746480156352,
    "MAP_class11": 0.1241634775702619,
    "MAP_class12": 0.09163614420826234,
    "MAP_class13": 0.07106017140039712,
    "MAP_class14": 0.09580085952793566,
    "MAP_class15": 0.03203054399273224,
    "MAP_class16": 0.5821785917066238,
    "MAP_class17": 0.0384455999376684,
    "MAP_class18": 0.003298989640341206,
    "MAP_class19": 0.020610135134606394,
    "Aggregate": 40.100124858044786
}