{
    "multi-label/mAP": 22.576839447021484,
    "multi-label/precision": 23.37716293334961,
    "multi-label/recall": 15.511333465576172,
    "multi-label/f1-score": 15.669774055480957,
    "multi-label/precision_micro": 34.57698059082031,
    "multi-label/recall_micro": 24.38843536376953,
    "multi-label/f1-score_micro": 28.602476119995117,
    "AUC/AUC_multilabe": 62.039813802583446,
    "AUC/AUC_class1": 77.52610574900231,
    "AUC/AUC_class2": 58.16191142824309,
    "AUC/AUC_class3": 72.85252285252287,
    "AUC/AUC_class4": 81.21066379203118,
    "AUC/AUC_class5": 51.315463485287395,
    "AUC/AUC_class6": 55.75155279503106,
    "AUC/AUC_class7": 48.0774201244607,
    "AUC/AUC_class8": 65.65359477124181,
    "AUC/AUC_class9": 69.37118877450659,
    "AUC/AUC_class10": 49.370670185500046,
    "AUC/AUC_class11": 51.552244377391354,
    "AUC/AUC_class12": 43.91104734576758,
    "AUC/AUC_class13": 72.15553023520793,
    "AUC/AUC_class14": 55.4538681486851,
    "AUC/AUC_class15": 47.55392032479066,
    "AUC/AUC_class16": 96.3453111305872,
    "AUC/AUC_class17": 53.531224872688284,
    "AUC/AUC_class18": 74.67588591184096,
    "AUC/AUC_class19": 54.28633594429939,
    "MAP_class1": 0.6627546825518871,
    "MAP_class2": 0.21513472195113273,
    "MAP_class3": 0.42675407923634257,
    "MAP_class4": 0.5602570697708884,
    "MAP_class5": 0.19467655495397415,
    "MAP_class6": 0.17132664587637203,
    "MAP_class7": 0.17840193418581785,
    "MAP_class8": 0.2121354843199817,
    "MAP_class9": 0.22599666952835312,
    "MAP_class10": 0.1454072438358792,
    "MAP_class11": 0.14687007955689435,
    "MAP_class12": 0.09880380682193388,
    "MAP_class13": 0.12741405565454414,
    "MAP_class14": 0.09583620490509266,
    "MAP_class15": 0.02888717724272594,
    "MAP_class16": 0.7211722197107331,
    "MAP_class17": 0.05688695819113943,
    "MAP_class18": 0.00823513620820549,
    "MAP_class19": 0.012648522948324166,
    "Aggregate": 42.30832597352915
}