{
    "multi-label/mAP": 18.464313507080078,
    "multi-label/precision": 19.791915893554688,
    "multi-label/recall": 16.434127807617188,
    "multi-label/f1-score": 16.326335906982422,
    "multi-label/precision_micro": 27.53070640563965,
    "multi-label/recall_micro": 24.091920852661133,
    "multi-label/f1-score_micro": 25.69677734375,
    "AUC/AUC_multilabe": 57.54190160094699,
    "AUC/AUC_class1": 66.92251788195995,
    "AUC/AUC_class2": 60.26337508749569,
    "AUC/AUC_class3": 63.034188034188034,
    "AUC/AUC_class4": 77.71632323064803,
    "AUC/AUC_class5": 59.02719545662448,
    "AUC/AUC_class6": 50.98198757763976,
    "AUC/AUC_class7": 51.73718114400461,
    "AUC/AUC_class8": 68.00027812543456,
    "AUC/AUC_class9": 69.79148908268311,
    "AUC/AUC_class10": 46.207526581571805,
    "AUC/AUC_class11": 51.85165023174791,
    "AUC/AUC_class12": 38.37374461979914,
    "AUC/AUC_class13": 62.529502726458865,
    "AUC/AUC_class14": 52.19080987475334,
    "AUC/AUC_class15": 45.102765795483386,
    "AUC/AUC_class16": 86.98948290972831,
    "AUC/AUC_class17": 46.803805950147414,
    "AUC/AUC_class18": 40.53586862575627,
    "AUC/AUC_class19": 55.23643748186829,
    "MAP_class1": 0.5210103835404588,
    "MAP_class2": 0.23426222181607076,
    "MAP_class3": 0.3436022992320312,
    "MAP_class4": 0.48452574963988293,
    "MAP_class5": 0.2473492572871251,
    "MAP_class6": 0.14262876299468408,
    "MAP_class7": 0.20589288807612025,
    "MAP_class8": 0.21786788569283752,
    "MAP_class9": 0.23044160905414143,
    "MAP_class10": 0.12819624725901968,
    "MAP_class11": 0.14331268958833127,
    "MAP_class12": 0.08900699953979682,
    "MAP_class13": 0.0717234790545982,
    "MAP_class14": 0.08699786478478277,
    "MAP_class15": 0.026524765391749305,
    "MAP_class16": 0.2946302192116753,
    "MAP_class17": 0.023663300523120368,
    "MAP_class18": 0.0035631474004544327,
    "MAP_class19": 0.013019771247185584,
    "Aggregate": 38.00310748819472
}