{
    "multi-label/mAP": 20.054006576538086,
    "multi-label/precision": 22.011327743530273,
    "multi-label/recall": 15.834341049194336,
    "multi-label/f1-score": 14.756270408630371,
    "multi-label/precision_micro": 29.101741790771484,
    "multi-label/recall_micro": 23.535951614379883,
    "multi-label/f1-score_micro": 26.02458953857422,
    "AUC/AUC_multilabe": 60.277078198808255,
    "AUC/AUC_class1": 76.1599367596996,
    "AUC/AUC_class2": 55.54487614789122,
    "AUC/AUC_class3": 69.8008448008448,
    "AUC/AUC_class4": 73.04697541357434,
    "AUC/AUC_class5": 51.54701555115109,
    "AUC/AUC_class6": 57.49565217391304,
    "AUC/AUC_class7": 49.33644153726863,
    "AUC/AUC_class8": 65.71686830760672,
    "AUC/AUC_class9": 66.75627827683431,
    "AUC/AUC_class10": 48.73753394067044,
    "AUC/AUC_class11": 52.48701278501882,
    "AUC/AUC_class12": 37.57532281205165,
    "AUC/AUC_class13": 66.50118010905835,
    "AUC/AUC_class14": 55.83041359590835,
    "AUC/AUC_class15": 57.416899264146146,
    "AUC/AUC_class16": 95.43821209465382,
    "AUC/AUC_class17": 51.13910479764138,
    "AUC/AUC_class18": 63.00777873811582,
    "AUC/AUC_class19": 51.726138671308384,
    "MAP_class1": 0.6391631522840192,
    "MAP_class2": 0.20893398409334085,
    "MAP_class3": 0.41117550601370717,
    "MAP_class4": 0.44268165968956674,
    "MAP_class5": 0.20708594943979852,
    "MAP_class6": 0.1794019881899033,
    "MAP_class7": 0.18455077863829067,
    "MAP_class8": 0.22007625554930865,
    "MAP_class9": 0.1972734498535641,
    "MAP_class10": 0.14452628211551766,
    "MAP_class11": 0.13147704807002086,
    "MAP_class12": 0.08756552077612989,
    "MAP_class13": 0.08437025871817426,
    "MAP_class14": 0.09159837522635446,
    "MAP_class15": 0.04141020602599101,
    "MAP_class16": 0.4911023415596312,
    "MAP_class17": 0.020973842593644043,
    "MAP_class18": 0.005614911812900717,
    "MAP_class19": 0.021279785874737174,
    "Aggregate": 40.165542511310974
}