{
    "multi-label/mAP": 24.172801971435547,
    "multi-label/precision": 25.65060043334961,
    "multi-label/recall": 22.12919044494629,
    "multi-label/f1-score": 22.664514541625977,
    "multi-label/precision_micro": 40.941070556640625,
    "multi-label/recall_micro": 34.507041931152344,
    "multi-label/f1-score_micro": 37.4497184753418,
    "AUC/AUC_multilabe": 66.30834469833047,
    "AUC/AUC_class1": 86.49274521553977,
    "AUC/AUC_class2": 58.76262810936178,
    "AUC/AUC_class3": 69.94893244893244,
    "AUC/AUC_class4": 83.2982296115096,
    "AUC/AUC_class5": 63.98507775575545,
    "AUC/AUC_class6": 54.21552795031056,
    "AUC/AUC_class7": 54.91828538481421,
    "AUC/AUC_class8": 67.57126964260881,
    "AUC/AUC_class9": 74.42921775621272,
    "AUC/AUC_class10": 56.954982617301496,
    "AUC/AUC_class11": 64.06663141195136,
    "AUC/AUC_class12": 67.30057388809182,
    "AUC/AUC_class13": 77.58606657442826,
    "AUC/AUC_class14": 59.489146631227094,
    "AUC/AUC_class15": 56.05937579294596,
    "AUC/AUC_class16": 91.42857142857143,
    "AUC/AUC_class17": 45.62449745376574,
    "AUC/AUC_class18": 67.73984442523768,
    "AUC/AUC_class19": 59.98694516971279,
    "MAP_class1": 0.7804175489003891,
    "MAP_class2": 0.21968026374879113,
    "MAP_class3": 0.40455045685605795,
    "MAP_class4": 0.5593209509448679,
    "MAP_class5": 0.3115128987224982,
    "MAP_class6": 0.1669765203376224,
    "MAP_class7": 0.2197041781377948,
    "MAP_class8": 0.21433258205060204,
    "MAP_class9": 0.3129467640277203,
    "MAP_class10": 0.180763615923522,
    "MAP_class11": 0.17695825622071804,
    "MAP_class12": 0.25596561945521773,
    "MAP_class13": 0.13296492557751666,
    "MAP_class14": 0.1162372633642807,
    "MAP_class15": 0.035792573160092774,
    "MAP_class16": 0.4659338761802712,
    "MAP_class17": 0.014862539593602325,
    "MAP_class18": 0.010843273395516079,
    "MAP_class19": 0.013785624012147306,
    "Aggregate": 45.24246111392637
}