{
    "multi-label/mAP": 19.204444885253906,
    "multi-label/precision": 21.704740524291992,
    "multi-label/recall": 11.83643627166748,
    "multi-label/f1-score": 11.868597984313965,
    "multi-label/precision_micro": 26.708728790283203,
    "multi-label/recall_micro": 18.82876205444336,
    "multi-label/f1-score_micro": 22.086957931518555,
    "AUC/AUC_multilabe": 57.24710457735656,
    "AUC/AUC_class1": 67.15935025691373,
    "AUC/AUC_class2": 55.310335461089224,
    "AUC/AUC_class3": 69.16806916806917,
    "AUC/AUC_class4": 68.98752021228077,
    "AUC/AUC_class5": 51.522716877572805,
    "AUC/AUC_class6": 51.62422360248448,
    "AUC/AUC_class7": 52.21782611288943,
    "AUC/AUC_class8": 60.961618690029205,
    "AUC/AUC_class9": 60.44456101239262,
    "AUC/AUC_class10": 47.54548684243916,
    "AUC/AUC_class11": 57.44315177154945,
    "AUC/AUC_class12": 41.035868005738884,
    "AUC/AUC_class13": 60.54366403515912,
    "AUC/AUC_class14": 56.365027586484636,
    "AUC/AUC_class15": 50.893174321238256,
    "AUC/AUC_class16": 96.09991235758106,
    "AUC/AUC_class17": 45.751809166443316,
    "AUC/AUC_class18": 46.56439066551427,
    "AUC/AUC_class19": 48.05628082390484,
    "MAP_class1": 0.5369369805079247,
    "MAP_class2": 0.19480175755229368,
    "MAP_class3": 0.3867736005961609,
    "MAP_class4": 0.4204401258058076,
    "MAP_class5": 0.19628163366224216,
    "MAP_class6": 0.1542278110383994,
    "MAP_class7": 0.22606987481243035,
    "MAP_class8": 0.17033329844663136,
    "MAP_class9": 0.169279484395499,
    "MAP_class10": 0.13145585271486676,
    "MAP_class11": 0.13106139320143045,
    "MAP_class12": 0.0949528342626833,
    "MAP_class13": 0.05301048093922238,
    "MAP_class14": 0.10007696829309337,
    "MAP_class15": 0.04652248327379782,
    "MAP_class16": 0.6110557958809758,
    "MAP_class17": 0.010868488870232215,
    "MAP_class18": 0.004084187256420232,
    "MAP_class19": 0.010611550458538581,
    "Aggregate": 38.22577492543789
}