{
    "multi-label/mAP": 16.53814697265625,
    "multi-label/precision": 16.649017333984375,
    "multi-label/recall": 6.598897933959961,
    "multi-label/f1-score": 7.527754783630371,
    "multi-label/precision_micro": 34.88593292236328,
    "multi-label/recall_micro": 13.602667808532715,
    "multi-label/f1-score_micro": 19.573331832885742,
    "AUC/AUC_multilabe": 57.64085056972085,
    "AUC/AUC_class1": 70.33443408856192,
    "AUC/AUC_class2": 51.89878707466647,
    "AUC/AUC_class3": 50.57502557502558,
    "AUC/AUC_class4": 66.34354658153323,
    "AUC/AUC_class5": 58.7599100472633,
    "AUC/AUC_class6": 60.14037267080745,
    "AUC/AUC_class7": 45.978388373064,
    "AUC/AUC_class8": 57.79307467667918,
    "AUC/AUC_class9": 62.22018228312896,
    "AUC/AUC_class10": 62.06765295505875,
    "AUC/AUC_class11": 67.8321460789498,
    "AUC/AUC_class12": 62.120516499282644,
    "AUC/AUC_class13": 53.73769024171888,
    "AUC/AUC_class14": 59.517337199468415,
    "AUC/AUC_class15": 62.97640192844456,
    "AUC/AUC_class16": 74.08851884312007,
    "AUC/AUC_class17": 49.80568212275529,
    "AUC/AUC_class18": 37.85652549697494,
    "AUC/AUC_class19": 41.12996808819263,
    "MAP_class1": 0.5740234223487752,
    "MAP_class2": 0.17909008722160275,
    "MAP_class3": 0.2380881428922682,
    "MAP_class4": 0.3780742973770742,
    "MAP_class5": 0.25284760933646255,
    "MAP_class6": 0.20021135241130544,
    "MAP_class7": 0.16414424672060288,
    "MAP_class8": 0.1617717815353867,
    "MAP_class9": 0.18132952761069515,
    "MAP_class10": 0.18010744548217317,
    "MAP_class11": 0.21612073079507282,
    "MAP_class12": 0.16613920876384428,
    "MAP_class13": 0.0426265183331727,
    "MAP_class14": 0.09948779417979972,
    "MAP_class15": 0.04725300226516052,
    "MAP_class16": 0.035189090272298544,
    "MAP_class17": 0.012428694657496731,
    "MAP_class18": 0.003369264843004288,
    "MAP_class19": 0.009945845931583836,
    "Aggregate": 37.08949913480195
}