{
    "multi-label/mAP": 20.95780372619629,
    "multi-label/precision": 17.70911979675293,
    "multi-label/recall": 22.998186111450195,
    "multi-label/f1-score": 18.384878158569336,
    "multi-label/precision_micro": 29.99671745300293,
    "multi-label/recall_micro": 33.87694549560547,
    "multi-label/f1-score_micro": 31.818971633911133,
    "AUC/AUC_multilabe": 60.26863548924173,
    "AUC/AUC_class1": 72.2630401244406,
    "AUC/AUC_class2": 50.99248842967437,
    "AUC/AUC_class3": 65.26375276375275,
    "AUC/AUC_class4": 77.05564078112691,
    "AUC/AUC_class5": 52.43415535904863,
    "AUC/AUC_class6": 53.57453416149068,
    "AUC/AUC_class7": 50.137682167922534,
    "AUC/AUC_class8": 69.91725768321511,
    "AUC/AUC_class9": 69.71477280178348,
    "AUC/AUC_class10": 47.33930519958383,
    "AUC/AUC_class11": 54.56652253709522,
    "AUC/AUC_class12": 42.931850789096124,
    "AUC/AUC_class13": 55.14975177016359,
    "AUC/AUC_class14": 63.43079215496758,
    "AUC/AUC_class15": 40.13702106064451,
    "AUC/AUC_class16": 96.69588080631024,
    "AUC/AUC_class17": 50.85097829000268,
    "AUC/AUC_class18": 62.92134831460674,
    "AUC/AUC_class19": 69.72729910066724,
    "MAP_class1": 0.5938850500656776,
    "MAP_class2": 0.1764917959208496,
    "MAP_class3": 0.36395023266692444,
    "MAP_class4": 0.5040555979663868,
    "MAP_class5": 0.20944289168103403,
    "MAP_class6": 0.15542373355410488,
    "MAP_class7": 0.21814467011520183,
    "MAP_class8": 0.21873742620177344,
    "MAP_class9": 0.21899328912283006,
    "MAP_class10": 0.14556480421756862,
    "MAP_class11": 0.14942298150344047,
    "MAP_class12": 0.09909531593704544,
    "MAP_class13": 0.043799970829666475,
    "MAP_class14": 0.12654994830300592,
    "MAP_class15": 0.023915720748379922,
    "MAP_class16": 0.6752661702520515,
    "MAP_class17": 0.025703285505837323,
    "MAP_class18": 0.006161076776959555,
    "MAP_class19": 0.02700818505963474,
    "Aggregate": 40.61224444574816
}