{
    "multi-label/mAP": 20.656784057617188,
    "multi-label/precision": 24.648754119873047,
    "multi-label/recall": 10.010892868041992,
    "multi-label/f1-score": 12.543286323547363,
    "multi-label/precision_micro": 36.81318664550781,
    "multi-label/recall_micro": 14.89992618560791,
    "multi-label/f1-score_micro": 21.213722229003906,
    "AUC/AUC_multilabe": 61.109935568631705,
    "AUC/AUC_class1": 75.39333936836199,
    "AUC/AUC_class2": 57.74036502679719,
    "AUC/AUC_class3": 73.49849849849849,
    "AUC/AUC_class4": 76.52431692856253,
    "AUC/AUC_class5": 53.52616633633176,
    "AUC/AUC_class6": 57.181987577639745,
    "AUC/AUC_class7": 50.484124301648215,
    "AUC/AUC_class8": 68.6663885412321,
    "AUC/AUC_class9": 67.50114746573995,
    "AUC/AUC_class10": 46.88824320552186,
    "AUC/AUC_class11": 52.50723240115719,
    "AUC/AUC_class12": 38.92898134863702,
    "AUC/AUC_class13": 69.19711890616098,
    "AUC/AUC_class14": 62.71797350086587,
    "AUC/AUC_class15": 53.41030195381883,
    "AUC/AUC_class16": 92.35319894829097,
    "AUC/AUC_class17": 51.6684534977218,
    "AUC/AUC_class18": 57.51944684528954,
    "AUC/AUC_class19": 55.381491151726145,
    "MAP_class1": 0.6242926536448834,
    "MAP_class2": 0.21757652842846248,
    "MAP_class3": 0.4433532361736151,
    "MAP_class4": 0.495815081311509,
    "MAP_class5": 0.2202941596142451,
    "MAP_class6": 0.17543440676500613,
    "MAP_class7": 0.18392515770337073,
    "MAP_class8": 0.23301195604972874,
    "MAP_class9": 0.21010018441352885,
    "MAP_class10": 0.12814151213356006,
    "MAP_class11": 0.12879373139516026,
    "MAP_class12": 0.08882268627857903,
    "MAP_class13": 0.08341919758625566,
    "MAP_class14": 0.1094728074475003,
    "MAP_class15": 0.03621328519480721,
    "MAP_class16": 0.4920089443966133,
    "MAP_class17": 0.024402367114696816,
    "MAP_class18": 0.014276873475445831,
    "MAP_class19": 0.015434163013988832,
    "Aggregate": 40.88335971100258
}