{
    "multi-label/mAP": 17.734619140625,
    "multi-label/precision": 26.199504852294922,
    "multi-label/recall": 9.444562911987305,
    "multi-label/f1-score": 9.741767883300781,
    "multi-label/precision_micro": 23.8410587310791,
    "multi-label/recall_micro": 14.677539825439453,
    "multi-label/f1-score_micro": 18.1693058013916,
    "AUC/AUC_multilabe": 58.16644490815167,
    "AUC/AUC_class1": 67.53165202534713,
    "AUC/AUC_class2": 51.394707424858176,
    "AUC/AUC_class3": 57.48275748275747,
    "AUC/AUC_class4": 64.8795555371284,
    "AUC/AUC_class5": 41.222461503277934,
    "AUC/AUC_class6": 57.27391304347827,
    "AUC/AUC_class7": 58.45477861502675,
    "AUC/AUC_class8": 56.027673480739814,
    "AUC/AUC_class9": 56.972001835945186,
    "AUC/AUC_class10": 54.09381581952445,
    "AUC/AUC_class11": 55.04168351634679,
    "AUC/AUC_class12": 63.00430416068865,
    "AUC/AUC_class13": 62.085944494180836,
    "AUC/AUC_class14": 53.28520800612138,
    "AUC/AUC_class15": 52.92819081451409,
    "AUC/AUC_class16": 78.60210341805434,
    "AUC/AUC_class17": 62.570356472795496,
    "AUC/AUC_class18": 42.19965427830596,
    "AUC/AUC_class19": 70.11169132579053,
    "MAP_class1": 0.5291083604689977,
    "MAP_class2": 0.18086522869242172,
    "MAP_class3": 0.278982531345646,
    "MAP_class4": 0.36665357183576486,
    "MAP_class5": 0.15697858645225704,
    "MAP_class6": 0.18579566322745583,
    "MAP_class7": 0.24963709538319953,
    "MAP_class8": 0.14783873710193035,
    "MAP_class9": 0.16535927712104592,
    "MAP_class10": 0.15765840351888552,
    "MAP_class11": 0.15095372743824442,
    "MAP_class12": 0.1703840059207553,
    "MAP_class13": 0.0843851981321256,
    "MAP_class14": 0.09604017982018367,
    "MAP_class15": 0.03202070785527188,
    "MAP_class16": 0.376829783410095,
    "MAP_class17": 0.017700415759510667,
    "MAP_class18": 0.0035280309854329598,
    "MAP_class19": 0.01885826544230464,
    "Aggregate": 37.950532374895644
}