{
    "multi-label/mAP": 20.029699325561523,
    "multi-label/precision": 24.051498413085938,
    "multi-label/recall": 13.573357582092285,
    "multi-label/f1-score": 15.770061492919922,
    "multi-label/precision_micro": 35.173221588134766,
    "multi-label/recall_micro": 22.201629638671875,
    "multi-label/f1-score_micro": 27.221084594726562,
    "AUC/AUC_multilabe": 62.25163713059973,
    "AUC/AUC_class1": 74.75296757659599,
    "AUC/AUC_class2": 56.032762565425884,
    "AUC/AUC_class3": 69.67420717420717,
    "AUC/AUC_class4": 70.21642688336995,
    "AUC/AUC_class5": 60.91629821619149,
    "AUC/AUC_class6": 52.86708074534161,
    "AUC/AUC_class7": 51.43895262142871,
    "AUC/AUC_class8": 67.96273119176749,
    "AUC/AUC_class9": 67.51557274932792,
    "AUC/AUC_class10": 55.450808232039996,
    "AUC/AUC_class11": 63.01987743801911,
    "AUC/AUC_class12": 67.30989956958393,
    "AUC/AUC_class13": 56.856840563196876,
    "AUC/AUC_class14": 60.9067294913616,
    "AUC/AUC_class15": 51.24080182694748,
    "AUC/AUC_class16": 89.0140227870289,
    "AUC/AUC_class17": 58.29536317341195,
    "AUC/AUC_class18": 46.21866897147796,
    "AUC/AUC_class19": 63.09109370467073,
    "MAP_class1": 0.6373154113845496,
    "MAP_class2": 0.2067853299248158,
    "MAP_class3": 0.38299692871297936,
    "MAP_class4": 0.36975184231246816,
    "MAP_class5": 0.28774149483982514,
    "MAP_class6": 0.15778765578019527,
    "MAP_class7": 0.1956411575387034,
    "MAP_class8": 0.24127016078203312,
    "MAP_class9": 0.24506976943257594,
    "MAP_class10": 0.15605783602234513,
    "MAP_class11": 0.18242553599794903,
    "MAP_class12": 0.20840227345043183,
    "MAP_class13": 0.047236692572256475,
    "MAP_class14": 0.11536378887038282,
    "MAP_class15": 0.034362930976627,
    "MAP_class16": 0.30191509061064276,
    "MAP_class17": 0.014654429789063247,
    "MAP_class18": 0.004109307304298704,
    "MAP_class19": 0.01675576529731848,
    "Aggregate": 41.14066962214055
}