{
    "multi-label/mAP": 20.36901092529297,
    "multi-label/precision": 15.789302825927734,
    "multi-label/recall": 40.63801574707031,
    "multi-label/f1-score": 22.29679298400879,
    "multi-label/precision_micro": 21.749408721923828,
    "multi-label/recall_micro": 56.67350769042969,
    "multi-label/f1-score_micro": 31.43507957458496,
    "AUC/AUC_multilabe": 56.638644416862604,
    "AUC/AUC_class1": 65.22866080738865,
    "AUC/AUC_class2": 47.539952699285024,
    "AUC/AUC_class3": 56.892982080388364,
    "AUC/AUC_class4": 56.892982080388364,
    "MAP_class1": 0.39736491588369743,
    "MAP_class2": 0.2516171894752442,
    "MAP_class3": 0.1657844153068747,
    "MAP_class4": -0.0,
    "Aggregate": 38.50390371675401
}