{
    "multi-label/mAP": 20.446197509765625,
    "multi-label/precision": 25.01664161682129,
    "multi-label/recall": 18.691368103027344,
    "multi-label/f1-score": 16.376300811767578,
    "multi-label/precision_micro": 27.96396255493164,
    "multi-label/recall_micro": 28.76204490661621,
    "multi-label/f1-score_micro": 28.357389450073242,
    "AUC/AUC_multilabe": 59.660409380660646,
    "AUC/AUC_class1": 68.03113564789433,
    "AUC/AUC_class2": 58.136838036335526,
    "AUC/AUC_class3": 65.34171534171534,
    "AUC/AUC_class4": 75.09390936605995,
    "AUC/AUC_class5": 51.92864765970423,
    "AUC/AUC_class6": 56.16645962732919,
    "AUC/AUC_class7": 52.602540907012354,
    "AUC/AUC_class8": 69.32902238909749,
    "AUC/AUC_class9": 72.53229296439578,
    "AUC/AUC_class10": 46.16629025300074,
    "AUC/AUC_class11": 53.876722555759486,
    "AUC/AUC_class12": 47.23959827833573,
    "AUC/AUC_class13": 50.72434280133473,
    "AUC/AUC_class14": 68.3007128186541,
    "AUC/AUC_class15": 44.59781781273789,
    "AUC/AUC_class16": 96.2182296231376,
    "AUC/AUC_class17": 48.19083355668722,
    "AUC/AUC_class18": 49.3085566119274,
    "AUC/AUC_class19": 59.76211198143313,
    "MAP_class1": 0.5273486664345488,
    "MAP_class2": 0.21656814486865295,
    "MAP_class3": 0.34747694463128453,
    "MAP_class4": 0.4636511499152748,
    "MAP_class5": 0.20111009687111409,
    "MAP_class6": 0.15898127120072306,
    "MAP_class7": 0.22934376787505445,
    "MAP_class8": 0.23044495520143443,
    "MAP_class9": 0.2450158663824187,
    "MAP_class10": 0.13240362059312163,
    "MAP_class11": 0.1378285703252961,
    "MAP_class12": 0.12296013240494647,
    "MAP_class13": 0.039927176357775505,
    "MAP_class14": 0.1304231273843695,
    "MAP_class15": 0.027973501543366364,
    "MAP_class16": 0.6170893090816679,
    "MAP_class17": 0.036575884183308364,
    "MAP_class18": 0.0043893831881246315,
    "MAP_class19": 0.015265580637082585,
    "Aggregate": 40.05330245106602
}