{
    "multi-label/mAP": 24.82193374633789,
    "multi-label/precision": 26.56768226623535,
    "multi-label/recall": 23.111364364624023,
    "multi-label/f1-score": 23.738601684570312,
    "multi-label/precision_micro": 36.4028205871582,
    "multi-label/recall_micro": 34.43291091918945,
    "multi-label/f1-score_micro": 35.39047622680664,
    "AUC/AUC_multilabe": 67.98733548999913,
    "AUC/AUC_class1": 87.11510754676085,
    "AUC/AUC_class2": 58.69681045560442,
    "AUC/AUC_class3": 72.03618453618454,
    "AUC/AUC_class4": 80.2591318048012,
    "AUC/AUC_class5": 60.89152309803324,
    "AUC/AUC_class6": 57.919875776397525,
    "AUC/AUC_class7": 54.37352128357556,
    "AUC/AUC_class8": 65.76971214017522,
    "AUC/AUC_class9": 74.8252573601731,
    "AUC/AUC_class10": 54.8081559113863,
    "AUC/AUC_class11": 69.16819609916945,
    "AUC/AUC_class12": 73.93543758967002,
    "AUC/AUC_class13": 75.24416049483195,
    "AUC/AUC_class14": 59.55559582779589,
    "AUC/AUC_class15": 56.39939101750825,
    "AUC/AUC_class16": 93.16827344434707,
    "AUC/AUC_class17": 56.29857946931117,
    "AUC/AUC_class18": 73.24978392394122,
    "AUC/AUC_class19": 68.04467653031622,
    "MAP_class1": 0.7865380449538195,
    "MAP_class2": 0.22010002300855777,
    "MAP_class3": 0.42898183124272815,
    "MAP_class4": 0.5187027192251364,
    "MAP_class5": 0.29302727039898385,
    "MAP_class6": 0.17860128312718743,
    "MAP_class7": 0.21509632934122552,
    "MAP_class8": 0.21467967908551416,
    "MAP_class9": 0.31207036765389845,
    "MAP_class10": 0.16090839951102004,
    "MAP_class11": 0.20218384564035424,
    "MAP_class12": 0.29544602704393397,
    "MAP_class13": 0.12512364673229207,
    "MAP_class14": 0.12686317295527777,
    "MAP_class15": 0.03699618668955501,
    "MAP_class16": 0.5459462431077291,
    "MAP_class17": 0.014891330162628323,
    "MAP_class18": 0.010678976856453292,
    "MAP_class19": 0.026855672338799815,
    "Aggregate": 46.398117874144546
}