{
    "multi-label/mAP": 20.98793601989746,
    "multi-label/precision": 23.543867111206055,
    "multi-label/recall": 11.901049613952637,
    "multi-label/f1-score": 14.705754280090332,
    "multi-label/precision_micro": 32.754878997802734,
    "multi-label/recall_micro": 16.79021644592285,
    "multi-label/f1-score_micro": 22.200439453125,
    "AUC/AUC_multilabe": 63.8746943635035,
    "AUC/AUC_class1": 75.43127079853629,
    "AUC/AUC_class2": 56.4146094296848,
    "AUC/AUC_class3": 64.68831468831469,
    "AUC/AUC_class4": 77.91284879140925,
    "AUC/AUC_class5": 61.14975606037506,
    "AUC/AUC_class6": 52.493167701863364,
    "AUC/AUC_class7": 53.57178360538403,
    "AUC/AUC_class8": 72.40856626338478,
    "AUC/AUC_class9": 71.92839813782703,
    "AUC/AUC_class10": 56.10868627401223,
    "AUC/AUC_class11": 43.801132298503745,
    "AUC/AUC_class12": 65.17575322812051,
    "AUC/AUC_class13": 72.44852282900627,
    "AUC/AUC_class14": 56.559341146147965,
    "AUC/AUC_class15": 61.692463841664555,
    "AUC/AUC_class16": 88.62401402278702,
    "AUC/AUC_class17": 55.199678370410076,
    "AUC/AUC_class18": 73.81158167675022,
    "AUC/AUC_class19": 54.199303742384686,
    "MAP_class1": 0.6130271691336935,
    "MAP_class2": 0.20209899645048054,
    "MAP_class3": 0.35876325468572723,
    "MAP_class4": 0.5048113199062952,
    "MAP_class5": 0.2856624825909051,
    "MAP_class6": 0.15831418297525246,
    "MAP_class7": 0.1938612964343816,
    "MAP_class8": 0.2605660155249199,
    "MAP_class9": 0.248073897671179,
    "MAP_class10": 0.16140036526388762,
    "MAP_class11": 0.10144103306216853,
    "MAP_class12": 0.1728243917494375,
    "MAP_class13": 0.09448484702258343,
    "MAP_class14": 0.09414946169864308,
    "MAP_class15": 0.04733734105188525,
    "MAP_class16": 0.45007432654904844,
    "MAP_class17": 0.014143869007601645,
    "MAP_class18": 0.014461133841493173,
    "MAP_class19": 0.012212304785618324,
    "Aggregate": 42.43131478544965
}