{
    "multi-label/mAP": 20.801340103149414,
    "multi-label/precision": 23.32217025756836,
    "multi-label/recall": 18.198591232299805,
    "multi-label/f1-score": 15.97560977935791,
    "multi-label/precision_micro": 28.79708480834961,
    "multi-label/recall_micro": 26.35285186767578,
    "multi-label/f1-score_micro": 27.52080535888672,
    "AUC/AUC_multilabe": 59.260808845070954,
    "AUC/AUC_class1": 69.89328199308946,
    "AUC/AUC_class2": 57.06286108296159,
    "AUC/AUC_class3": 64.1858891858892,
    "AUC/AUC_class4": 77.39541440358224,
    "AUC/AUC_class5": 55.59965314834579,
    "AUC/AUC_class6": 55.195031055900614,
    "AUC/AUC_class7": 49.69530985943496,
    "AUC/AUC_class8": 71.3690724516757,
    "AUC/AUC_class9": 73.6161563176185,
    "AUC/AUC_class10": 43.66673433653919,
    "AUC/AUC_class11": 54.38299063676237,
    "AUC/AUC_class12": 46.007890961262554,
    "AUC/AUC_class13": 61.11947586880443,
    "AUC/AUC_class14": 55.373323667995656,
    "AUC/AUC_class15": 46.99822380106572,
    "AUC/AUC_class16": 94.16739702015775,
    "AUC/AUC_class17": 40.11659072634682,
    "AUC/AUC_class18": 59.39930855661193,
    "AUC/AUC_class19": 50.71076298230345,
    "MAP_class1": 0.5840763293914464,
    "MAP_class2": 0.2242470562131531,
    "MAP_class3": 0.357932532708925,
    "MAP_class4": 0.5023732629482653,
    "MAP_class5": 0.2132094065983757,
    "MAP_class6": 0.1598626497877385,
    "MAP_class7": 0.19573622218637196,
    "MAP_class8": 0.23332260191941195,
    "MAP_class9": 0.2705360159803854,
    "MAP_class10": 0.12330259117652105,
    "MAP_class11": 0.14893582222692614,
    "MAP_class12": 0.10320389145632528,
    "MAP_class13": 0.05537247276284659,
    "MAP_class14": 0.09154311017837474,
    "MAP_class15": 0.02787516275712624,
    "MAP_class16": 0.5970057087821535,
    "MAP_class17": 0.04715474692731428,
    "MAP_class18": 0.005103609130081714,
    "MAP_class19": 0.010912160659609042,
    "Aggregate": 40.02962903777588
}