{
    "multi-label/mAP": 22.612686157226562,
    "multi-label/precision": 25.211740493774414,
    "multi-label/recall": 13.424612998962402,
    "multi-label/f1-score": 15.814067840576172,
    "multi-label/precision_micro": 38.52867889404297,
    "multi-label/recall_micro": 22.90585708618164,
    "multi-label/f1-score_micro": 28.730823516845703,
    "AUC/AUC_multilabe": 66.5637921753904,
    "AUC/AUC_class1": 74.19770243908658,
    "AUC/AUC_class2": 54.89766921927727,
    "AUC/AUC_class3": 60.91641091641091,
    "AUC/AUC_class4": 77.21381483477757,
    "AUC/AUC_class5": 60.94726711388931,
    "AUC/AUC_class6": 56.45900621118013,
    "AUC/AUC_class7": 54.92623814541622,
    "AUC/AUC_class8": 68.45014601585314,
    "AUC/AUC_class9": 74.0239984263327,
    "AUC/AUC_class10": 51.55556119471159,
    "AUC/AUC_class11": 73.6686160450431,
    "AUC/AUC_class12": 59.3012912482066,
    "AUC/AUC_class13": 70.20224627655244,
    "AUC/AUC_class14": 63.79626273609602,
    "AUC/AUC_class15": 44.686627759451916,
    "AUC/AUC_class16": 94.9079754601227,
    "AUC/AUC_class17": 64.11149825783971,
    "AUC/AUC_class18": 88.74243733794296,
    "AUC/AUC_class19": 71.70728169422686,
    "MAP_class1": 0.627788226166234,
    "MAP_class2": 0.21643085965116593,
    "MAP_class3": 0.318379780603937,
    "MAP_class4": 0.4713919134458897,
    "MAP_class5": 0.2734559125930218,
    "MAP_class6": 0.16283962447620315,
    "MAP_class7": 0.19573834160868878,
    "MAP_class8": 0.2528505092904566,
    "MAP_class9": 0.26830793131299613,
    "MAP_class10": 0.13667742006717915,
    "MAP_class11": 0.3442128216214652,
    "MAP_class12": 0.15800381710959474,
    "MAP_class13": 0.10682797305255705,
    "MAP_class14": 0.11992107826397758,
    "MAP_class15": 0.029442276634982195,
    "MAP_class16": 0.5252626669026225,
    "MAP_class17": 0.020172459777486582,
    "MAP_class18": 0.029910015649452268,
    "MAP_class19": 0.038796865916154014,
    "Aggregate": 44.588239493337475
}