{
    "multi-label/mAP": 20.378498077392578,
    "multi-label/precision": 23.999099731445312,
    "multi-label/recall": 16.56958770751953,
    "multi-label/f1-score": 16.909770965576172,
    "multi-label/precision_micro": 31.35109519958496,
    "multi-label/recall_micro": 24.425500869750977,
    "multi-label/f1-score_micro": 27.458332061767578,
    "AUC/AUC_multilabe": 58.81325632054988,
    "AUC/AUC_class1": 68.2459741683773,
    "AUC/AUC_class2": 57.549702775833424,
    "AUC/AUC_class3": 63.922301422301416,
    "AUC/AUC_class4": 76.9675359674945,
    "AUC/AUC_class5": 54.13982695532855,
    "AUC/AUC_class6": 52.26521739130434,
    "AUC/AUC_class7": 48.84933495039466,
    "AUC/AUC_class8": 67.7628285356696,
    "AUC/AUC_class9": 72.70146219920004,
    "AUC/AUC_class10": 49.339584337808006,
    "AUC/AUC_class11": 54.414875416057484,
    "AUC/AUC_class12": 37.85652797704447,
    "AUC/AUC_class13": 53.117115650687715,
    "AUC/AUC_class14": 63.554629294027635,
    "AUC/AUC_class15": 44.34407510784065,
    "AUC/AUC_class16": 95.59596844872918,
    "AUC/AUC_class17": 46.97802197802198,
    "AUC/AUC_class18": 50.324114088159035,
    "AUC/AUC_class19": 59.52277342616769,
    "MAP_class1": 0.5324858451820185,
    "MAP_class2": 0.20598981232212674,
    "MAP_class3": 0.33923637585133837,
    "MAP_class4": 0.49955325978338583,
    "MAP_class5": 0.21672751833194553,
    "MAP_class6": 0.1514018949454402,
    "MAP_class7": 0.1978587532917213,
    "MAP_class8": 0.2116066281342714,
    "MAP_class9": 0.25104102513353177,
    "MAP_class10": 0.1409162544240607,
    "MAP_class11": 0.13929765475760925,
    "MAP_class12": 0.08958618140710611,
    "MAP_class13": 0.040969742948673275,
    "MAP_class14": 0.11943145371550301,
    "MAP_class15": 0.025401851860586737,
    "MAP_class16": 0.6652038322723178,
    "MAP_class17": 0.025161125957127467,
    "MAP_class18": 0.004414370780416194,
    "MAP_class19": 0.015631444974197092,
    "Aggregate": 39.59587822888909
}