{
    "multi-label/mAP": 24.165264129638672,
    "multi-label/precision": 26.470678329467773,
    "multi-label/recall": 24.2684383392334,
    "multi-label/f1-score": 22.43744659423828,
    "multi-label/precision_micro": 32.348541259765625,
    "multi-label/recall_micro": 32.060787200927734,
    "multi-label/f1-score_micro": 32.20402145385742,
    "AUC/AUC_multilabe": 68.70422965226788,
    "AUC/AUC_class1": 80.97180961609568,
    "AUC/AUC_class2": 61.71658709347152,
    "AUC/AUC_class3": 72.50272250272249,
    "AUC/AUC_class4": 82.75011401799411,
    "AUC/AUC_class5": 64.76501753316055,
    "AUC/AUC_class6": 62.18757763975156,
    "AUC/AUC_class7": 58.992087003200986,
    "AUC/AUC_class8": 67.33973021832847,
    "AUC/AUC_class9": 72.97816536620549,
    "AUC/AUC_class10": 51.34747633669146,
    "AUC/AUC_class11": 64.58223162347963,
    "AUC/AUC_class12": 70.29483500717359,
    "AUC/AUC_class13": 76.44258159029869,
    "AUC/AUC_class14": 66.59518344005477,
    "AUC/AUC_class15": 60.65719360568384,
    "AUC/AUC_class16": 96.62576687116564,
    "AUC/AUC_class17": 66.92575716965962,
    "AUC/AUC_class18": 54.127052722558346,
    "AUC/AUC_class19": 73.5784740353931,
    "MAP_class1": 0.7086083381422443,
    "MAP_class2": 0.23144065348952317,
    "MAP_class3": 0.4194937667907387,
    "MAP_class4": 0.5563887682439578,
    "MAP_class5": 0.29693021551785426,
    "MAP_class6": 0.19258681238182873,
    "MAP_class7": 0.2453354327464608,
    "MAP_class8": 0.20806788839415782,
    "MAP_class9": 0.2854271467194253,
    "MAP_class10": 0.13666393305163238,
    "MAP_class11": 0.16425662362041324,
    "MAP_class12": 0.2529816419916807,
    "MAP_class13": 0.13488884481539956,
    "MAP_class14": 0.1478901867583046,
    "MAP_class15": 0.04555473841462154,
    "MAP_class16": 0.49790857588374726,
    "MAP_class17": 0.027185727735646814,
    "MAP_class18": 0.004926199333589046,
    "MAP_class19": 0.03491452928093068,
    "Aggregate": 46.43487804537646
}