{
    "multi-label/mAP": 19.506832122802734,
    "multi-label/precision": 23.065750122070312,
    "multi-label/recall": 10.171975135803223,
    "multi-label/f1-score": 11.018482208251953,
    "multi-label/precision_micro": 37.328521728515625,
    "multi-label/recall_micro": 19.162342071533203,
    "multi-label/f1-score_micro": 25.32451629638672,
    "AUC/AUC_multilabe": 59.945101466577974,
    "AUC/AUC_class1": 74.85209929747165,
    "AUC/AUC_class2": 53.630940565613926,
    "AUC/AUC_class3": 64.03367653367653,
    "AUC/AUC_class4": 71.31804801194079,
    "AUC/AUC_class5": 60.585645677694764,
    "AUC/AUC_class6": 48.98757763975156,
    "AUC/AUC_class7": 43.55925800743584,
    "AUC/AUC_class8": 60.27186761229314,
    "AUC/AUC_class9": 62.5926168775818,
    "AUC/AUC_class10": 56.63841449488669,
    "AUC/AUC_class11": 54.45220393815908,
    "AUC/AUC_class12": 65.54017216642755,
    "AUC/AUC_class13": 59.90070806543501,
    "AUC/AUC_class14": 48.49482501711571,
    "AUC/AUC_class15": 43.09312357269729,
    "AUC/AUC_class16": 92.37072743207713,
    "AUC/AUC_class17": 60.010720986330746,
    "AUC/AUC_class18": 60.50129645635264,
    "AUC/AUC_class19": 58.12300551203946,
    "MAP_class1": 0.6376003200148909,
    "MAP_class2": 0.1966703103829454,
    "MAP_class3": 0.3251102478807712,
    "MAP_class4": 0.4046274898914381,
    "MAP_class5": 0.27342378138962165,
    "MAP_class6": 0.14123487878104263,
    "MAP_class7": 0.15675040386429773,
    "MAP_class8": 0.17876347086331137,
    "MAP_class9": 0.2044558711499224,
    "MAP_class10": 0.16813195908039685,
    "MAP_class11": 0.14531269270521097,
    "MAP_class12": 0.20705212336892959,
    "MAP_class13": 0.05446556604370383,
    "MAP_class14": 0.07932696340419396,
    "MAP_class15": 0.026533732887624947,
    "MAP_class16": 0.4347164839110024,
    "MAP_class17": 0.050640528699551005,
    "MAP_class18": 0.0069141232168984145,
    "MAP_class19": 0.014567102361050513,
    "Aggregate": 39.72596665407005
}