{
    "multi-label/mAP": 23.880462646484375,
    "multi-label/precision": 26.875797271728516,
    "multi-label/recall": 14.121870994567871,
    "multi-label/f1-score": 17.179964065551758,
    "multi-label/precision_micro": 40.013404846191406,
    "multi-label/recall_micro": 22.12750244140625,
    "multi-label/f1-score_micro": 28.496421813964844,
    "AUC/AUC_multilabe": 67.73931393776341,
    "AUC/AUC_class1": 82.93149392459614,
    "AUC/AUC_class2": 58.119077717067654,
    "AUC/AUC_class3": 70.20550770550771,
    "AUC/AUC_class4": 79.04971184543305,
    "AUC/AUC_class5": 63.167975301112975,
    "AUC/AUC_class6": 57.953416149068325,
    "AUC/AUC_class7": 58.13766228602103,
    "AUC/AUC_class8": 69.0356000556251,
    "AUC/AUC_class9": 77.16477608025704,
    "AUC/AUC_class10": 52.81675844393128,
    "AUC/AUC_class11": 68.14243941891934,
    "AUC/AUC_class12": 65.17575322812051,
    "AUC/AUC_class13": 77.02856677789534,
    "AUC/AUC_class14": 58.077604607144295,
    "AUC/AUC_class15": 52.43592996701345,
    "AUC/AUC_class16": 93.84312007011394,
    "AUC/AUC_class17": 60.406057357276865,
    "AUC/AUC_class18": 70.980985306828,
    "AUC/AUC_class19": 72.37452857557297,
    "MAP_class1": 0.7486604753542375,
    "MAP_class2": 0.21802269171313962,
    "MAP_class3": 0.39254834062646526,
    "MAP_class4": 0.5429779367140581,
    "MAP_class5": 0.2825312890440145,
    "MAP_class6": 0.17329127289922852,
    "MAP_class7": 0.22228167179264752,
    "MAP_class8": 0.23492935795491948,
    "MAP_class9": 0.3070155532112667,
    "MAP_class10": 0.14812708755467496,
    "MAP_class11": 0.17407981221067528,
    "MAP_class12": 0.2120968917359896,
    "MAP_class13": 0.23263603469042277,
    "MAP_class14": 0.10626030906431129,
    "MAP_class15": 0.03093115845307274,
    "MAP_class16": 0.3890196467605627,
    "MAP_class17": 0.05873158205612367,
    "MAP_class18": 0.007793888251085097,
    "MAP_class19": 0.05535284500972226,
    "Aggregate": 45.8098881401886
}