{
    "multi-label/mAP": 15.82502269744873,
    "multi-label/precision": 17.392168045043945,
    "multi-label/recall": 6.745855808258057,
    "multi-label/f1-score": 7.342339992523193,
    "multi-label/precision_micro": 29.21440315246582,
    "multi-label/recall_micro": 13.232024192810059,
    "multi-label/f1-score_micro": 18.21428680419922,
    "AUC/AUC_multilabe": 55.83954071002903,
    "AUC/AUC_class1": 68.33968711351379,
    "AUC/AUC_class2": 52.12967122514861,
    "AUC/AUC_class3": 53.33465333465334,
    "AUC/AUC_class4": 66.59065467059165,
    "AUC/AUC_class5": 50.211064948925134,
    "AUC/AUC_class6": 56.93105590062112,
    "AUC/AUC_class7": 44.780006759846515,
    "AUC/AUC_class8": 56.768877763871515,
    "AUC/AUC_class9": 56.0435381286473,
    "AUC/AUC_class10": 54.68317811556322,
    "AUC/AUC_class11": 69.93343080225216,
    "AUC/AUC_class12": 58.23601147776184,
    "AUC/AUC_class13": 57.97794416863352,
    "AUC/AUC_class14": 55.25754097700455,
    "AUC/AUC_class15": 52.953565085003795,
    "AUC/AUC_class16": 73.5056967572305,
    "AUC/AUC_class17": 48.38515143393193,
    "AUC/AUC_class18": 36.90579083837511,
    "AUC/AUC_class19": 47.98375398897592,
    "MAP_class1": 0.5581474763542114,
    "MAP_class2": 0.17250820140463907,
    "MAP_class3": 0.24415775926737043,
    "MAP_class4": 0.402773027109203,
    "MAP_class5": 0.1963396282652623,
    "MAP_class6": 0.1828764099663033,
    "MAP_class7": 0.1580319134899937,
    "MAP_class8": 0.1594991418968701,
    "MAP_class9": 0.15100092069916426,
    "MAP_class10": 0.1511778734119536,
    "MAP_class11": 0.20852185568716036,
    "MAP_class12": 0.17548974669656028,
    "MAP_class13": 0.04551731620135294,
    "MAP_class14": 0.09275054808468144,
    "MAP_class15": 0.041704945999215065,
    "MAP_class16": 0.03982536068612032,
    "MAP_class17": 0.012806482906646927,
    "MAP_class18": 0.003474628648009815,
    "MAP_class19": 0.010151084642724875,
    "Aggregate": 35.83228172716568
}