{
    "multi-label/mAP": 31.663549423217773,
    "multi-label/precision": 22.556812286376953,
    "multi-label/recall": 46.318904876708984,
    "multi-label/f1-score": 29.992252349853516,
    "multi-label/precision_micro": 30.194175720214844,
    "multi-label/recall_micro": 63.86036682128906,
    "multi-label/f1-score_micro": 41.00197982788086,
    "AUC/AUC_multilabe": 70.49350734367631,
    "AUC/AUC_class1": 71.39021301951438,
    "AUC/AUC_class2": 70.14689196024551,
    "AUC/AUC_class3": 70.21846219747269,
    "AUC/AUC_class4": 70.21846219747269,
    "MAP_class1": 0.4844915655246207,
    "MAP_class2": 0.48816575863232997,
    "MAP_class3": 0.2930792446241996,
    "MAP_class4": -0.0,
    "Aggregate": 51.06846078160254
}