{
    "multi-label/mAP": 20.406301498413086,
    "multi-label/precision": 16.779769897460938,
    "multi-label/recall": 54.4007568359375,
    "multi-label/f1-score": 23.860422134399414,
    "multi-label/precision_micro": 18.79261016845703,
    "multi-label/recall_micro": 70.49666595458984,
    "multi-label/f1-score_micro": 29.67470359802246,
    "AUC/AUC_multilabe": 60.22283374239651,
    "AUC/AUC_class1": 76.71615815175122,
    "AUC/AUC_class2": 56.809515352228914,
    "AUC/AUC_class3": 66.61180411180412,
    "AUC/AUC_class4": 74.7626352668021,
    "AUC/AUC_class5": 55.803094983991464,
    "AUC/AUC_class6": 54.172670807453414,
    "AUC/AUC_class7": 48.53172157385133,
    "AUC/AUC_class8": 66.27798637185371,
    "AUC/AUC_class9": 71.75201626122877,
    "AUC/AUC_class10": 48.1729134417743,
    "AUC/AUC_class11": 50.7006874669487,
    "AUC/AUC_class12": 66.79268292682926,
    "AUC/AUC_class13": 61.60576218767804,
    "AUC/AUC_class14": 51.31086142322096,
    "AUC/AUC_class15": 52.103527023598076,
    "AUC/AUC_class16": 91.50744960560912,
    "AUC/AUC_class17": 35.39935674082015,
    "AUC/AUC_class18": 65.42783059636992,
    "AUC/AUC_class19": 49.77516681172034,
    "MAP_class1": 0.6516422823273227,
    "MAP_class2": 0.1987760086209433,
    "MAP_class3": 0.36632863247818975,
    "MAP_class4": 0.4903044058975394,
    "MAP_class5": 0.2386134739895553,
    "MAP_class6": 0.16590693175483073,
    "MAP_class7": 0.17746234037547282,
    "MAP_class8": 0.20865651458218382,
    "MAP_class9": 0.26155293290649034,
    "MAP_class10": 0.13059382556187715,
    "MAP_class11": 0.12866073733615485,
    "MAP_class12": 0.21940722436761742,
    "MAP_class13": 0.061719318393988865,
    "MAP_class14": 0.08701754927900894,
    "MAP_class15": 0.03530071012871356,
    "MAP_class16": 0.42367122950185615,
    "MAP_class17": 0.008641703805860318,
    "MAP_class18": 0.012260486102768801,
    "MAP_class19": 0.010680900365340439,
    "Aggregate": 40.31456741797645
}