{
    "multi-label/mAP": 18.50217056274414,
    "multi-label/precision": 18.89227867126465,
    "multi-label/recall": 15.5182466506958,
    "multi-label/f1-score": 14.78995418548584,
    "multi-label/precision_micro": 30.436870574951172,
    "multi-label/recall_micro": 23.49888801574707,
    "multi-label/f1-score_micro": 26.52164649963379,
    "AUC/AUC_multilabe": 57.26375420458368,
    "AUC/AUC_class1": 69.96276982315666,
    "AUC/AUC_class2": 55.99567483989595,
    "AUC/AUC_class3": 63.75812625812627,
    "AUC/AUC_class4": 73.83411418383847,
    "AUC/AUC_class5": 47.55488641561214,
    "AUC/AUC_class6": 54.44099378881988,
    "AUC/AUC_class7": 50.63025627771041,
    "AUC/AUC_class8": 66.19732999582813,
    "AUC/AUC_class9": 72.52704740672742,
    "AUC/AUC_class10": 46.00959220443068,
    "AUC/AUC_class11": 62.003452888294404,
    "AUC/AUC_class12": 41.257532281205165,
    "AUC/AUC_class13": 65.53064214210141,
    "AUC/AUC_class14": 55.565623615641734,
    "AUC/AUC_class15": 45.688911443795995,
    "AUC/AUC_class16": 89.60560911481157,
    "AUC/AUC_class17": 45.68480300187617,
    "AUC/AUC_class18": 32.69230769230769,
    "AUC/AUC_class19": 49.071656512909776,
    "MAP_class1": 0.5802575088955624,
    "MAP_class2": 0.19786514625804885,
    "MAP_class3": 0.3560515976041557,
    "MAP_class4": 0.46105452739367364,
    "MAP_class5": 0.1874078143189234,
    "MAP_class6": 0.16516261893992404,
    "MAP_class7": 0.20307517521734236,
    "MAP_class8": 0.22653076422153684,
    "MAP_class9": 0.24785455432024478,
    "MAP_class10": 0.12224174017972518,
    "MAP_class11": 0.17219401221305486,
    "MAP_class12": 0.0957306874964426,
    "MAP_class13": 0.07123791658568124,
    "MAP_class14": 0.10727157388925054,
    "MAP_class15": 0.02794450095033077,
    "MAP_class16": 0.25231295354546696,
    "MAP_class17": 0.02601936154749054,
    "MAP_class18": 0.0031139291502206862,
    "MAP_class19": 0.012314787658205316,
    "Aggregate": 37.88356439277942
}