{
    "multi-label/mAP": 20.726621627807617,
    "multi-label/precision": 19.675098419189453,
    "multi-label/recall": 25.38727378845215,
    "multi-label/f1-score": 20.311019897460938,
    "multi-label/precision_micro": 24.424091339111328,
    "multi-label/recall_micro": 32.61675262451172,
    "multi-label/f1-score_micro": 27.93207359313965,
    "AUC/AUC_multilabe": 60.92756830353208,
    "AUC/AUC_class1": 72.80316456503168,
    "AUC/AUC_class2": 55.31190254808346,
    "AUC/AUC_class3": 60.81452331452331,
    "AUC/AUC_class4": 76.23408930718522,
    "AUC/AUC_class5": 57.8622884586065,
    "AUC/AUC_class6": 58.659627329192546,
    "AUC/AUC_class7": 51.261506650496045,
    "AUC/AUC_class8": 66.81546377416217,
    "AUC/AUC_class9": 67.16346469083993,
    "AUC/AUC_class10": 47.79163600375568,
    "AUC/AUC_class11": 59.430895573459416,
    "AUC/AUC_class12": 44.55451936872309,
    "AUC/AUC_class13": 66.12680068364938,
    "AUC/AUC_class14": 62.60621803390924,
    "AUC/AUC_class15": 41.6239533113423,
    "AUC/AUC_class16": 97.03768624014025,
    "AUC/AUC_class17": 61.645671401768965,
    "AUC/AUC_class18": 53.84615384615385,
    "AUC/AUC_class19": 56.034232666086446,
    "MAP_class1": 0.5872475607325537,
    "MAP_class2": 0.20781057684362608,
    "MAP_class3": 0.29683180506108975,
    "MAP_class4": 0.5064679613408586,
    "MAP_class5": 0.2599756073440692,
    "MAP_class6": 0.1823897101923811,
    "MAP_class7": 0.19596899758522096,
    "MAP_class8": 0.2529482791516069,
    "MAP_class9": 0.23238204822480218,
    "MAP_class10": 0.1298103567697486,
    "MAP_class11": 0.16462954540487285,
    "MAP_class12": 0.10390637436000472,
    "MAP_class13": 0.06163961409031535,
    "MAP_class14": 0.1321316593948157,
    "MAP_class15": 0.02985039223646217,
    "MAP_class16": 0.5501205625748151,
    "MAP_class17": 0.020712434259269233,
    "MAP_class18": 0.0069125280894478626,
    "MAP_class19": 0.016321949587238913,
    "Aggregate": 40.82709458135341
}