{
    "multi-label/mAP": 26.069549560546875,
    "multi-label/precision": 27.489713668823242,
    "multi-label/recall": 26.962570190429688,
    "multi-label/f1-score": 25.30925941467285,
    "multi-label/precision_micro": 36.556522369384766,
    "multi-label/recall_micro": 38.95478057861328,
    "multi-label/f1-score_micro": 37.71756362915039,
    "AUC/AUC_multilabe": 68.1034759495165,
    "AUC/AUC_class1": 85.34077724369189,
    "AUC/AUC_class2": 63.5197818614904,
    "AUC/AUC_class3": 68.20426195426195,
    "AUC/AUC_class4": 81.90658816700527,
    "AUC/AUC_class5": 64.40530187528587,
    "AUC/AUC_class6": 56.7639751552795,
    "AUC/AUC_class7": 57.49895620017098,
    "AUC/AUC_class8": 71.001946878042,
    "AUC/AUC_class9": 78.92203789915416,
    "AUC/AUC_class10": 52.332707387012455,
    "AUC/AUC_class11": 68.61215665536442,
    "AUC/AUC_class12": 74.9713055954089,
    "AUC/AUC_class13": 70.2531130463091,
    "AUC/AUC_class14": 71.87588095525754,
    "AUC/AUC_class15": 51.476782542501894,
    "AUC/AUC_class16": 97.77826468010518,
    "AUC/AUC_class17": 37.489949075314925,
    "AUC/AUC_class18": 74.48141745894556,
    "AUC/AUC_class19": 67.13083841021178,
    "MAP_class1": 0.7570490284723796,
    "MAP_class2": 0.2655835315536211,
    "MAP_class3": 0.39480981892509165,
    "MAP_class4": 0.5396347267501213,
    "MAP_class5": 0.30576908024854016,
    "MAP_class6": 0.165426911419358,
    "MAP_class7": 0.23673448638444877,
    "MAP_class8": 0.2520172737706133,
    "MAP_class9": 0.34812751557156096,
    "MAP_class10": 0.14807356991706033,
    "MAP_class11": 0.2174006689119513,
    "MAP_class12": 0.3077267779759257,
    "MAP_class13": 0.11467841584897166,
    "MAP_class14": 0.18238864768320018,
    "MAP_class15": 0.03200237626888148,
    "MAP_class16": 0.6221619827800209,
    "MAP_class17": 0.008933683682885699,
    "MAP_class18": 0.03392733612572706,
    "MAP_class19": 0.019434559088535475,
    "Aggregate": 47.08300216259744
}