{
    "multi-label/mAP": 20.92631721496582,
    "multi-label/precision": 20.670377731323242,
    "multi-label/recall": 20.95144271850586,
    "multi-label/f1-score": 17.628942489624023,
    "multi-label/precision_micro": 31.732851028442383,
    "multi-label/recall_micro": 32.579689025878906,
    "multi-label/f1-score_micro": 32.15069580078125,
    "AUC/AUC_multilabe": 59.77151039932431,
    "AUC/AUC_class1": 71.47381137560404,
    "AUC/AUC_class2": 59.24267909192532,
    "AUC/AUC_class3": 69.21550671550672,
    "AUC/AUC_class4": 79.78647539284383,
    "AUC/AUC_class5": 54.346603903033994,
    "AUC/AUC_class6": 51.92608695652174,
    "AUC/AUC_class7": 49.88617611388353,
    "AUC/AUC_class8": 68.23911834237242,
    "AUC/AUC_class9": 72.59425611435316,
    "AUC/AUC_class10": 45.08018879894435,
    "AUC/AUC_class11": 59.147043269978525,
    "AUC/AUC_class12": 39.02439024390244,
    "AUC/AUC_class13": 55.86595588833727,
    "AUC/AUC_class14": 58.53268092303975,
    "AUC/AUC_class15": 46.96016239533113,
    "AUC/AUC_class16": 96.14811568799298,
    "AUC/AUC_class17": 52.3921200750469,
    "AUC/AUC_class18": 45.48401037165082,
    "AUC/AUC_class19": 60.313315926892955,
    "MAP_class1": 0.5542633344590289,
    "MAP_class2": 0.2081876692745222,
    "MAP_class3": 0.3898650929137769,
    "MAP_class4": 0.5156290491052435,
    "MAP_class5": 0.20685068823633126,
    "MAP_class6": 0.15675124407683433,
    "MAP_class7": 0.20151093174301815,
    "MAP_class8": 0.23240813136095248,
    "MAP_class9": 0.25530594400116435,
    "MAP_class10": 0.12226988606702617,
    "MAP_class11": 0.14881854192867233,
    "MAP_class12": 0.09358461476190387,
    "MAP_class13": 0.04677625890383974,
    "MAP_class14": 0.11135427054256782,
    "MAP_class15": 0.030456527054043774,
    "MAP_class16": 0.6302392609761794,
    "MAP_class17": 0.050733089872459725,
    "MAP_class18": 0.004346948300131293,
    "MAP_class19": 0.014943278914929584,
    "Aggregate": 40.34442562727433
}