{
    "multi-label/mAP": 23.20006561279297,
    "multi-label/precision": 27.49110221862793,
    "multi-label/recall": 18.693647384643555,
    "multi-label/f1-score": 19.99297523498535,
    "multi-label/precision_micro": 39.7392578125,
    "multi-label/recall_micro": 30.504077911376953,
    "multi-label/f1-score_micro": 34.51457595825195,
    "AUC/AUC_multilabe": 65.64003681228891,
    "AUC/AUC_class1": 85.6947508000663,
    "AUC/AUC_class2": 56.65176192814383,
    "AUC/AUC_class3": 70.62378312378313,
    "AUC/AUC_class4": 72.34752684605498,
    "AUC/AUC_class5": 61.30793566092391,
    "AUC/AUC_class6": 59.01366459627329,
    "AUC/AUC_class7": 51.10990715151998,
    "AUC/AUC_class8": 62.4064803226255,
    "AUC/AUC_class9": 74.53806307783096,
    "AUC/AUC_class10": 56.437308092470886,
    "AUC/AUC_class11": 65.4524527949731,
    "AUC/AUC_class12": 72.50143472022957,
    "AUC/AUC_class13": 65.45128998128102,
    "AUC/AUC_class14": 64.42350287946519,
    "AUC/AUC_class15": 55.56457751839634,
    "AUC/AUC_class16": 95.80631025416301,
    "AUC/AUC_class17": 36.45805414098097,
    "AUC/AUC_class18": 75.66983578219534,
    "AUC/AUC_class19": 65.70205976211199,
    "MAP_class1": 0.7686669478995335,
    "MAP_class2": 0.21060209520650247,
    "MAP_class3": 0.420303627124843,
    "MAP_class4": 0.4606265126804297,
    "MAP_class5": 0.279296741372147,
    "MAP_class6": 0.18290868032275193,
    "MAP_class7": 0.18871025193122803,
    "MAP_class8": 0.1821002856026006,
    "MAP_class9": 0.29589301633558096,
    "MAP_class10": 0.18343968115390896,
    "MAP_class11": 0.18578684667114276,
    "MAP_class12": 0.25630775941356787,
    "MAP_class13": 0.11092675957651438,
    "MAP_class14": 0.12846143041187308,
    "MAP_class15": 0.047858279163826484,
    "MAP_class16": 0.47043156841543604,
    "MAP_class17": 0.008909137821662177,
    "MAP_class18": 0.009856321618716897,
    "MAP_class19": 0.016926507720493193,
    "Aggregate": 44.4200511704675
}