{
    "multi-label/mAP": 21.906261444091797,
    "multi-label/precision": 18.322647094726562,
    "multi-label/recall": 56.12941360473633,
    "multi-label/f1-score": 25.551471710205078,
    "multi-label/precision_micro": 20.87378692626953,
    "multi-label/recall_micro": 74.90734100341797,
    "multi-label/f1-score_micro": 32.64943313598633,
    "AUC/AUC_multilabe": 61.37995677246804,
    "AUC/AUC_class1": 80.60907039308437,
    "AUC/AUC_class2": 58.35205131687544,
    "AUC/AUC_class3": 73.05877305877306,
    "AUC/AUC_class4": 76.96463369128074,
    "AUC/AUC_class5": 50.547911266961435,
    "AUC/AUC_class6": 51.14037267080745,
    "AUC/AUC_class7": 46.949619261586186,
    "AUC/AUC_class8": 61.22236128493951,
    "AUC/AUC_class9": 67.58114222018227,
    "AUC/AUC_class10": 51.449615550536706,
    "AUC/AUC_class11": 66.90204373658506,
    "AUC/AUC_class12": 69.47130559540891,
    "AUC/AUC_class13": 45.234801009196715,
    "AUC/AUC_class14": 61.12621320124039,
    "AUC/AUC_class15": 52.781020045673685,
    "AUC/AUC_class16": 95.24978089395267,
    "AUC/AUC_class17": 47.13883677298312,
    "AUC/AUC_class18": 54.7752808988764,
    "AUC/AUC_class19": 55.66434580794895,
    "MAP_class1": 0.7005319619417756,
    "MAP_class2": 0.20354504330092507,
    "MAP_class3": 0.45435530373278415,
    "MAP_class4": 0.5039793958500921,
    "MAP_class5": 0.19974506222324953,
    "MAP_class6": 0.15281759384947918,
    "MAP_class7": 0.1684140942093118,
    "MAP_class8": 0.18202713011829463,
    "MAP_class9": 0.23943044088498927,
    "MAP_class10": 0.15233120972224046,
    "MAP_class11": 0.20639777794470324,
    "MAP_class12": 0.25018786566320195,
    "MAP_class13": 0.033210784807900885,
    "MAP_class14": 0.11875437853601852,
    "MAP_class15": 0.036944550884909624,
    "MAP_class16": 0.5040326194391542,
    "MAP_class17": 0.01059007321997715,
    "MAP_class18": 0.015085347549467977,
    "MAP_class19": 0.029808416112422624,
    "Aggregate": 41.643107465157435
}