{
    "multi-label/mAP": 22.848175048828125,
    "multi-label/precision": 17.871902465820312,
    "multi-label/recall": 34.4196891784668,
    "multi-label/f1-score": 22.816877365112305,
    "multi-label/precision_micro": 23.62428855895996,
    "multi-label/recall_micro": 51.129364013671875,
    "multi-label/f1-score_micro": 32.31667709350586,
    "AUC/AUC_multilabe": 57.90445563496549,
    "AUC/AUC_class1": 64.60077461641592,
    "AUC/AUC_class2": 65.32146714240797,
    "AUC/AUC_class3": 50.84779039051903,
    "AUC/AUC_class4": 50.84779039051903,
    "MAP_class1": 0.33268200456373515,
    "MAP_class2": 0.4812356185780027,
    "MAP_class3": 0.10001851697526923,
    "MAP_class4": -0.0,
    "Aggregate": 40.376429568945326
}