{
    "multi-label/mAP": 22.02210807800293,
    "multi-label/precision": 23.608118057250977,
    "multi-label/recall": 13.408110618591309,
    "multi-label/f1-score": 16.156715393066406,
    "multi-label/precision_micro": 36.55760955810547,
    "multi-label/recall_micro": 19.051149368286133,
    "multi-label/f1-score_micro": 25.048734664916992,
    "AUC/AUC_multilabe": 64.54112864599566,
    "AUC/AUC_class1": 75.55239637388277,
    "AUC/AUC_class2": 54.58738599442117,
    "AUC/AUC_class3": 70.0978450978451,
    "AUC/AUC_class4": 77.57784319416228,
    "AUC/AUC_class5": 64.50202012501907,
    "AUC/AUC_class6": 55.93975155279502,
    "AUC/AUC_class7": 51.77793904208998,
    "AUC/AUC_class8": 68.49812265331666,
    "AUC/AUC_class9": 70.11868074224641,
    "AUC/AUC_class10": 55.495850990940696,
    "AUC/AUC_class11": 44.88132640681868,
    "AUC/AUC_class12": 65.61406025824964,
    "AUC/AUC_class13": 76.77016358753154,
    "AUC/AUC_class14": 57.651725665498766,
    "AUC/AUC_class15": 57.6325805633088,
    "AUC/AUC_class16": 96.45048203330411,
    "AUC/AUC_class17": 53.70544090056285,
    "AUC/AUC_class18": 67.17804667242869,
    "AUC/AUC_class19": 62.24978241949521,
    "MAP_class1": 0.598327368092455,
    "MAP_class2": 0.188523344162963,
    "MAP_class3": 0.3959348496495103,
    "MAP_class4": 0.48661630033369574,
    "MAP_class5": 0.29899330435570837,
    "MAP_class6": 0.15853704311063993,
    "MAP_class7": 0.19163325505842424,
    "MAP_class8": 0.22853080959753225,
    "MAP_class9": 0.23618365148550813,
    "MAP_class10": 0.15935492883759303,
    "MAP_class11": 0.09874205587520146,
    "MAP_class12": 0.18100064295647217,
    "MAP_class13": 0.12641596343502726,
    "MAP_class14": 0.0911205319515975,
    "MAP_class15": 0.03737560553356653,
    "MAP_class16": 0.6615526942895802,
    "MAP_class17": 0.015798286247431147,
    "MAP_class18": 0.015320192053887065,
    "MAP_class19": 0.014239644656231596,
    "Aggregate": 43.2816181958479
}