{
    "multi-label/mAP": 30.3168888092041,
    "multi-label/precision": 22.866662979125977,
    "multi-label/recall": 47.905372619628906,
    "multi-label/f1-score": 29.56916046142578,
    "multi-label/precision_micro": 28.961748123168945,
    "multi-label/recall_micro": 65.29773712158203,
    "multi-label/f1-score_micro": 40.126182556152344,
    "AUC/AUC_multilabe": 71.03108138280612,
    "AUC/AUC_class1": 69.01385371666916,
    "AUC/AUC_class2": 74.016732969692,
    "AUC/AUC_class3": 70.54686942243164,
    "AUC/AUC_class4": 70.54686942243164,
    "MAP_class1": 0.45161105553452047,
    "MAP_class2": 0.5464721553335768,
    "MAP_class3": 0.21460241434387248,
    "MAP_class4": -0.0,
    "Aggregate": 50.67411100655268
}