{
    "multi-label/mAP": 18.295639038085938,
    "multi-label/precision": 22.605497360229492,
    "multi-label/recall": 9.290489196777344,
    "multi-label/f1-score": 10.346389770507812,
    "multi-label/precision_micro": 21.782176971435547,
    "multi-label/recall_micro": 11.415863990783691,
    "multi-label/f1-score_micro": 14.980545043945312,
    "AUC/AUC_multilabe": 59.01300025075949,
    "AUC/AUC_class1": 73.30838571483214,
    "AUC/AUC_class2": 55.60703726532872,
    "AUC/AUC_class3": 56.18338118338119,
    "AUC/AUC_class4": 59.16663211575936,
    "AUC/AUC_class5": 41.55930782131422,
    "AUC/AUC_class6": 55.581987577639744,
    "AUC/AUC_class7": 57.223094816788276,
    "AUC/AUC_class8": 60.23432067862606,
    "AUC/AUC_class9": 50.9737066421874,
    "AUC/AUC_class10": 53.487324587002306,
    "AUC/AUC_class11": 52.76075528043053,
    "AUC/AUC_class12": 60.025107604017215,
    "AUC/AUC_class13": 67.72808659558883,
    "AUC/AUC_class14": 60.68422536345698,
    "AUC/AUC_class15": 58.71352448617102,
    "AUC/AUC_class16": 87.11218229623137,
    "AUC/AUC_class17": 63.96408469579201,
    "AUC/AUC_class18": 44.74935177182368,
    "AUC/AUC_class19": 62.18450826805918,
    "MAP_class1": 0.6050067306109833,
    "MAP_class2": 0.20579477544550553,
    "MAP_class3": 0.25937747104663234,
    "MAP_class4": 0.32039646565486823,
    "MAP_class5": 0.1589900754475691,
    "MAP_class6": 0.16048911902302143,
    "MAP_class7": 0.23024992286721407,
    "MAP_class8": 0.16234497829207126,
    "MAP_class9": 0.13000276107574427,
    "MAP_class10": 0.1565541339831247,
    "MAP_class11": 0.1287745023474701,
    "MAP_class12": 0.15022787591744124,
    "MAP_class13": 0.10973049267017884,
    "MAP_class14": 0.11145298516382968,
    "MAP_class15": 0.041360838246100345,
    "MAP_class16": 0.48326133246144704,
    "MAP_class17": 0.01723391685886375,
    "MAP_class18": 0.003726050657335243,
    "MAP_class19": 0.041196978229840676,
    "Aggregate": 38.65431961485143
}