{
    "multi-label/mAP": 31.676599502563477,
    "multi-label/precision": 34.58119201660156,
    "multi-label/recall": 28.6318302154541,
    "multi-label/f1-score": 29.241117477416992,
    "multi-label/precision_micro": 41.63326644897461,
    "multi-label/recall_micro": 30.80059242248535,
    "multi-label/f1-score_micro": 35.406898498535156,
    "AUC/AUC_multilabe": 69.51357963833482,
    "AUC/AUC_class1": 77.32975481633537,
    "AUC/AUC_class2": 60.39396567034758,
    "AUC/AUC_class3": 71.7103092103092,
    "AUC/AUC_class4": 77.76358887184377,
    "AUC/AUC_class5": 64.91605046500992,
    "AUC/AUC_class6": 56.9192546583851,
    "AUC/AUC_class7": 61.79245283018868,
    "AUC/AUC_class8": 71.58531497705465,
    "AUC/AUC_class9": 77.18641400563897,
    "AUC/AUC_class10": 60.493059608698964,
    "AUC/AUC_class11": 65.10560861044577,
    "AUC/AUC_class12": 75.51434720229555,
    "AUC/AUC_class13": 65.86636282249533,
    "AUC/AUC_class14": 68.4879787362571,
    "AUC/AUC_class15": 56.28774422735346,
    "AUC/AUC_class16": 97.5854513584575,
    "AUC/AUC_class17": 55.60841597426963,
    "AUC/AUC_class18": 75.51858254105446,
    "AUC/AUC_class19": 80.69335654192051,
    "MAP_class1": 0.6796001319637646,
    "MAP_class2": 0.253676855067929,
    "MAP_class3": 0.4376042893092898,
    "MAP_class4": 0.5338729493332932,
    "MAP_class5": 0.33763059150458274,
    "MAP_class6": 0.18779147133993268,
    "MAP_class7": 0.29508651841337574,
    "MAP_class8": 0.27002406334379836,
    "MAP_class9": 0.3687732813599081,
    "MAP_class10": 0.2017153930230449,
    "MAP_class11": 0.21223770041658627,
    "MAP_class12": 0.3593458283192647,
    "MAP_class13": 0.15060838352196176,
    "MAP_class14": 0.20864353118547946,
    "MAP_class15": 0.16678654933748202,
    "MAP_class16": 0.6781107259394806,
    "MAP_class17": 0.12316933369294605,
    "MAP_class18": 0.26933940489773883,
    "MAP_class19": 0.28453686435094516,
    "Aggregate": 50.59508946738005
}