{
    "multi-label/mAP": 21.4025821685791,
    "multi-label/precision": 23.81961441040039,
    "multi-label/recall": 14.877312660217285,
    "multi-label/f1-score": 14.933927536010742,
    "multi-label/precision_micro": 31.288982391357422,
    "multi-label/recall_micro": 22.312824249267578,
    "multi-label/f1-score_micro": 26.04932975769043,
    "AUC/AUC_multilabe": 59.8902456047764,
    "AUC/AUC_class1": 71.7649908837067,
    "AUC/AUC_class2": 55.827474169182715,
    "AUC/AUC_class3": 69.56324456324457,
    "AUC/AUC_class4": 71.36282598781044,
    "AUC/AUC_class5": 59.40025156273823,
    "AUC/AUC_class6": 55.455279503105594,
    "AUC/AUC_class7": 52.52500149114262,
    "AUC/AUC_class8": 66.51091642330691,
    "AUC/AUC_class9": 73.20700281948724,
    "AUC/AUC_class10": 46.53107315959094,
    "AUC/AUC_class11": 64.04019037546271,
    "AUC/AUC_class12": 56.34146341463415,
    "AUC/AUC_class13": 63.091071864572314,
    "AUC/AUC_class14": 63.61705126656197,
    "AUC/AUC_class15": 48.66531337224055,
    "AUC/AUC_class16": 95.51270815074496,
    "AUC/AUC_class17": 41.90565532028947,
    "AUC/AUC_class18": 36.51685393258427,
    "AUC/AUC_class19": 46.07629823034523,
    "MAP_class1": 0.6041198575563221,
    "MAP_class2": 0.20812029870379073,
    "MAP_class3": 0.41173328506774887,
    "MAP_class4": 0.42754355599413246,
    "MAP_class5": 0.23953911299826702,
    "MAP_class6": 0.168312784002702,
    "MAP_class7": 0.2096279896120953,
    "MAP_class8": 0.22089204680899438,
    "MAP_class9": 0.2644933030879643,
    "MAP_class10": 0.1244761519937537,
    "MAP_class11": 0.16288232856713475,
    "MAP_class12": 0.1403260027342327,
    "MAP_class13": 0.056780196612793335,
    "MAP_class14": 0.1255735392057845,
    "MAP_class15": 0.02893509797375994,
    "MAP_class16": 0.6342777035219236,
    "MAP_class17": 0.025344219239111485,
    "MAP_class18": 0.0034265510562511326,
    "MAP_class19": 0.01013975502817754,
    "Aggregate": 40.64655380176962
}