{
    "multi-label/mAP": 17.568809509277344,
    "multi-label/precision": 15.382770538330078,
    "multi-label/recall": 39.93121337890625,
    "multi-label/f1-score": 21.52287483215332,
    "multi-label/precision_micro": 20.869564056396484,
    "multi-label/recall_micro": 54.20944595336914,
    "multi-label/f1-score_micro": 30.136985778808594,
    "AUC/AUC_multilabe": 55.94827481831292,
    "AUC/AUC_class1": 61.941754804111426,
    "AUC/AUC_class2": 47.18724794597328,
    "AUC/AUC_class3": 57.33204826158349,
    "AUC/AUC_class4": 57.33204826158349,
    "MAP_class1": 0.3250514823003719,
    "MAP_class2": 0.23771600570271617,
    "MAP_class3": 0.13999113797980312,
    "MAP_class4": -0.0,
    "Aggregate": 36.7586202339426
}