{
    "multi-label/mAP": 21.15850067138672,
    "multi-label/precision": 19.387235641479492,
    "multi-label/recall": 37.324188232421875,
    "multi-label/f1-score": 24.09267234802246,
    "multi-label/precision_micro": 25.338491439819336,
    "multi-label/recall_micro": 53.798770904541016,
    "multi-label/f1-score_micro": 34.451019287109375,
    "AUC/AUC_multilabe": 62.88738003698423,
    "AUC/AUC_class1": 58.9777297780426,
    "AUC/AUC_class2": 71.31813148505105,
    "AUC/AUC_class3": 60.626829442421645,
    "AUC/AUC_class4": 60.626829442421645,
    "MAP_class1": 0.3027954068334392,
    "MAP_class2": 0.43038446629758004,
    "MAP_class3": 0.11457619907603146,
    "MAP_class4": -0.0,
    "Aggregate": 42.040640921080254
}