{
    "multi-label/mAP": 17.16398048400879,
    "multi-label/precision": 19.19167709350586,
    "multi-label/recall": 16.27644157409668,
    "multi-label/f1-score": 15.141420364379883,
    "multi-label/precision_micro": 24.5887451171875,
    "multi-label/recall_micro": 21.052631378173828,
    "multi-label/f1-score_micro": 22.683706283569336,
    "AUC/AUC_multilabe": 58.747862172898415,
    "AUC/AUC_class1": 62.749104308245464,
    "AUC/AUC_class2": 52.65255591888758,
    "AUC/AUC_class3": 63.66366366366367,
    "AUC/AUC_class4": 72.14229445665242,
    "AUC/AUC_class5": 63.63155587742034,
    "AUC/AUC_class6": 55.82422360248448,
    "AUC/AUC_class7": 52.436029981907474,
    "AUC/AUC_class8": 62.010151578361835,
    "AUC/AUC_class9": 61.313356501213036,
    "AUC/AUC_class10": 53.83561296216408,
    "AUC/AUC_class11": 39.46480231436836,
    "AUC/AUC_class12": 53.99354375896701,
    "AUC/AUC_class13": 68.15536746154473,
    "AUC/AUC_class14": 55.92505336071846,
    "AUC/AUC_class15": 46.91956356254757,
    "AUC/AUC_class16": 83.18580192813322,
    "AUC/AUC_class17": 48.66657732511391,
    "AUC/AUC_class18": 55.22904062229905,
    "AUC/AUC_class19": 64.41108210037714,
    "MAP_class1": 0.48136872919764334,
    "MAP_class2": 0.17638450315487927,
    "MAP_class3": 0.34739800971896645,
    "MAP_class4": 0.4143092816274317,
    "MAP_class5": 0.28465288245100484,
    "MAP_class6": 0.1584315530235078,
    "MAP_class7": 0.19418872720793195,
    "MAP_class8": 0.16400273896999168,
    "MAP_class9": 0.20203242745827307,
    "MAP_class10": 0.14781787230150875,
    "MAP_class11": 0.09139860057199448,
    "MAP_class12": 0.1392232084731202,
    "MAP_class13": 0.07291477763807053,
    "MAP_class14": 0.10248110890128873,
    "MAP_class15": 0.029323962371315543,
    "MAP_class16": 0.20550739761167894,
    "MAP_class17": 0.014968129915214555,
    "MAP_class18": 0.01402987507908177,
    "MAP_class19": 0.02080026440374974,
    "Aggregate": 37.95612595507198
}