{
    "multi-label/mAP": 20.03278350830078,
    "multi-label/precision": 16.891576766967773,
    "multi-label/recall": 51.15020751953125,
    "multi-label/f1-score": 24.997983932495117,
    "multi-label/precision_micro": 23.086816787719727,
    "multi-label/recall_micro": 73.71663665771484,
    "multi-label/f1-score_micro": 35.16160583496094,
    "AUC/AUC_multilabe": 62.398489711657355,
    "AUC/AUC_class1": 62.13391926113512,
    "AUC/AUC_class2": 59.96664342643098,
    "AUC/AUC_class3": 63.74669807953166,
    "AUC/AUC_class4": 63.74669807953166,
    "MAP_class1": 0.32709584188345797,
    "MAP_class2": 0.3315418422367582,
    "MAP_class3": 0.1426777697847308,
    "MAP_class4": -0.0,
    "Aggregate": 41.21568802964052
}