{
    "multi-label/mAP": 19.084365844726562,
    "multi-label/precision": 24.65995216369629,
    "multi-label/recall": 13.312746047973633,
    "multi-label/f1-score": 13.056072235107422,
    "multi-label/precision_micro": 31.233457565307617,
    "multi-label/recall_micro": 21.86804962158203,
    "multi-label/f1-score_micro": 25.724872589111328,
    "AUC/AUC_multilabe": 57.34230660377685,
    "AUC/AUC_class1": 70.8667491170583,
    "AUC/AUC_class2": 58.756882123716295,
    "AUC/AUC_class3": 65.43494043494043,
    "AUC/AUC_class4": 71.12235167295493,
    "AUC/AUC_class5": 55.135119682878496,
    "AUC/AUC_class6": 55.513664596273294,
    "AUC/AUC_class7": 44.374913016680914,
    "AUC/AUC_class8": 61.662494785148105,
    "AUC/AUC_class9": 74.40233427316241,
    "AUC/AUC_class10": 48.448245235618046,
    "AUC/AUC_class11": 52.395246834852394,
    "AUC/AUC_class12": 48.48278335724533,
    "AUC/AUC_class13": 57.80092780988036,
    "AUC/AUC_class14": 57.60742620111957,
    "AUC/AUC_class15": 43.34940370464349,
    "AUC/AUC_class16": 94.30762489044697,
    "AUC/AUC_class17": 48.65317609220048,
    "AUC/AUC_class18": 44.36041486603284,
    "AUC/AUC_class19": 36.82912677690746,
    "MAP_class1": 0.5918952700702941,
    "MAP_class2": 0.20991713455192662,
    "MAP_class3": 0.35867846388890057,
    "MAP_class4": 0.4007149742072398,
    "MAP_class5": 0.21563969546794898,
    "MAP_class6": 0.16192706664968093,
    "MAP_class7": 0.16840672295223086,
    "MAP_class8": 0.171826369871106,
    "MAP_class9": 0.24880159819710768,
    "MAP_class10": 0.13304597871265605,
    "MAP_class11": 0.13651387397664472,
    "MAP_class12": 0.12370917888042776,
    "MAP_class13": 0.0819712381718938,
    "MAP_class14": 0.11064774758130533,
    "MAP_class15": 0.030409837207654132,
    "MAP_class16": 0.45389901803954086,
    "MAP_class17": 0.013288701369738528,
    "MAP_class18": 0.003679123213489768,
    "MAP_class19": 0.011057451354702593,
    "Aggregate": 38.21333605021603
}