{
    "multi-label/mAP": 16.242534637451172,
    "multi-label/precision": 15.167247772216797,
    "multi-label/recall": 20.540475845336914,
    "multi-label/f1-score": 14.009572982788086,
    "multi-label/precision_micro": 22.822021484375,
    "multi-label/recall_micro": 31.653076171875,
    "multi-label/f1-score_micro": 26.521739959716797,
    "AUC/AUC_multilabe": 57.02031242396407,
    "AUC/AUC_class1": 59.68016473078247,
    "AUC/AUC_class2": 54.955651438063505,
    "AUC/AUC_class3": 63.815463815463815,
    "AUC/AUC_class4": 66.46958829138853,
    "AUC/AUC_class5": 48.82937566702241,
    "AUC/AUC_class6": 53.802484472049684,
    "AUC/AUC_class7": 54.575322583851914,
    "AUC/AUC_class8": 61.63676818245028,
    "AUC/AUC_class9": 63.05750442593928,
    "AUC/AUC_class10": 49.61935696703631,
    "AUC/AUC_class11": 61.00024885681401,
    "AUC/AUC_class12": 46.67790530846485,
    "AUC/AUC_class13": 52.19744445348742,
    "AUC/AUC_class14": 51.96729894084008,
    "AUC/AUC_class15": 47.05912205024105,
    "AUC/AUC_class16": 86.44171779141104,
    "AUC/AUC_class17": 52.43232377378719,
    "AUC/AUC_class18": 41.55142610198791,
    "AUC/AUC_class19": 67.61676820423557,
    "MAP_class1": 0.42242116501692994,
    "MAP_class2": 0.19764522857880867,
    "MAP_class3": 0.3697433920503035,
    "MAP_class4": 0.33474544685505053,
    "MAP_class5": 0.18351078239638174,
    "MAP_class6": 0.15463152590361096,
    "MAP_class7": 0.20179352721213029,
    "MAP_class8": 0.19516559364942032,
    "MAP_class9": 0.1850922854115376,
    "MAP_class10": 0.13585911019692554,
    "MAP_class11": 0.16944102834028163,
    "MAP_class12": 0.10537885458648988,
    "MAP_class13": 0.04426338548043323,
    "MAP_class14": 0.08564834605977269,
    "MAP_class15": 0.03198143821297154,
    "MAP_class16": 0.2336443358348957,
    "MAP_class17": 0.014483743055190535,
    "MAP_class18": 0.0036182675678984016,
    "MAP_class19": 0.017013997691293244,
    "Aggregate": 36.63142319645658
}