{
    "multi-label/mAP": 20.899917602539062,
    "multi-label/precision": 21.591550827026367,
    "multi-label/recall": 16.75326156616211,
    "multi-label/f1-score": 15.391251564025879,
    "multi-label/precision_micro": 30.517240524291992,
    "multi-label/recall_micro": 26.241661071777344,
    "multi-label/f1-score_micro": 28.218412399291992,
    "AUC/AUC_multilabe": 58.57536582057676,
    "AUC/AUC_class1": 72.88333057082022,
    "AUC/AUC_class2": 57.6641001264117,
    "AUC/AUC_class3": 67.73380523380523,
    "AUC/AUC_class4": 74.3911439114391,
    "AUC/AUC_class5": 54.520982619301726,
    "AUC/AUC_class6": 56.11801242236025,
    "AUC/AUC_class7": 53.156251863928276,
    "AUC/AUC_class8": 65.19155889306077,
    "AUC/AUC_class9": 74.50068847944395,
    "AUC/AUC_class10": 45.285101631689805,
    "AUC/AUC_class11": 61.07879428873613,
    "AUC/AUC_class12": 50.82424677187949,
    "AUC/AUC_class13": 59.22316269227639,
    "AUC/AUC_class14": 61.469534050179206,
    "AUC/AUC_class15": 49.814767825425015,
    "AUC/AUC_class16": 93.19018404907976,
    "AUC/AUC_class17": 46.25435540069687,
    "AUC/AUC_class18": 24.114088159031983,
    "AUC/AUC_class19": 45.51784160139252,
    "MAP_class1": 0.6080973977190866,
    "MAP_class2": 0.21340766386315618,
    "MAP_class3": 0.38427932150992894,
    "MAP_class4": 0.4692776869257568,
    "MAP_class5": 0.21566966033269017,
    "MAP_class6": 0.17321200024862154,
    "MAP_class7": 0.20813543712002214,
    "MAP_class8": 0.2037167395192325,
    "MAP_class9": 0.26956878690194386,
    "MAP_class10": 0.12217012980337918,
    "MAP_class11": 0.1696437789079624,
    "MAP_class12": 0.11955187686447681,
    "MAP_class13": 0.049938661060001985,
    "MAP_class14": 0.12402057450047849,
    "MAP_class15": 0.029683918653532128,
    "MAP_class16": 0.5698485484827107,
    "MAP_class17": 0.028240098259002207,
    "MAP_class18": 0.002690727832230467,
    "MAP_class19": 0.009549322012221558,
    "Aggregate": 39.73689956954215
}