{
    "multi-label/mAP": 22.672136306762695,
    "multi-label/precision": 25.20711898803711,
    "multi-label/recall": 17.252338409423828,
    "multi-label/f1-score": 19.856159210205078,
    "multi-label/precision_micro": 39.6675910949707,
    "multi-label/recall_micro": 26.538175582885742,
    "multi-label/f1-score_micro": 31.8010196685791,
    "AUC/AUC_multilabe": 65.77274049434402,
    "AUC/AUC_class1": 84.5142545677092,
    "AUC/AUC_class2": 55.361526969567166,
    "AUC/AUC_class3": 70.02998877998878,
    "AUC/AUC_class4": 79.08370993822298,
    "AUC/AUC_class5": 60.194484677542306,
    "AUC/AUC_class6": 54.31739130434783,
    "AUC/AUC_class7": 54.3123844364475,
    "AUC/AUC_class8": 65.70365734946462,
    "AUC/AUC_class9": 75.97337879483314,
    "AUC/AUC_class10": 53.6364097749131,
    "AUC/AUC_class11": 64.48735496313809,
    "AUC/AUC_class12": 67.89670014347202,
    "AUC/AUC_class13": 72.19418898022299,
    "AUC/AUC_class14": 61.59639160726511,
    "AUC/AUC_class15": 57.26972849530576,
    "AUC/AUC_class16": 91.03418054338299,
    "AUC/AUC_class17": 65.27740552130797,
    "AUC/AUC_class18": 51.83664649956785,
    "AUC/AUC_class19": 64.96228604583696,
    "MAP_class1": 0.7568709739618981,
    "MAP_class2": 0.18916894741133092,
    "MAP_class3": 0.3954896606613437,
    "MAP_class4": 0.5309775914720426,
    "MAP_class5": 0.31002662925390706,
    "MAP_class6": 0.16371111281112238,
    "MAP_class7": 0.21208679260302682,
    "MAP_class8": 0.22187618700257392,
    "MAP_class9": 0.32603675589185865,
    "MAP_class10": 0.1505684726060184,
    "MAP_class11": 0.18171072942615113,
    "MAP_class12": 0.19970137866379534,
    "MAP_class13": 0.08792335441987953,
    "MAP_class14": 0.13589458479671016,
    "MAP_class15": 0.03687365220918146,
    "MAP_class16": 0.33373766267055144,
    "MAP_class17": 0.029704025738156586,
    "MAP_class18": 0.0063186002843737925,
    "MAP_class19": 0.038670204830872294,
    "Aggregate": 44.22149476484252
}