{
    "multi-label/mAP": 26.71135711669922,
    "multi-label/precision": 28.902963638305664,
    "multi-label/recall": 17.3715763092041,
    "multi-label/f1-score": 20.123641967773438,
    "multi-label/precision_micro": 42.08633041381836,
    "multi-label/recall_micro": 26.019271850585938,
    "multi-label/f1-score_micro": 32.15757751464844,
    "AUC/AUC_multilabe": 70.16567124582672,
    "AUC/AUC_class1": 80.30816896380259,
    "AUC/AUC_class2": 61.67166393297047,
    "AUC/AUC_class3": 70.44269544269545,
    "AUC/AUC_class4": 81.52659728844479,
    "AUC/AUC_class5": 62.2670186003964,
    "AUC/AUC_class6": 56.60807453416149,
    "AUC/AUC_class7": 56.13008728154762,
    "AUC/AUC_class8": 74.5292727019886,
    "AUC/AUC_class9": 75.74388564684284,
    "AUC/AUC_class10": 57.452990585428985,
    "AUC/AUC_class11": 71.81774349083896,
    "AUC/AUC_class12": 75.15781922525109,
    "AUC/AUC_class13": 72.64588589566208,
    "AUC/AUC_class14": 67.66139100318152,
    "AUC/AUC_class15": 56.54148693225069,
    "AUC/AUC_class16": 97.45398773006136,
    "AUC/AUC_class17": 64.46663093004558,
    "AUC/AUC_class18": 78.54364736387208,
    "AUC/AUC_class19": 72.17870612126487,
    "MAP_class1": 0.6828401864452032,
    "MAP_class2": 0.2440198078601618,
    "MAP_class3": 0.42783066551625626,
    "MAP_class4": 0.599255280882982,
    "MAP_class5": 0.28511862965974255,
    "MAP_class6": 0.16742441297210214,
    "MAP_class7": 0.21665565979595233,
    "MAP_class8": 0.2673813527729762,
    "MAP_class9": 0.2980451487300051,
    "MAP_class10": 0.17960061928118515,
    "MAP_class11": 0.31528909895001367,
    "MAP_class12": 0.3629113208522188,
    "MAP_class13": 0.1565807119849244,
    "MAP_class14": 0.1410781963796112,
    "MAP_class15": 0.03615135264076669,
    "MAP_class16": 0.5933664175758973,
    "MAP_class17": 0.04306214676712551,
    "MAP_class18": 0.011989466431365045,
    "MAP_class19": 0.04655698317659845,
    "Aggregate": 48.43851314574253
}