{
    "multi-label/mAP": 14.95645809173584,
    "multi-label/precision": 14.717803955078125,
    "multi-label/recall": 47.11610794067383,
    "multi-label/f1-score": 15.776230812072754,
    "multi-label/precision_micro": 15.538822174072266,
    "multi-label/recall_micro": 56.597476959228516,
    "multi-label/f1-score_micro": 24.38323402404785,
    "AUC/AUC_multilabe": 54.1713756384489,
    "AUC/AUC_class1": 73.04190944906989,
    "AUC/AUC_class2": 51.161211462719,
    "AUC/AUC_class3": 63.98830148830149,
    "AUC/AUC_class4": 60.0136821592935,
    "AUC/AUC_class5": 42.48265741728922,
    "AUC/AUC_class6": 54.612422360248445,
    "AUC/AUC_class7": 51.40912976917112,
    "AUC/AUC_class8": 56.600264219162845,
    "AUC/AUC_class9": 50.712084453478454,
    "AUC/AUC_class10": 43.32986525236633,
    "AUC/AUC_class11": 56.71680094565589,
    "AUC/AUC_class12": 53.957675753228116,
    "AUC/AUC_class13": 37.17140066737202,
    "AUC/AUC_class14": 57.14228182513793,
    "AUC/AUC_class15": 50.09134737376301,
    "AUC/AUC_class16": 73.39614373356704,
    "AUC/AUC_class17": 49.12891986062717,
    "AUC/AUC_class18": 58.4485738980121,
    "AUC/AUC_class19": 45.85146504206556,
    "MAP_class1": 0.5866735719055334,
    "MAP_class2": 0.17721381497155347,
    "MAP_class3": 0.33516915705656136,
    "MAP_class4": 0.3068846383586691,
    "MAP_class5": 0.16495257843501185,
    "MAP_class6": 0.15541625725356994,
    "MAP_class7": 0.18612432928420095,
    "MAP_class8": 0.14067368274132364,
    "MAP_class9": 0.13182979150956148,
    "MAP_class10": 0.11686033131774025,
    "MAP_class11": 0.135156077983903,
    "MAP_class12": 0.12652720222670932,
    "MAP_class13": 0.02888081278283268,
    "MAP_class14": 0.09239158759709623,
    "MAP_class15": 0.03658467104404357,
    "MAP_class16": 0.06539109782431017,
    "MAP_class17": 0.011945654725434447,
    "MAP_class18": 0.006286769137035256,
    "MAP_class19": 0.03676513506366578,
    "Aggregate": 34.563917190852756
}