{
    "multi-label/mAP": 22.625835418701172,
    "multi-label/precision": 26.736413955688477,
    "multi-label/recall": 11.602221488952637,
    "multi-label/f1-score": 14.226896286010742,
    "multi-label/precision_micro": 36.999271392822266,
    "multi-label/recall_micro": 18.82876205444336,
    "multi-label/f1-score_micro": 24.957012176513672,
    "AUC/AUC_multilabe": 64.9536924185666,
    "AUC/AUC_class1": 75.31492649590086,
    "AUC/AUC_class2": 55.1353440800677,
    "AUC/AUC_class3": 68.47135597135596,
    "AUC/AUC_class4": 79.85530080019902,
    "AUC/AUC_class5": 62.98502058240585,
    "AUC/AUC_class6": 54.054037267080744,
    "AUC/AUC_class7": 49.31556554068831,
    "AUC/AUC_class8": 71.37324433319426,
    "AUC/AUC_class9": 72.05625860599305,
    "AUC/AUC_class10": 55.89362296038776,
    "AUC/AUC_class11": 45.72821725199863,
    "AUC/AUC_class12": 64.78120516499284,
    "AUC/AUC_class13": 69.34564987385042,
    "AUC/AUC_class14": 57.49265031613709,
    "AUC/AUC_class15": 61.71022583100736,
    "AUC/AUC_class16": 93.51446099912357,
    "AUC/AUC_class17": 55.41409809702493,
    "AUC/AUC_class18": 72.19101123595506,
    "AUC/AUC_class19": 69.48796054540179,
    "MAP_class1": 0.6086286457394865,
    "MAP_class2": 0.19533479822466873,
    "MAP_class3": 0.3853430726661985,
    "MAP_class4": 0.5726763263396767,
    "MAP_class5": 0.3135424861455157,
    "MAP_class6": 0.15501936652081122,
    "MAP_class7": 0.1858683209495264,
    "MAP_class8": 0.26854538172707393,
    "MAP_class9": 0.27866766418370953,
    "MAP_class10": 0.1589312603150903,
    "MAP_class11": 0.09829800868577097,
    "MAP_class12": 0.21460323387018276,
    "MAP_class13": 0.08515941908322552,
    "MAP_class14": 0.09622477538348828,
    "MAP_class15": 0.041128228757733226,
    "MAP_class16": 0.5946900385097728,
    "MAP_class17": 0.016724149718090067,
    "MAP_class18": 0.009811780215377985,
    "MAP_class19": 0.01971175659366283,
    "Aggregate": 43.7897638767282
}