{
    "multi-label/mAP": 17.692697525024414,
    "multi-label/precision": 8.207159996032715,
    "multi-label/recall": 2.618176221847534,
    "multi-label/f1-score": 2.606598138809204,
    "multi-label/precision_micro": 28.850326538085938,
    "multi-label/recall_micro": 4.929577350616455,
    "multi-label/f1-score_micro": 8.420385360717773,
    "AUC/AUC_multilabe": 57.3787031591986,
    "AUC/AUC_class1": 67.24509441419846,
    "AUC/AUC_class2": 54.07651563430458,
    "AUC/AUC_class3": 55.886380886380884,
    "AUC/AUC_class4": 64.306563290352,
    "AUC/AUC_class5": 62.526680896478126,
    "AUC/AUC_class6": 56.283850931677016,
    "AUC/AUC_class7": 43.385291369266554,
    "AUC/AUC_class8": 59.183701849534145,
    "AUC/AUC_class9": 57.94046292046422,
    "AUC/AUC_class10": 60.612327759027586,
    "AUC/AUC_class11": 48.226895200174205,
    "AUC/AUC_class12": 60.37159253945481,
    "AUC/AUC_class13": 49.90030113127696,
    "AUC/AUC_class14": 41.874068704442024,
    "AUC/AUC_class15": 52.98908906368942,
    "AUC/AUC_class16": 94.8729184925504,
    "AUC/AUC_class17": 58.29536317341195,
    "AUC/AUC_class18": 44.9438202247191,
    "AUC/AUC_class19": 57.27444154337105,
    "MAP_class1": 0.5245786715526558,
    "MAP_class2": 0.19041452654302105,
    "MAP_class3": 0.2681358239094827,
    "MAP_class4": 0.3162797877902026,
    "MAP_class5": 0.28598388733440877,
    "MAP_class6": 0.17696943591216246,
    "MAP_class7": 0.15298674622426378,
    "MAP_class8": 0.15215110045167687,
    "MAP_class9": 0.17650585630151555,
    "MAP_class10": 0.18911294894027708,
    "MAP_class11": 0.10630556100147218,
    "MAP_class12": 0.16198519790305876,
    "MAP_class13": 0.04583617538075224,
    "MAP_class14": 0.06553314475648825,
    "MAP_class15": 0.03588448862994638,
    "MAP_class16": 0.4773125630201623,
    "MAP_class17": 0.018983627840879855,
    "MAP_class18": 0.004471246317383378,
    "MAP_class19": 0.012181824946742395,
    "Aggregate": 37.53570056580075
}