{
    "multi-label/mAP": 94.9989242553711,
    "accuracy/top1": 90.98907470703125,
    "single-label/precision": 88.74720764160156,
    "single-label/recall": 90.70993041992188,
    "MAP_class1": 0.9793128398669926,
    "MAP_class2": 0.9206656977721875,
    "Aggregate": 95.47788787477742,
    "AUC/AUC_multiclass": 95.95684886759582,
    "AUC/AUC_class1": 95.65019599303135,
    "AUC/AUC_class2": 96.26350174216029
}