{
    "multi-label/mAP": 17.147687911987305,
    "multi-label/precision": 15.903552055358887,
    "multi-label/recall": 10.07978630065918,
    "multi-label/f1-score": 7.86953592300415,
    "multi-label/precision_micro": 20.762229919433594,
    "multi-label/recall_micro": 13.528539657592773,
    "multi-label/f1-score_micro": 16.38240623474121,
    "AUC/AUC_multilabe": 57.921844398727515,
    "AUC/AUC_class1": 71.36973900626028,
    "AUC/AUC_class2": 51.88990691503255,
    "AUC/AUC_class3": 54.75324225324225,
    "AUC/AUC_class4": 74.2012521248808,
    "AUC/AUC_class5": 55.476254002134475,
    "AUC/AUC_class6": 52.90248447204969,
    "AUC/AUC_class7": 53.751217766467185,
    "AUC/AUC_class8": 61.84675288555138,
    "AUC/AUC_class9": 60.42948003409613,
    "AUC/AUC_class10": 53.95044027710812,
    "AUC/AUC_class11": 67.92080131894109,
    "AUC/AUC_class12": 57.34074605451938,
    "AUC/AUC_class13": 61.495889965003656,
    "AUC/AUC_class14": 54.797430631066014,
    "AUC/AUC_class15": 54.13600608982492,
    "AUC/AUC_class16": 70.54776511831726,
    "AUC/AUC_class17": 63.96408469579201,
    "AUC/AUC_class18": 33.578219533275714,
    "AUC/AUC_class19": 46.16333043225993,
    "MAP_class1": 0.5843979004886258,
    "MAP_class2": 0.18616367873736234,
    "MAP_class3": 0.25170629226829055,
    "MAP_class4": 0.45589601453626794,
    "MAP_class5": 0.22752978833523801,
    "MAP_class6": 0.1665466026483424,
    "MAP_class7": 0.20354132966175897,
    "MAP_class8": 0.17454881104061365,
    "MAP_class9": 0.18370993776634814,
    "MAP_class10": 0.18247670929418675,
    "MAP_class11": 0.22748708028818254,
    "MAP_class12": 0.16065702737162088,
    "MAP_class13": 0.058763657838686305,
    "MAP_class14": 0.09402898330827039,
    "MAP_class15": 0.03580023741161491,
    "MAP_class16": 0.03251756221999364,
    "MAP_class17": 0.01847751483538166,
    "MAP_class18": 0.0031259644849051223,
    "MAP_class19": 0.010685576302965065,
    "Aggregate": 37.53476606472864
}