{
    "multi-label/mAP": 20.640058517456055,
    "multi-label/precision": 20.576541900634766,
    "multi-label/recall": 18.424991607666016,
    "multi-label/f1-score": 16.564346313476562,
    "multi-label/precision_micro": 30.405405044555664,
    "multi-label/recall_micro": 28.354337692260742,
    "multi-label/f1-score_micro": 29.344074249267578,
    "AUC/AUC_multilabe": 60.58487390363312,
    "AUC/AUC_class1": 69.3276574313728,
    "AUC/AUC_class2": 58.08616889018899,
    "AUC/AUC_class3": 63.33572583572583,
    "AUC/AUC_class4": 80.45980347443924,
    "AUC/AUC_class5": 60.29501448391523,
    "AUC/AUC_class6": 56.06180124223603,
    "AUC/AUC_class7": 52.57719148259339,
    "AUC/AUC_class8": 69.20456125712697,
    "AUC/AUC_class9": 70.33833846960856,
    "AUC/AUC_class10": 45.967721470804676,
    "AUC/AUC_class11": 51.61912464615671,
    "AUC/AUC_class12": 35.74964131994261,
    "AUC/AUC_class13": 66.38520387401319,
    "AUC/AUC_class14": 56.96709757963836,
    "AUC/AUC_class15": 43.54478558741436,
    "AUC/AUC_class16": 92.99737072743208,
    "AUC/AUC_class17": 50.046904315197004,
    "AUC/AUC_class18": 62.381158167675025,
    "AUC/AUC_class19": 65.76733391354801,
    "MAP_class1": 0.5647130227962416,
    "MAP_class2": 0.22261849716449664,
    "MAP_class3": 0.3518022603373803,
    "MAP_class4": 0.5480130245906024,
    "MAP_class5": 0.25106587542401426,
    "MAP_class6": 0.16299567680485097,
    "MAP_class7": 0.2087287760009405,
    "MAP_class8": 0.23076740967204096,
    "MAP_class9": 0.24234261736266044,
    "MAP_class10": 0.12928202408344353,
    "MAP_class11": 0.13949244413820394,
    "MAP_class12": 0.08539923387435124,
    "MAP_class13": 0.06894481447350698,
    "MAP_class14": 0.10582034279922423,
    "MAP_class15": 0.030346577819017,
    "MAP_class16": 0.5303809162126014,
    "MAP_class17": 0.0246600774921473,
    "MAP_class18": 0.006682793057252886,
    "MAP_class19": 0.01745012266780446,
    "Aggregate": 40.61219091700283
}