{
    "multi-label/mAP": 17.489551544189453,
    "multi-label/precision": 18.51942253112793,
    "multi-label/recall": 16.908803939819336,
    "multi-label/f1-score": 16.47136688232422,
    "multi-label/precision_micro": 24.958402633666992,
    "multi-label/recall_micro": 22.23869514465332,
    "multi-label/f1-score_micro": 23.520187377929688,
    "AUC/AUC_multilabe": 59.78817832514441,
    "AUC/AUC_class1": 62.75006056278768,
    "AUC/AUC_class2": 52.67606222380091,
    "AUC/AUC_class3": 62.77926277926278,
    "AUC/AUC_class4": 74.7995356358058,
    "AUC/AUC_class5": 64.03653377039183,
    "AUC/AUC_class6": 55.60745341614906,
    "AUC/AUC_class7": 51.3842773922898,
    "AUC/AUC_class8": 60.27256292587957,
    "AUC/AUC_class9": 61.0818962690971,
    "AUC/AUC_class10": 53.82736569644987,
    "AUC/AUC_class11": 37.639593119109094,
    "AUC/AUC_class12": 56.71018651362984,
    "AUC/AUC_class13": 77.80377634898673,
    "AUC/AUC_class14": 53.621481212999875,
    "AUC/AUC_class15": 53.075361583354486,
    "AUC/AUC_class16": 81.42418930762489,
    "AUC/AUC_class17": 59.54167783436076,
    "AUC/AUC_class18": 55.985306828003445,
    "AUC/AUC_class19": 60.95880475776036,
    "MAP_class1": 0.48434509746882926,
    "MAP_class2": 0.1865995214540781,
    "MAP_class3": 0.32101966396853515,
    "MAP_class4": 0.47235204745489695,
    "MAP_class5": 0.30225254472544055,
    "MAP_class6": 0.17052862136000413,
    "MAP_class7": 0.19296348123208024,
    "MAP_class8": 0.166448239650054,
    "MAP_class9": 0.20623998888713174,
    "MAP_class10": 0.150788231835082,
    "MAP_class11": 0.08656550247418295,
    "MAP_class12": 0.13777094615182806,
    "MAP_class13": 0.12866948152558172,
    "MAP_class14": 0.09377218473043186,
    "MAP_class15": 0.03347314687121941,
    "MAP_class16": 0.1511123531539701,
    "MAP_class17": 0.015482243987472565,
    "MAP_class18": 0.0071652010628626105,
    "MAP_class19": 0.015642028626506856,
    "Aggregate": 38.639327390520066
}