{
    "multi-label/mAP": 22.750667572021484,
    "multi-label/precision": 25.354398727416992,
    "multi-label/recall": 19.592939376831055,
    "multi-label/f1-score": 20.62808609008789,
    "multi-label/precision_micro": 36.27362823486328,
    "multi-label/recall_micro": 29.873981475830078,
    "multi-label/f1-score_micro": 32.764225006103516,
    "AUC/AUC_multilabe": 64.27912885688598,
    "AUC/AUC_class1": 85.41552447374126,
    "AUC/AUC_class2": 55.64203554153303,
    "AUC/AUC_class3": 72.8892353892354,
    "AUC/AUC_class4": 76.70218499937809,
    "AUC/AUC_class5": 62.01402652843421,
    "AUC/AUC_class6": 61.57950310559007,
    "AUC/AUC_class7": 50.8385191959759,
    "AUC/AUC_class8": 62.218050340703655,
    "AUC/AUC_class9": 70.88453216182545,
    "AUC/AUC_class10": 55.260486715558145,
    "AUC/AUC_class11": 58.24104893147105,
    "AUC/AUC_class12": 71.30918220946916,
    "AUC/AUC_class13": 61.95165622202329,
    "AUC/AUC_class14": 58.78941645523741,
    "AUC/AUC_class15": 53.58284699314895,
    "AUC/AUC_class16": 94.7370727432077,
    "AUC/AUC_class17": 41.45001340123292,
    "AUC/AUC_class18": 67.91270527225583,
    "AUC/AUC_class19": 59.8854076008123,
    "MAP_class1": 0.7877667470454359,
    "MAP_class2": 0.19893580976640568,
    "MAP_class3": 0.42705657458838253,
    "MAP_class4": 0.522095209852195,
    "MAP_class5": 0.266951575881776,
    "MAP_class6": 0.191734105870958,
    "MAP_class7": 0.18797295265860203,
    "MAP_class8": 0.18614250289234469,
    "MAP_class9": 0.2708134072742837,
    "MAP_class10": 0.1801938994938867,
    "MAP_class11": 0.14656398707518398,
    "MAP_class12": 0.2424569122918942,
    "MAP_class13": 0.06083513358859439,
    "MAP_class14": 0.1132848862906413,
    "MAP_class15": 0.04149031695246083,
    "MAP_class16": 0.4374450268036648,
    "MAP_class17": 0.03570949249579743,
    "MAP_class18": 0.011038584969079585,
    "MAP_class19": 0.014139527124381983,
    "Aggregate": 43.514897725590274
}