{
    "multi-label/mAP": 19.094738006591797,
    "multi-label/precision": 20.5915584564209,
    "multi-label/recall": 14.227877616882324,
    "multi-label/f1-score": 14.346229553222656,
    "multi-label/precision_micro": 36.13673400878906,
    "multi-label/recall_micro": 24.684951782226562,
    "multi-label/f1-score_micro": 29.332744598388672,
    "AUC/AUC_multilabe": 57.94100594650489,
    "AUC/AUC_class1": 72.41110020272598,
    "AUC/AUC_class2": 58.247317669428234,
    "AUC/AUC_class3": 65.0892650892651,
    "AUC/AUC_class4": 77.86807081553961,
    "AUC/AUC_class5": 46.883576002439405,
    "AUC/AUC_class6": 53.382608695652166,
    "AUC/AUC_class7": 50.164522734954375,
    "AUC/AUC_class8": 70.64872757613684,
    "AUC/AUC_class9": 74.38299127926038,
    "AUC/AUC_class10": 45.06369426751593,
    "AUC/AUC_class11": 53.63408716209911,
    "AUC/AUC_class12": 41.71592539454806,
    "AUC/AUC_class13": 64.73508586310734,
    "AUC/AUC_class14": 56.25729934356249,
    "AUC/AUC_class15": 47.7619893428064,
    "AUC/AUC_class16": 85.24539877300614,
    "AUC/AUC_class17": 30.561511659072632,
    "AUC/AUC_class18": 43.58254105445117,
    "AUC/AUC_class19": 63.24340005802147,
    "MAP_class1": 0.5880119651644249,
    "MAP_class2": 0.22216884655653407,
    "MAP_class3": 0.3551944183578173,
    "MAP_class4": 0.4667111717133922,
    "MAP_class5": 0.17819432654821896,
    "MAP_class6": 0.15181399775719734,
    "MAP_class7": 0.19788557702945656,
    "MAP_class8": 0.2486376242000457,
    "MAP_class9": 0.25955240061818163,
    "MAP_class10": 0.12318259568844452,
    "MAP_class11": 0.13692633122570366,
    "MAP_class12": 0.09431612085449831,
    "MAP_class13": 0.08747914438083905,
    "MAP_class14": 0.09811518757082188,
    "MAP_class15": 0.029030353209363563,
    "MAP_class16": 0.35805994497395655,
    "MAP_class17": 0.011652329317628107,
    "MAP_class18": 0.0036622855152988404,
    "MAP_class19": 0.017402946739414223,
    "Aggregate": 38.517864992782016
}