{
    "multi-label/mAP": 21.044918060302734,
    "multi-label/precision": 23.010679244995117,
    "multi-label/recall": 19.849245071411133,
    "multi-label/f1-score": 20.109817504882812,
    "multi-label/precision_micro": 30.288225173950195,
    "multi-label/recall_micro": 22.979984283447266,
    "multi-label/f1-score_micro": 26.132770538330078,
    "AUC/AUC_multilabe": 61.637582140742445,
    "AUC/AUC_class1": 70.95711517129706,
    "AUC/AUC_class2": 55.6467368025157,
    "AUC/AUC_class3": 66.54786654786655,
    "AUC/AUC_class4": 77.74617521456113,
    "AUC/AUC_class5": 67.38260405549627,
    "AUC/AUC_class6": 58.7919254658385,
    "AUC/AUC_class7": 53.51412609101934,
    "AUC/AUC_class8": 59.183701849534145,
    "AUC/AUC_class9": 61.96642843092257,
    "AUC/AUC_class10": 49.41951937473038,
    "AUC/AUC_class11": 59.20148069804336,
    "AUC/AUC_class12": 59.04662840746055,
    "AUC/AUC_class13": 66.81655408154961,
    "AUC/AUC_class14": 64.02581450606097,
    "AUC/AUC_class15": 52.928190814514075,
    "AUC/AUC_class16": 92.48466257668711,
    "AUC/AUC_class17": 46.656392388099704,
    "AUC/AUC_class18": 50.95073465859983,
    "AUC/AUC_class19": 57.84740353930954,
    "MAP_class1": 0.5878203468965197,
    "MAP_class2": 0.21066588736339814,
    "MAP_class3": 0.36714986379434617,
    "MAP_class4": 0.466871762627884,
    "MAP_class5": 0.32674256889229475,
    "MAP_class6": 0.18280715140235326,
    "MAP_class7": 0.21004575001260156,
    "MAP_class8": 0.16703153432019666,
    "MAP_class9": 0.18871708996532996,
    "MAP_class10": 0.13558505305369511,
    "MAP_class11": 0.1578761270402231,
    "MAP_class12": 0.17139212954848235,
    "MAP_class13": 0.12114189317788217,
    "MAP_class14": 0.14141485896442324,
    "MAP_class15": 0.034159294644685964,
    "MAP_class16": 0.476940400477841,
    "MAP_class17": 0.011747171516386205,
    "MAP_class18": 0.02377064190254721,
    "MAP_class19": 0.0166545898953016,
    "Aggregate": 41.34124926904594
}