{
    "multi-label/mAP": 19.450292587280273,
    "multi-label/precision": 21.481962203979492,
    "multi-label/recall": 23.83427619934082,
    "multi-label/f1-score": 20.884302139282227,
    "multi-label/precision_micro": 29.20269012451172,
    "multi-label/recall_micro": 33.80281448364258,
    "multi-label/f1-score_micro": 31.334821701049805,
    "AUC/AUC_multilabe": 62.38660110538642,
    "AUC/AUC_class1": 74.474060001785,
    "AUC/AUC_class2": 57.21330143440697,
    "AUC/AUC_class3": 61.3837738837739,
    "AUC/AUC_class4": 79.01281147642936,
    "AUC/AUC_class5": 62.02069675255375,
    "AUC/AUC_class6": 63.949689440993794,
    "AUC/AUC_class7": 56.260313736405756,
    "AUC/AUC_class8": 62.52329300514532,
    "AUC/AUC_class9": 65.40620287194284,
    "AUC/AUC_class10": 54.19817545106198,
    "AUC/AUC_class11": 57.085420101409156,
    "AUC/AUC_class12": 57.32281205164993,
    "AUC/AUC_class13": 74.77008220069993,
    "AUC/AUC_class14": 58.597116507591316,
    "AUC/AUC_class15": 49.89596549099213,
    "AUC/AUC_class16": 76.77914110429448,
    "AUC/AUC_class17": 54.00696864111498,
    "AUC/AUC_class18": 59.33448573898013,
    "AUC/AUC_class19": 61.11111111111111,
    "MAP_class1": 0.643653687742288,
    "MAP_class2": 0.23314879449569398,
    "MAP_class3": 0.308801846700094,
    "MAP_class4": 0.512491334672863,
    "MAP_class5": 0.2870472991287738,
    "MAP_class6": 0.21064541452710317,
    "MAP_class7": 0.21117633089405524,
    "MAP_class8": 0.2007565997138166,
    "MAP_class9": 0.2231060672649142,
    "MAP_class10": 0.15216156790757446,
    "MAP_class11": 0.15851559523534267,
    "MAP_class12": 0.1544506320453828,
    "MAP_class13": 0.1015520369346005,
    "MAP_class14": 0.09467389683180744,
    "MAP_class15": 0.036048459184341984,
    "MAP_class16": 0.12254749172312533,
    "MAP_class17": 0.017548527953784903,
    "MAP_class18": 0.011304779522735005,
    "MAP_class19": 0.01587795866817289,
    "Aggregate": 40.91832245044708
}