{
    "multi-label/mAP": 18.615480422973633,
    "multi-label/precision": 17.787023544311523,
    "multi-label/recall": 11.45168685913086,
    "multi-label/f1-score": 11.273092269897461,
    "multi-label/precision_micro": 25.056690216064453,
    "multi-label/recall_micro": 16.382505416870117,
    "multi-label/f1-score_micro": 19.811744689941406,
    "AUC/AUC_multilabe": 57.16531834077381,
    "AUC/AUC_class1": 70.79152375973786,
    "AUC/AUC_class2": 53.66593884181825,
    "AUC/AUC_class3": 68.12939312939312,
    "AUC/AUC_class4": 74.0727227496994,
    "AUC/AUC_class5": 48.653567617014794,
    "AUC/AUC_class6": 52.183850931677014,
    "AUC/AUC_class7": 51.471260711374434,
    "AUC/AUC_class8": 65.03685162008065,
    "AUC/AUC_class9": 67.34378073568945,
    "AUC/AUC_class10": 43.43073565610171,
    "AUC/AUC_class11": 54.31844340062837,
    "AUC/AUC_class12": 37.8235294117647,
    "AUC/AUC_class13": 57.00740620167656,
    "AUC/AUC_class14": 53.342595948612626,
    "AUC/AUC_class15": 45.148439482364886,
    "AUC/AUC_class16": 89.05346187554777,
    "AUC/AUC_class17": 52.17099973197534,
    "AUC/AUC_class18": 48.72515125324114,
    "AUC/AUC_class19": 53.77139541630404,
    "MAP_class1": 0.5944026247842646,
    "MAP_class2": 0.19944613391328,
    "MAP_class3": 0.360390810074241,
    "MAP_class4": 0.4808925064847522,
    "MAP_class5": 0.17942126891488175,
    "MAP_class6": 0.15496839855760214,
    "MAP_class7": 0.19665722983118694,
    "MAP_class8": 0.21043121069988363,
    "MAP_class9": 0.20061590954929734,
    "MAP_class10": 0.11377106938213266,
    "MAP_class11": 0.13831238559304437,
    "MAP_class12": 0.08912832498016608,
    "MAP_class13": 0.05042585685890962,
    "MAP_class14": 0.08650128110196931,
    "MAP_class15": 0.02782183076512723,
    "MAP_class16": 0.33824121423892406,
    "MAP_class17": 0.0970462840924938,
    "MAP_class18": 0.0040390773704478454,
    "MAP_class19": 0.014428341720055167,
    "Aggregate": 37.890400641209695
}