{
    "multi-label/mAP": 24.73232078552246,
    "multi-label/precision": 26.954565048217773,
    "multi-label/recall": 19.665000915527344,
    "multi-label/f1-score": 22.28448486328125,
    "multi-label/precision_micro": 41.94560623168945,
    "multi-label/recall_micro": 29.72572135925293,
    "multi-label/f1-score_micro": 34.79392623901367,
    "AUC/AUC_multilabe": 67.30389810902265,
    "AUC/AUC_class1": 87.94928025908123,
    "AUC/AUC_class2": 54.94572655376676,
    "AUC/AUC_class3": 68.79434379434379,
    "AUC/AUC_class4": 82.01521621957791,
    "AUC/AUC_class5": 63.86263149870407,
    "AUC/AUC_class6": 56.939130434782605,
    "AUC/AUC_class7": 55.333817126269956,
    "AUC/AUC_class8": 67.33138645529134,
    "AUC/AUC_class9": 76.31958560094421,
    "AUC/AUC_class10": 57.50437739487908,
    "AUC/AUC_class11": 67.54207235511868,
    "AUC/AUC_class12": 70.74175035868006,
    "AUC/AUC_class13": 73.60218116708715,
    "AUC/AUC_class14": 64.18287624340542,
    "AUC/AUC_class15": 53.255518903831515,
    "AUC/AUC_class16": 93.27782646801052,
    "AUC/AUC_class17": 63.160010720986335,
    "AUC/AUC_class18": 61.862575626620576,
    "AUC/AUC_class19": 60.153756890049316,
    "MAP_class1": 0.8035827059833378,
    "MAP_class2": 0.19842490830341802,
    "MAP_class3": 0.36843915770807906,
    "MAP_class4": 0.579516192341007,
    "MAP_class5": 0.31338877606616594,
    "MAP_class6": 0.17728673219717492,
    "MAP_class7": 0.22259976654599734,
    "MAP_class8": 0.2135428069505303,
    "MAP_class9": 0.3339895723693663,
    "MAP_class10": 0.1782111985773822,
    "MAP_class11": 0.20843349532266348,
    "MAP_class12": 0.22400673043033964,
    "MAP_class13": 0.13698670199043986,
    "MAP_class14": 0.12911079770536413,
    "MAP_class15": 0.03531987051781378,
    "MAP_class16": 0.5080907783248955,
    "MAP_class17": 0.026017775982412318,
    "MAP_class18": 0.00928438906397243,
    "MAP_class19": 0.031109823008861476,
    "Aggregate": 46.0133758423777
}