{
    "multi-label/mAP": 19.471982955932617,
    "multi-label/precision": 20.794815063476562,
    "multi-label/recall": 13.566720962524414,
    "multi-label/f1-score": 14.147592544555664,
    "multi-label/precision_micro": 21.9432315826416,
    "multi-label/recall_micro": 14.89992618560791,
    "multi-label/f1-score_micro": 17.74834442138672,
    "AUC/AUC_multilabe": 58.163984182251696,
    "AUC/AUC_class1": 71.12812535859545,
    "AUC/AUC_class2": 54.066068387676424,
    "AUC/AUC_class3": 53.73766623766624,
    "AUC/AUC_class4": 80.05307019362328,
    "AUC/AUC_class5": 45.860173044671434,
    "AUC/AUC_class6": 57.618012422360245,
    "AUC/AUC_class7": 48.7469431576436,
    "AUC/AUC_class8": 64.58767904324849,
    "AUC/AUC_class9": 63.67975870434726,
    "AUC/AUC_class10": 48.610652929682544,
    "AUC/AUC_class11": 52.52200827448906,
    "AUC/AUC_class12": 40.44332855093257,
    "AUC/AUC_class13": 60.49076259461219,
    "AUC/AUC_class14": 51.56457653739277,
    "AUC/AUC_class15": 40.134483633595536,
    "AUC/AUC_class16": 94.83347940403154,
    "AUC/AUC_class17": 56.184668989547035,
    "AUC/AUC_class18": 56.89282627484875,
    "AUC/AUC_class19": 63.961415723817815,
    "MAP_class1": 0.5913914343659182,
    "MAP_class2": 0.209364944760893,
    "MAP_class3": 0.26502071209344885,
    "MAP_class4": 0.52111942804888,
    "MAP_class5": 0.18119299447196077,
    "MAP_class6": 0.18434432962692704,
    "MAP_class7": 0.18727813380105296,
    "MAP_class8": 0.20097779569354907,
    "MAP_class9": 0.2059577268300395,
    "MAP_class10": 0.13320366977993048,
    "MAP_class11": 0.11854327521451713,
    "MAP_class12": 0.09070743378654463,
    "MAP_class13": 0.05731869261240862,
    "MAP_class14": 0.08745128836801516,
    "MAP_class15": 0.024630084361768105,
    "MAP_class16": 0.602701057230329,
    "MAP_class17": 0.01766576953835812,
    "MAP_class18": 0.004805660315306947,
    "MAP_class19": 0.016002203628206476,
    "Aggregate": 38.817983234620726
}