{
    "multi-label/mAP": 20.276105880737305,
    "multi-label/precision": 22.76240348815918,
    "multi-label/recall": 15.127518653869629,
    "multi-label/f1-score": 15.800697326660156,
    "multi-label/precision_micro": 22.577566146850586,
    "multi-label/recall_micro": 17.531505584716797,
    "multi-label/f1-score_micro": 19.737117767333984,
    "AUC/AUC_multilabe": 58.440600095697675,
    "AUC/AUC_class1": 71.17561933419184,
    "AUC/AUC_class2": 56.73951879982031,
    "AUC/AUC_class3": 51.481288981288984,
    "AUC/AUC_class4": 75.33231062647707,
    "AUC/AUC_class5": 47.62301799054734,
    "AUC/AUC_class6": 54.20186335403727,
    "AUC/AUC_class7": 49.577509593017474,
    "AUC/AUC_class8": 63.63231817549715,
    "AUC/AUC_class9": 67.90505540620288,
    "AUC/AUC_class10": 48.25411728880656,
    "AUC/AUC_class11": 55.67082464926742,
    "AUC/AUC_class12": 40.70875179340029,
    "AUC/AUC_class13": 61.115406527223904,
    "AUC/AUC_class14": 57.568160766783464,
    "AUC/AUC_class15": 39.71834559756407,
    "AUC/AUC_class16": 96.71779141104292,
    "AUC/AUC_class17": 60.499865987670866,
    "AUC/AUC_class18": 48.37942955920484,
    "AUC/AUC_class19": 64.0702059762112,
    "MAP_class1": 0.584422982257357,
    "MAP_class2": 0.2198192938146329,
    "MAP_class3": 0.25589414027641283,
    "MAP_class4": 0.474032845624411,
    "MAP_class5": 0.20662051452039956,
    "MAP_class6": 0.18158096728658404,
    "MAP_class7": 0.20591833238865742,
    "MAP_class8": 0.21177523957759548,
    "MAP_class9": 0.2235095603732043,
    "MAP_class10": 0.13816351531056215,
    "MAP_class11": 0.13070056593011067,
    "MAP_class12": 0.09101636213918818,
    "MAP_class13": 0.06620856964651933,
    "MAP_class14": 0.10508632998817838,
    "MAP_class15": 0.03756441542440665,
    "MAP_class16": 0.6730547629207683,
    "MAP_class17": 0.01952879652102659,
    "MAP_class18": 0.004034313499998487,
    "MAP_class19": 0.023528301071449646,
    "Aggregate": 39.35835217566847
}