{
    "multi-label/mAP": 16.195707321166992,
    "multi-label/precision": 17.432090759277344,
    "multi-label/recall": 17.31258201599121,
    "multi-label/f1-score": 15.6092529296875,
    "multi-label/precision_micro": 22.605504989624023,
    "multi-label/recall_micro": 22.831727981567383,
    "multi-label/f1-score_micro": 22.718053817749023,
    "AUC/AUC_multilabe": 56.87928844798725,
    "AUC/AUC_class1": 62.96553658629879,
    "AUC/AUC_class2": 54.028458299815085,
    "AUC/AUC_class3": 64.62932712932712,
    "AUC/AUC_class4": 65.83067291347072,
    "AUC/AUC_class5": 57.70125019057784,
    "AUC/AUC_class6": 55.03354037267081,
    "AUC/AUC_class7": 47.04853172157385,
    "AUC/AUC_class8": 58.14629397858434,
    "AUC/AUC_class9": 63.523047669005294,
    "AUC/AUC_class10": 50.194762351866416,
    "AUC/AUC_class11": 35.850157090863846,
    "AUC/AUC_class12": 57.53299856527977,
    "AUC/AUC_class13": 69.94180841539838,
    "AUC/AUC_class14": 55.48910635898675,
    "AUC/AUC_class15": 50.860187769601616,
    "AUC/AUC_class16": 77.29623137598598,
    "AUC/AUC_class17": 48.197534173143936,
    "AUC/AUC_class18": 44.230769230769226,
    "AUC/AUC_class19": 62.206266318537864,
    "MAP_class1": 0.478539407018609,
    "MAP_class2": 0.18918255187808117,
    "MAP_class3": 0.34396013959066285,
    "MAP_class4": 0.3720031588301366,
    "MAP_class5": 0.245943214350635,
    "MAP_class6": 0.1542944908466458,
    "MAP_class7": 0.1723159401693916,
    "MAP_class8": 0.15311257929782465,
    "MAP_class9": 0.19940882125426238,
    "MAP_class10": 0.1294334516188202,
    "MAP_class11": 0.08314044717039,
    "MAP_class12": 0.14540337632177325,
    "MAP_class13": 0.09218645264122736,
    "MAP_class14": 0.09713206540960731,
    "MAP_class15": 0.04062140377598002,
    "MAP_class16": 0.10034004685897598,
    "MAP_class17": 0.012289685577254746,
    "MAP_class18": 0.0528671441818823,
    "MAP_class19": 0.015010143939326976,
    "Aggregate": 36.53749822591859
}