{
    "multi-label/mAP": 96.11293029785156,
    "accuracy/top1": 88.71359252929688,
    "single-label/precision": 86.16960144042969,
    "single-label/recall": 90.85470581054688,
    "MAP_class1": 0.9861519879034124,
    "MAP_class2": 0.9361066092707567,
    "Aggregate": 96.49422625339605,
    "AUC/AUC_multiclass": 96.87552264808363,
    "AUC/AUC_class1": 96.63257839721254,
    "AUC/AUC_class2": 97.11846689895471
}