{
    "multi-label/mAP": 26.169836044311523,
    "multi-label/precision": 29.085912704467773,
    "multi-label/recall": 22.606487274169922,
    "multi-label/f1-score": 23.905166625976562,
    "multi-label/precision_micro": 42.4256706237793,
    "multi-label/recall_micro": 33.320980072021484,
    "multi-label/f1-score_micro": 37.32613754272461,
    "AUC/AUC_multilabe": 68.54344850207981,
    "AUC/AUC_class1": 86.44859813084112,
    "AUC/AUC_class2": 59.352897543852315,
    "AUC/AUC_class3": 68.22715572715573,
    "AUC/AUC_class4": 77.20925411501307,
    "AUC/AUC_class5": 63.29709178228388,
    "AUC/AUC_class6": 60.591925465838514,
    "AUC/AUC_class7": 57.00638209038312,
    "AUC/AUC_class8": 69.82756223056599,
    "AUC/AUC_class9": 69.90230148842699,
    "AUC/AUC_class10": 59.08721800695308,
    "AUC/AUC_class11": 77.18916228574983,
    "AUC/AUC_class12": 71.63916786226686,
    "AUC/AUC_class13": 66.98746642793196,
    "AUC/AUC_class14": 69.80286738351255,
    "AUC/AUC_class15": 49.05100228368434,
    "AUC/AUC_class16": 98.67659947414549,
    "AUC/AUC_class17": 45.47038327526133,
    "AUC/AUC_class18": 78.37078651685394,
    "AUC/AUC_class19": 74.18769944879607,
    "MAP_class1": 0.7658672682435925,
    "MAP_class2": 0.23421581548093653,
    "MAP_class3": 0.4034989680797004,
    "MAP_class4": 0.536679839407493,
    "MAP_class5": 0.30660346026468055,
    "MAP_class6": 0.21850510894156427,
    "MAP_class7": 0.22534860400897605,
    "MAP_class8": 0.2468075661792754,
    "MAP_class9": 0.2989895320661716,
    "MAP_class10": 0.19974057677342882,
    "MAP_class11": 0.3215989058127159,
    "MAP_class12": 0.2931128489390744,
    "MAP_class13": 0.08883766779374744,
    "MAP_class14": 0.1567796531517312,
    "MAP_class15": 0.03058029037786959,
    "MAP_class16": 0.5986128822997687,
    "MAP_class17": 0.011494673830543384,
    "MAP_class18": 0.014975032526954226,
    "MAP_class19": 0.019885137542595008,
    "Aggregate": 47.35628696609469
}