{
    "multi-label/mAP": 27.7889404296875,
    "multi-label/precision": 20.535789489746094,
    "multi-label/recall": 42.693817138671875,
    "multi-label/f1-score": 26.477088928222656,
    "multi-label/precision_micro": 26.165557861328125,
    "multi-label/recall_micro": 56.468170166015625,
    "multi-label/f1-score_micro": 35.76072692871094,
    "AUC/AUC_multilabe": 65.3138266991952,
    "AUC/AUC_class1": 75.6167138388202,
    "AUC/AUC_class2": 56.728048230324404,
    "AUC/AUC_class3": 64.45527236381808,
    "AUC/AUC_class4": 64.45527236381808,
    "MAP_class1": 0.5526143269825581,
    "MAP_class2": 0.31714023078276604,
    "MAP_class3": 0.2418252619022345,
    "MAP_class4": -0.0,
    "Aggregate": 46.551661095442086
}