{
    "multi-label/mAP": 26.172775268554688,
    "multi-label/precision": 28.721656799316406,
    "multi-label/recall": 21.067007064819336,
    "multi-label/f1-score": 22.680389404296875,
    "multi-label/precision_micro": 41.43077850341797,
    "multi-label/recall_micro": 29.836917877197266,
    "multi-label/f1-score_micro": 34.690799713134766,
    "AUC/AUC_multilabe": 67.44535960498888,
    "AUC/AUC_class1": 85.91261745993293,
    "AUC/AUC_class2": 58.681400766827906,
    "AUC/AUC_class3": 66.06771606771608,
    "AUC/AUC_class4": 81.82864132012108,
    "AUC/AUC_class5": 64.43531788382376,
    "AUC/AUC_class6": 61.33726708074534,
    "AUC/AUC_class7": 52.11891365290177,
    "AUC/AUC_class8": 63.827701293283276,
    "AUC/AUC_class9": 74.73870565864533,
    "AUC/AUC_class10": 53.40548633491512,
    "AUC/AUC_class11": 65.5076679005817,
    "AUC/AUC_class12": 80.12840746054519,
    "AUC/AUC_class13": 66.12069667127858,
    "AUC/AUC_class14": 63.674439209053205,
    "AUC/AUC_class15": 51.1088556204009,
    "AUC/AUC_class16": 99.1148115687993,
    "AUC/AUC_class17": 65.4382203162691,
    "AUC/AUC_class18": 63.85047536732932,
    "AUC/AUC_class19": 64.16449086161879,
    "MAP_class1": 0.752070998631024,
    "MAP_class2": 0.22519376712552275,
    "MAP_class3": 0.33583862256844116,
    "MAP_class4": 0.5620373289462449,
    "MAP_class5": 0.2899147191439436,
    "MAP_class6": 0.2123953386102658,
    "MAP_class7": 0.19850620940757052,
    "MAP_class8": 0.19397738444359855,
    "MAP_class9": 0.32765523253826523,
    "MAP_class10": 0.1729730010862558,
    "MAP_class11": 0.20847041531012592,
    "MAP_class12": 0.3327285554732117,
    "MAP_class13": 0.09163656488362633,
    "MAP_class14": 0.14104600400787032,
    "MAP_class15": 0.03241150498360983,
    "MAP_class16": 0.7657325584282813,
    "MAP_class17": 0.020435644213251822,
    "MAP_class18": 0.009633055812519272,
    "MAP_class19": 0.09807727474991587,
    "Aggregate": 46.80355922450377
}