{
    "multi-label/mAP": 20.593307495117188,
    "multi-label/precision": 21.585912704467773,
    "multi-label/recall": 19.083086013793945,
    "multi-label/f1-score": 16.72425079345703,
    "multi-label/precision_micro": 22.87411880493164,
    "multi-label/recall_micro": 22.831727981567383,
    "multi-label/f1-score_micro": 22.852903366088867,
    "AUC/AUC_multilabe": 59.24296606129764,
    "AUC/AUC_class1": 74.50497889864977,
    "AUC/AUC_class2": 55.782028646350255,
    "AUC/AUC_class3": 58.93145893145893,
    "AUC/AUC_class4": 77.451801484307,
    "AUC/AUC_class5": 49.165269095898765,
    "AUC/AUC_class6": 61.659627329192546,
    "AUC/AUC_class7": 50.71425731156929,
    "AUC/AUC_class8": 62.85843415380338,
    "AUC/AUC_class9": 67.46508425677004,
    "AUC/AUC_class10": 46.83875961123658,
    "AUC/AUC_class11": 56.915108719320614,
    "AUC/AUC_class12": 36.048780487804876,
    "AUC/AUC_class13": 71.0344266297713,
    "AUC/AUC_class14": 53.678869155491114,
    "AUC/AUC_class15": 38.406495813245364,
    "AUC/AUC_class16": 96.54250657318141,
    "AUC/AUC_class17": 66.32940230501207,
    "AUC/AUC_class18": 36.732929991356954,
    "AUC/AUC_class19": 64.55613577023499,
    "MAP_class1": 0.6261162843232728,
    "MAP_class2": 0.20519703254368665,
    "MAP_class3": 0.298117458906897,
    "MAP_class4": 0.5034773758458029,
    "MAP_class5": 0.19410749323540227,
    "MAP_class6": 0.20458135889608542,
    "MAP_class7": 0.19492423568069703,
    "MAP_class8": 0.19740336319721935,
    "MAP_class9": 0.2018536041785814,
    "MAP_class10": 0.13020793751544674,
    "MAP_class11": 0.15830861705019167,
    "MAP_class12": 0.08495299754206895,
    "MAP_class13": 0.08703380052042935,
    "MAP_class14": 0.10105030360514783,
    "MAP_class15": 0.026138080231309258,
    "MAP_class16": 0.6534075282241202,
    "MAP_class17": 0.022688762515355572,
    "MAP_class18": 0.0043275765005950035,
    "MAP_class19": 0.01883485631177409,
    "Aggregate": 39.91813741702799
}