{
    "multi-label/mAP": 21.471817016601562,
    "multi-label/precision": 24.766935348510742,
    "multi-label/recall": 14.942835807800293,
    "multi-label/f1-score": 15.024019241333008,
    "multi-label/precision_micro": 30.991735458374023,
    "multi-label/recall_micro": 22.23869514465332,
    "multi-label/f1-score_micro": 25.895553588867188,
    "AUC/AUC_multilabe": 59.696658182321855,
    "AUC/AUC_class1": 71.37197026685878,
    "AUC/AUC_class2": 56.65750791378932,
    "AUC/AUC_class3": 69.28171303171304,
    "AUC/AUC_class4": 71.27368464695884,
    "AUC/AUC_class5": 60.02725262997408,
    "AUC/AUC_class6": 54.57142857142857,
    "AUC/AUC_class7": 52.60651728731336,
    "AUC/AUC_class8": 65.95605618133777,
    "AUC/AUC_class9": 73.34535440298997,
    "AUC/AUC_class10": 46.1415484558581,
    "AUC/AUC_class11": 63.71823187233646,
    "AUC/AUC_class12": 54.66284074605452,
    "AUC/AUC_class13": 63.121591926426305,
    "AUC/AUC_class14": 63.13076396439935,
    "AUC/AUC_class15": 49.609236234458265,
    "AUC/AUC_class16": 95.72304995617878,
    "AUC/AUC_class17": 42.883945322969716,
    "AUC/AUC_class18": 35.82541054451167,
    "AUC/AUC_class19": 44.328401508558166,
    "MAP_class1": 0.5986085873501283,
    "MAP_class2": 0.21113999058885036,
    "MAP_class3": 0.4093741327318183,
    "MAP_class4": 0.42962335000268365,
    "MAP_class5": 0.24574434113127838,
    "MAP_class6": 0.16506271987488552,
    "MAP_class7": 0.21125924344757258,
    "MAP_class8": 0.22207493907955247,
    "MAP_class9": 0.26510436304647167,
    "MAP_class10": 0.1238878378828876,
    "MAP_class11": 0.161283794111636,
    "MAP_class12": 0.13448155914050058,
    "MAP_class13": 0.05718283257552459,
    "MAP_class14": 0.12301590227225843,
    "MAP_class15": 0.030052761559705203,
    "MAP_class16": 0.6524617769119859,
    "MAP_class17": 0.025541448800274764,
    "MAP_class18": 0.003409916690476369,
    "MAP_class19": 0.009812724811680076,
    "Aggregate": 40.58286125434559
}