{
    "multi-label/mAP": 19.536231994628906,
    "multi-label/precision": 17.983484268188477,
    "multi-label/recall": 17.08735466003418,
    "multi-label/f1-score": 15.277881622314453,
    "multi-label/precision_micro": 30.33807945251465,
    "multi-label/recall_micro": 25.277984619140625,
    "multi-label/f1-score_micro": 27.57784080505371,
    "AUC/AUC_multilabe": 58.402338759801246,
    "AUC/AUC_class1": 71.0991189708151,
    "AUC/AUC_class2": 55.06795933931612,
    "AUC/AUC_class3": 63.840626340626336,
    "AUC/AUC_class4": 75.4641568887599,
    "AUC/AUC_class5": 48.0851692331148,
    "AUC/AUC_class6": 54.43291925465837,
    "AUC/AUC_class7": 50.64069427600055,
    "AUC/AUC_class8": 68.60972048393825,
    "AUC/AUC_class9": 72.1198609927218,
    "AUC/AUC_class10": 45.31047783388738,
    "AUC/AUC_class11": 60.925591812610826,
    "AUC/AUC_class12": 45.84289813486371,
    "AUC/AUC_class13": 66.08610726784406,
    "AUC/AUC_class14": 57.819862268938024,
    "AUC/AUC_class15": 44.673940624207056,
    "AUC/AUC_class16": 95.56091148115688,
    "AUC/AUC_class17": 44.579201286518355,
    "AUC/AUC_class18": 38.31028522039758,
    "AUC/AUC_class19": 51.174934725848566,
    "MAP_class1": 0.5913046048046893,
    "MAP_class2": 0.19414759454335395,
    "MAP_class3": 0.357185919119032,
    "MAP_class4": 0.4648821758950227,
    "MAP_class5": 0.1826855316497163,
    "MAP_class6": 0.16367956608618892,
    "MAP_class7": 0.19296027324910311,
    "MAP_class8": 0.23980439861512592,
    "MAP_class9": 0.2462868497872988,
    "MAP_class10": 0.12133910987669808,
    "MAP_class11": 0.16652960004257142,
    "MAP_class12": 0.10383881177528262,
    "MAP_class13": 0.06570503681230738,
    "MAP_class14": 0.11613786330934438,
    "MAP_class15": 0.028291857347683413,
    "MAP_class16": 0.43955004702858835,
    "MAP_class17": 0.021609452242574947,
    "MAP_class18": 0.003393892292549982,
    "MAP_class19": 0.01231527010564814,
    "Aggregate": 38.968663734065835
}