{
    "multi-label/mAP": 18.153175354003906,
    "multi-label/precision": 20.785934448242188,
    "multi-label/recall": 7.796111106872559,
    "multi-label/f1-score": 8.729239463806152,
    "multi-label/precision_micro": 24.464832305908203,
    "multi-label/recall_micro": 11.860637664794922,
    "multi-label/f1-score_micro": 15.97603702545166,
    "AUC/AUC_multilabe": 58.90143677000828,
    "AUC/AUC_class1": 73.99752648825083,
    "AUC/AUC_class2": 55.667631295772004,
    "AUC/AUC_class3": 56.214318714318715,
    "AUC/AUC_class4": 53.29698577884655,
    "AUC/AUC_class5": 42.684669919194995,
    "AUC/AUC_class6": 56.84782608695653,
    "AUC/AUC_class7": 57.11622959619858,
    "AUC/AUC_class8": 55.853149770546516,
    "AUC/AUC_class9": 52.071995278998095,
    "AUC/AUC_class10": 52.73745781206384,
    "AUC/AUC_class11": 50.03188477929512,
    "AUC/AUC_class12": 62.20086083213773,
    "AUC/AUC_class13": 64.57841621225685,
    "AUC/AUC_class14": 57.59937175305062,
    "AUC/AUC_class15": 53.3392539964476,
    "AUC/AUC_class16": 92.26993865030676,
    "AUC/AUC_class17": 64.50683462878585,
    "AUC/AUC_class18": 64.15298184961107,
    "AUC/AUC_class19": 53.95996518711923,
    "MAP_class1": 0.6210340919469626,
    "MAP_class2": 0.2150587650213791,
    "MAP_class3": 0.2744495276685781,
    "MAP_class4": 0.2843133226965264,
    "MAP_class5": 0.16233385746734974,
    "MAP_class6": 0.17225086876206758,
    "MAP_class7": 0.22323653649068134,
    "MAP_class8": 0.13841726557650996,
    "MAP_class9": 0.143078026182081,
    "MAP_class10": 0.14875970367013314,
    "MAP_class11": 0.13429350881806318,
    "MAP_class12": 0.15187620794990242,
    "MAP_class13": 0.12598117097218728,
    "MAP_class14": 0.10542051944838382,
    "MAP_class15": 0.03262152134586098,
    "MAP_class16": 0.46296268880092123,
    "MAP_class17": 0.019884317149569425,
    "MAP_class18": 0.00590379406010225,
    "MAP_class19": 0.02722768210504751,
    "Aggregate": 38.527306216931265
}