{
    "multi-label/mAP": 20.927045822143555,
    "multi-label/precision": 22.31998062133789,
    "multi-label/recall": 16.60736083984375,
    "multi-label/f1-score": 16.223831176757812,
    "multi-label/precision_micro": 31.862974166870117,
    "multi-label/recall_micro": 25.166791915893555,
    "multi-label/f1-score_micro": 28.12176513671875,
    "AUC/AUC_multilabe": 59.582542358840804,
    "AUC/AUC_class1": 69.54520533972537,
    "AUC/AUC_class2": 56.60213750666012,
    "AUC/AUC_class3": 66.1044286044286,
    "AUC/AUC_class4": 76.25399062979393,
    "AUC/AUC_class5": 57.36821542918128,
    "AUC/AUC_class6": 53.721118012422366,
    "AUC/AUC_class7": 55.012724416963245,
    "AUC/AUC_class8": 64.77680433875678,
    "AUC/AUC_class9": 75.46324831158611,
    "AUC/AUC_class10": 44.79280330905677,
    "AUC/AUC_class11": 61.86969235076367,
    "AUC/AUC_class12": 50.59971305595409,
    "AUC/AUC_class13": 63.557011475543256,
    "AUC/AUC_class14": 60.9011920583142,
    "AUC/AUC_class15": 52.0451662014717,
    "AUC/AUC_class16": 93.23838737949166,
    "AUC/AUC_class17": 46.14714553738944,
    "AUC/AUC_class18": 29.7104580812446,
    "AUC/AUC_class19": 54.35886277922831,
    "MAP_class1": 0.5790147877771454,
    "MAP_class2": 0.20338812436183518,
    "MAP_class3": 0.3688775167146234,
    "MAP_class4": 0.5100633106450926,
    "MAP_class5": 0.23243901261078193,
    "MAP_class6": 0.15937612794911676,
    "MAP_class7": 0.22257729156874168,
    "MAP_class8": 0.1981341661719244,
    "MAP_class9": 0.2784523276803265,
    "MAP_class10": 0.1271480561192533,
    "MAP_class11": 0.1620132617225835,
    "MAP_class12": 0.12324479704870561,
    "MAP_class13": 0.0588104687423196,
    "MAP_class14": 0.10822917974826304,
    "MAP_class15": 0.03116167200733426,
    "MAP_class16": 0.5776312451719626,
    "MAP_class17": 0.020420249739244622,
    "MAP_class18": 0.0029632882594251226,
    "MAP_class19": 0.01219397212895534,
    "Aggregate": 40.254794485124705
}