{
    "multi-label/mAP": 17.362306594848633,
    "multi-label/precision": 15.233602523803711,
    "multi-label/recall": 6.609612464904785,
    "multi-label/f1-score": 7.9793267250061035,
    "multi-label/precision_micro": 33.562313079833984,
    "multi-label/recall_micro": 12.676055908203125,
    "multi-label/f1-score_micro": 18.401935577392578,
    "AUC/AUC_multilabe": 59.274393018410926,
    "AUC/AUC_class1": 69.48974257627724,
    "AUC/AUC_class2": 54.779092970047735,
    "AUC/AUC_class3": 61.52278652278651,
    "AUC/AUC_class4": 64.5864256395373,
    "AUC/AUC_class5": 59.131060375057174,
    "AUC/AUC_class6": 54.34534161490683,
    "AUC/AUC_class7": 44.42511481798119,
    "AUC/AUC_class8": 62.27367542761786,
    "AUC/AUC_class9": 69.79673464035146,
    "AUC/AUC_class10": 54.32347044941254,
    "AUC/AUC_class11": 49.60960587302081,
    "AUC/AUC_class12": 53.53658536585366,
    "AUC/AUC_class13": 49.6215512330105,
    "AUC/AUC_class14": 49.32543997422577,
    "AUC/AUC_class15": 52.5957878710987,
    "AUC/AUC_class16": 90.52147239263803,
    "AUC/AUC_class17": 60.22514071294559,
    "AUC/AUC_class18": 62.20829732065687,
    "AUC/AUC_class19": 63.89614157238178,
    "MAP_class1": 0.5554065642994495,
    "MAP_class2": 0.19618560398186494,
    "MAP_class3": 0.33410040044950157,
    "MAP_class4": 0.33016061565900773,
    "MAP_class5": 0.26078390224992265,
    "MAP_class6": 0.156808914240518,
    "MAP_class7": 0.15572340863885636,
    "MAP_class8": 0.18267871192294333,
    "MAP_class9": 0.24583036042085,
    "MAP_class10": 0.16045854003347787,
    "MAP_class11": 0.10918432265383188,
    "MAP_class12": 0.1434540801731627,
    "MAP_class13": 0.050542682568782374,
    "MAP_class14": 0.08310634020051787,
    "MAP_class15": 0.03438539558084931,
    "MAP_class16": 0.25263556787243235,
    "MAP_class17": 0.021222502123839165,
    "MAP_class18": 0.005585477948865807,
    "MAP_class19": 0.020585103761424767,
    "Aggregate": 38.3183504428373
}