{
    "multi-label/mAP": 22.33169174194336,
    "multi-label/precision": 23.65911293029785,
    "multi-label/recall": 11.235862731933594,
    "multi-label/f1-score": 13.773292541503906,
    "multi-label/precision_micro": 35.366737365722656,
    "multi-label/recall_micro": 18.05040740966797,
    "multi-label/f1-score_micro": 23.901840209960938,
    "AUC/AUC_multilabe": 63.96889688718967,
    "AUC/AUC_class1": 77.05977228391833,
    "AUC/AUC_class2": 54.902892842591335,
    "AUC/AUC_class3": 67.65089265089266,
    "AUC/AUC_class4": 79.35237779344085,
    "AUC/AUC_class5": 63.810699039487716,
    "AUC/AUC_class6": 51.76956521739131,
    "AUC/AUC_class7": 51.16333976181482,
    "AUC/AUC_class8": 67.99680155750242,
    "AUC/AUC_class9": 73.89220378991541,
    "AUC/AUC_class10": 55.46413073819373,
    "AUC/AUC_class11": 44.98942358540455,
    "AUC/AUC_class12": 65.08177905308466,
    "AUC/AUC_class13": 70.73939936518272,
    "AUC/AUC_class14": 59.356248238089485,
    "AUC/AUC_class15": 60.550621669627006,
    "AUC/AUC_class16": 90.33742331288343,
    "AUC/AUC_class17": 48.813990887161616,
    "AUC/AUC_class18": 68.75540190146931,
    "AUC/AUC_class19": 63.72207716855236,
    "MAP_class1": 0.651694600452418,
    "MAP_class2": 0.18938672616172458,
    "MAP_class3": 0.3740044843341287,
    "MAP_class4": 0.5584614403254373,
    "MAP_class5": 0.3237871035860139,
    "MAP_class6": 0.15115058508664753,
    "MAP_class7": 0.17883574074853587,
    "MAP_class8": 0.23983549360172185,
    "MAP_class9": 0.30805171126960357,
    "MAP_class10": 0.16341892715261053,
    "MAP_class11": 0.1022992437204807,
    "MAP_class12": 0.16504628209259609,
    "MAP_class13": 0.092672637197463,
    "MAP_class14": 0.1021630206267715,
    "MAP_class15": 0.04138550194318545,
    "MAP_class16": 0.5619311407820271,
    "MAP_class17": 0.013763569231022975,
    "MAP_class18": 0.009712546382669083,
    "MAP_class19": 0.015415152754849965,
    "Aggregate": 43.15027977898933
}