{
    "multi-label/mAP": 23.42506217956543,
    "multi-label/precision": 27.112201690673828,
    "multi-label/recall": 19.967493057250977,
    "multi-label/f1-score": 21.441238403320312,
    "multi-label/precision_micro": 35.64476776123047,
    "multi-label/recall_micro": 32.579689025878906,
    "multi-label/f1-score_micro": 34.04337692260742,
    "AUC/AUC_multilabe": 66.123123964541,
    "AUC/AUC_class1": 83.0076755364588,
    "AUC/AUC_class2": 60.479110730367005,
    "AUC/AUC_class3": 68.29068079068078,
    "AUC/AUC_class4": 79.13719474273395,
    "AUC/AUC_class5": 61.299836103064486,
    "AUC/AUC_class6": 63.086956521739125,
    "AUC/AUC_class7": 52.20440582937352,
    "AUC/AUC_class8": 66.7716590182172,
    "AUC/AUC_class9": 74.2626713002426,
    "AUC/AUC_class10": 46.51077219783287,
    "AUC/AUC_class11": 70.86586617724826,
    "AUC/AUC_class12": 71.34146341463415,
    "AUC/AUC_class13": 74.13323024334663,
    "AUC/AUC_class14": 63.39253352664008,
    "AUC/AUC_class15": 51.38797259578788,
    "AUC/AUC_class16": 93.59772129710781,
    "AUC/AUC_class17": 48.20423478960064,
    "AUC/AUC_class18": 54.14866032843562,
    "AUC/AUC_class19": 74.21671018276763,
    "MAP_class1": 0.7392555000823542,
    "MAP_class2": 0.2243106767584877,
    "MAP_class3": 0.3771625590379577,
    "MAP_class4": 0.48399522759563496,
    "MAP_class5": 0.253987047727984,
    "MAP_class6": 0.20103714949239465,
    "MAP_class7": 0.2034132675642526,
    "MAP_class8": 0.25303241067041177,
    "MAP_class9": 0.2657292009639043,
    "MAP_class10": 0.13069357082151933,
    "MAP_class11": 0.22383697011977188,
    "MAP_class12": 0.2794844067270923,
    "MAP_class13": 0.14016447501654072,
    "MAP_class14": 0.11921283072791997,
    "MAP_class15": 0.03497608180801204,
    "MAP_class16": 0.47817287408085235,
    "MAP_class17": 0.012400830468611283,
    "MAP_class18": 0.005319165607920206,
    "MAP_class19": 0.022844075784046312,
    "Aggregate": 44.76953124820647
}