{
    "multi-label/mAP": 22.203752517700195,
    "multi-label/precision": 14.042981147766113,
    "multi-label/recall": 21.817468643188477,
    "multi-label/f1-score": 16.869373321533203,
    "multi-label/precision_micro": 39.02438735961914,
    "multi-label/recall_micro": 36.13963317871094,
    "multi-label/f1-score_micro": 37.52665328979492,
    "AUC/AUC_multilabe": 58.98695050360321,
    "AUC/AUC_class1": 45.08267540592879,
    "AUC/AUC_class2": 79.33874694117486,
    "AUC/AUC_class3": 55.7631898336546,
    "AUC/AUC_class4": 55.7631898336546,
    "MAP_class1": 0.19492645970457118,
    "MAP_class2": 0.5834660568831753,
    "MAP_class3": 0.10975757588243537,
    "MAP_class4": -0.0,
    "Aggregate": 40.595351407678876
}