{
    "multi-label/mAP": 17.800033569335938,
    "multi-label/precision": 14.856572151184082,
    "multi-label/recall": 7.592078685760498,
    "multi-label/f1-score": 7.617469310760498,
    "multi-label/precision_micro": 35.25969314575195,
    "multi-label/recall_micro": 17.86508560180664,
    "multi-label/f1-score_micro": 23.714637756347656,
    "AUC/AUC_multilabe": 56.99085294785961,
    "AUC/AUC_class1": 72.79949892261989,
    "AUC/AUC_class2": 53.58340559345584,
    "AUC/AUC_class3": 54.86379236379236,
    "AUC/AUC_class4": 64.27049214312368,
    "AUC/AUC_class5": 60.92153910657112,
    "AUC/AUC_class6": 62.59813664596273,
    "AUC/AUC_class7": 51.48716623257849,
    "AUC/AUC_class8": 61.3085801696565,
    "AUC/AUC_class9": 66.80086551701527,
    "AUC/AUC_class10": 58.744004872230825,
    "AUC/AUC_class11": 71.26403707966529,
    "AUC/AUC_class12": 57.77187948350072,
    "AUC/AUC_class13": 53.69089281354277,
    "AUC/AUC_class14": 52.813015988079414,
    "AUC/AUC_class15": 50.862725196650594,
    "AUC/AUC_class16": 90.75372480280456,
    "AUC/AUC_class17": 36.129723934601984,
    "AUC/AUC_class18": 29.170267934312875,
    "AUC/AUC_class19": 32.99245720916739,
    "MAP_class1": 0.6126854609487496,
    "MAP_class2": 0.19813566860598897,
    "MAP_class3": 0.2608166162496852,
    "MAP_class4": 0.353770044814824,
    "MAP_class5": 0.2869599146734664,
    "MAP_class6": 0.20472742208762168,
    "MAP_class7": 0.19311324090378884,
    "MAP_class8": 0.1662474813226175,
    "MAP_class9": 0.199040075502552,
    "MAP_class10": 0.19216207651112374,
    "MAP_class11": 0.23776854189006608,
    "MAP_class12": 0.15362265822742532,
    "MAP_class13": 0.040942734174714876,
    "MAP_class14": 0.09928326617996783,
    "MAP_class15": 0.031697119736853706,
    "MAP_class16": 0.12820143100897805,
    "MAP_class17": 0.012200313547919695,
    "MAP_class18": 0.0028905090208327855,
    "MAP_class19": 0.007680006082622958,
    "Aggregate": 37.39528063574507
}