{
    "multi-label/mAP": 24.807167053222656,
    "multi-label/precision": 26.748401641845703,
    "multi-label/recall": 23.1776123046875,
    "multi-label/f1-score": 23.21660614013672,
    "multi-label/precision_micro": 36.12181854248047,
    "multi-label/recall_micro": 34.72943115234375,
    "multi-label/f1-score_micro": 35.41194534301758,
    "AUC/AUC_multilabe": 66.99918142298824,
    "AUC/AUC_class1": 75.89298236666625,
    "AUC/AUC_class2": 56.142458655021464,
    "AUC/AUC_class3": 67.60407385407385,
    "AUC/AUC_class4": 83.97445996931879,
    "AUC/AUC_class5": 65.23907989022717,
    "AUC/AUC_class6": 59.4304347826087,
    "AUC/AUC_class7": 53.86852098534705,
    "AUC/AUC_class8": 65.47211792518426,
    "AUC/AUC_class9": 76.47891941512032,
    "AUC/AUC_class10": 52.264826046133926,
    "AUC/AUC_class11": 66.40666314119514,
    "AUC/AUC_class12": 63.199426111908174,
    "AUC/AUC_class13": 62.74110848864653,
    "AUC/AUC_class14": 64.7164834279731,
    "AUC/AUC_class15": 57.84826186247145,
    "AUC/AUC_class16": 97.95793163891324,
    "AUC/AUC_class17": 63.830072366657745,
    "AUC/AUC_class18": 69.05790838375108,
    "AUC/AUC_class19": 70.85871772555845,
    "MAP_class1": 0.6521983215940225,
    "MAP_class2": 0.209352921170152,
    "MAP_class3": 0.382480718245778,
    "MAP_class4": 0.5943880693675117,
    "MAP_class5": 0.3366051221420386,
    "MAP_class6": 0.1880392762983148,
    "MAP_class7": 0.19698779461362717,
    "MAP_class8": 0.20652831557880447,
    "MAP_class9": 0.34996187509506127,
    "MAP_class10": 0.14924648117087358,
    "MAP_class11": 0.23662435552585764,
    "MAP_class12": 0.17107906729509495,
    "MAP_class13": 0.08489947066935143,
    "MAP_class14": 0.16026173481140496,
    "MAP_class15": 0.03718025834780109,
    "MAP_class16": 0.6851757000021337,
    "MAP_class17": 0.033152731515174914,
    "MAP_class18": 0.011068304910449729,
    "MAP_class19": 0.028241435976184635,
    "Aggregate": 45.90346427551948
}