{
    "multi-label/mAP": 19.831613540649414,
    "multi-label/precision": 22.411653518676758,
    "multi-label/recall": 14.692479133605957,
    "multi-label/f1-score": 14.643834114074707,
    "multi-label/precision_micro": 29.509016036987305,
    "multi-label/recall_micro": 21.83098602294922,
    "multi-label/f1-score_micro": 25.095867156982422,
    "AUC/AUC_multilabe": 56.90323503981456,
    "AUC/AUC_class1": 72.20263671252438,
    "AUC/AUC_class2": 58.75479267439066,
    "AUC/AUC_class3": 65.02904002904003,
    "AUC/AUC_class4": 76.00688254073553,
    "AUC/AUC_class5": 49.882794633328245,
    "AUC/AUC_class6": 54.44409937888198,
    "AUC/AUC_class7": 50.887726902200924,
    "AUC/AUC_class8": 62.30426922542066,
    "AUC/AUC_class9": 68.49845911743492,
    "AUC/AUC_class10": 42.85406146116172,
    "AUC/AUC_class11": 52.36102902292594,
    "AUC/AUC_class12": 37.51004304160689,
    "AUC/AUC_class13": 51.766094245951,
    "AUC/AUC_class14": 52.874431154605126,
    "AUC/AUC_class15": 48.880994671403194,
    "AUC/AUC_class16": 91.46801051709026,
    "AUC/AUC_class17": 53.263200214419726,
    "AUC/AUC_class18": 41.87554019014693,
    "AUC/AUC_class19": 50.29736002320858,
    "MAP_class1": 0.5996514478081522,
    "MAP_class2": 0.23234426486111856,
    "MAP_class3": 0.34394300770496605,
    "MAP_class4": 0.4757274241170439,
    "MAP_class5": 0.19276809636406594,
    "MAP_class6": 0.16700352350301695,
    "MAP_class7": 0.19293479275445408,
    "MAP_class8": 0.1876432275772397,
    "MAP_class9": 0.24450134029057408,
    "MAP_class10": 0.12474265618040234,
    "MAP_class11": 0.13329540024719613,
    "MAP_class12": 0.09761831672073344,
    "MAP_class13": 0.07075267685302064,
    "MAP_class14": 0.09285634455671571,
    "MAP_class15": 0.033867175347142446,
    "MAP_class16": 0.5495011794238921,
    "MAP_class17": 0.01356664308106674,
    "MAP_class18": 0.0036201570488996436,
    "MAP_class19": 0.011675525963480163,
    "Aggregate": 38.367441731494594
}