{
    "multi-label/mAP": 20.538135528564453,
    "multi-label/precision": 22.526264190673828,
    "multi-label/recall": 16.26021385192871,
    "multi-label/f1-score": 17.13298988342285,
    "multi-label/precision_micro": 30.19627571105957,
    "multi-label/recall_micro": 22.23869514465332,
    "multi-label/f1-score_micro": 25.61366081237793,
    "AUC/AUC_multilabe": 59.54905575131091,
    "AUC/AUC_class1": 71.10326274049802,
    "AUC/AUC_class2": 57.535598992885426,
    "AUC/AUC_class3": 68.23994323994324,
    "AUC/AUC_class4": 66.77640034827314,
    "AUC/AUC_class5": 54.5810146363775,
    "AUC/AUC_class6": 52.67142857142857,
    "AUC/AUC_class7": 50.517426486669194,
    "AUC/AUC_class8": 65.44708663607285,
    "AUC/AUC_class9": 71.50219657727362,
    "AUC/AUC_class10": 47.17753191057427,
    "AUC/AUC_class11": 46.923507636793474,
    "AUC/AUC_class12": 41.16857962697274,
    "AUC/AUC_class13": 67.99055912753317,
    "AUC/AUC_class14": 64.8050823567315,
    "AUC/AUC_class15": 45.39203247906622,
    "AUC/AUC_class16": 96.897458369851,
    "AUC/AUC_class17": 53.70544090056285,
    "AUC/AUC_class18": 48.35782195332757,
    "AUC/AUC_class19": 60.63968668407311,
    "MAP_class1": 0.5691790291721988,
    "MAP_class2": 0.21392127482148132,
    "MAP_class3": 0.36643861432954594,
    "MAP_class4": 0.414238052523549,
    "MAP_class5": 0.20932708203559947,
    "MAP_class6": 0.16122282809425764,
    "MAP_class7": 0.19069268801580763,
    "MAP_class8": 0.2218029555132329,
    "MAP_class9": 0.24108939830163909,
    "MAP_class10": 0.13093280904587065,
    "MAP_class11": 0.14052498424098728,
    "MAP_class12": 0.09408213768963711,
    "MAP_class13": 0.10731837701282254,
    "MAP_class14": 0.12473955310553689,
    "MAP_class15": 0.027309070442403622,
    "MAP_class16": 0.63873972119409,
    "MAP_class17": 0.024328128605851488,
    "MAP_class18": 0.004780268047427906,
    "MAP_class19": 0.021578676025253228,
    "Aggregate": 40.04359537096386
}