{
    "multi-label/mAP": 17.186906814575195,
    "multi-label/precision": 15.004051208496094,
    "multi-label/recall": 8.597833633422852,
    "multi-label/f1-score": 8.775470733642578,
    "multi-label/precision_micro": 26.99430274963379,
    "multi-label/recall_micro": 14.047442436218262,
    "multi-label/f1-score_micro": 18.478792190551758,
    "AUC/AUC_multilabe": 58.22405566728132,
    "AUC/AUC_class1": 67.75732809730847,
    "AUC/AUC_class2": 52.315109852798294,
    "AUC/AUC_class3": 58.61383361383361,
    "AUC/AUC_class4": 59.286040051411746,
    "AUC/AUC_class5": 58.174836103064486,
    "AUC/AUC_class6": 55.55031055900621,
    "AUC/AUC_class7": 47.31445215420402,
    "AUC/AUC_class8": 53.447364761507444,
    "AUC/AUC_class9": 65.63569601993314,
    "AUC/AUC_class10": 54.6939630014972,
    "AUC/AUC_class11": 42.405201107412815,
    "AUC/AUC_class12": 51.14024390243902,
    "AUC/AUC_class13": 53.51591112557988,
    "AUC/AUC_class14": 55.86565180620998,
    "AUC/AUC_class15": 47.06673433138797,
    "AUC/AUC_class16": 94.16301489921122,
    "AUC/AUC_class17": 53.20959528276601,
    "AUC/AUC_class18": 65.9248055315471,
    "AUC/AUC_class19": 70.17696547722657,
    "MAP_class1": 0.5115541279644251,
    "MAP_class2": 0.2124677153836463,
    "MAP_class3": 0.2810698676452103,
    "MAP_class4": 0.27680767855873634,
    "MAP_class5": 0.2508229971118783,
    "MAP_class6": 0.1657887851424516,
    "MAP_class7": 0.16407115279547546,
    "MAP_class8": 0.13049736371438747,
    "MAP_class9": 0.20438123923809676,
    "MAP_class10": 0.15120787440597666,
    "MAP_class11": 0.09036485503312292,
    "MAP_class12": 0.12083776680809816,
    "MAP_class13": 0.050990473412582504,
    "MAP_class14": 0.0875274192151426,
    "MAP_class15": 0.030974379639619173,
    "MAP_class16": 0.48921479643043236,
    "MAP_class17": 0.013780702853966157,
    "MAP_class18": 0.008349582143412942,
    "MAP_class19": 0.024802345080317652,
    "Aggregate": 37.705478156211655
}