{
    "multi-label/mAP": 16.04248046875,
    "multi-label/precision": 17.526376724243164,
    "multi-label/recall": 7.081031322479248,
    "multi-label/f1-score": 7.559937477111816,
    "multi-label/precision_micro": 31.79142189025879,
    "multi-label/recall_micro": 14.01037883758545,
    "multi-label/f1-score_micro": 19.449447631835938,
    "AUC/AUC_multilabe": 55.972763964908346,
    "AUC/AUC_class1": 72.15880837933982,
    "AUC/AUC_class2": 50.929804949905446,
    "AUC/AUC_class3": 44.929957429957426,
    "AUC/AUC_class4": 70.06385007670302,
    "AUC/AUC_class5": 53.57905168470805,
    "AUC/AUC_class6": 61.491925465838506,
    "AUC/AUC_class7": 48.20466429409309,
    "AUC/AUC_class8": 54.935335836462244,
    "AUC/AUC_class9": 58.49780342272638,
    "AUC/AUC_class10": 55.138680945009774,
    "AUC/AUC_class11": 68.23109465891064,
    "AUC/AUC_class12": 43.14562410329986,
    "AUC/AUC_class13": 64.27728493529746,
    "AUC/AUC_class14": 54.80649188514356,
    "AUC/AUC_class15": 53.82136513575235,
    "AUC/AUC_class16": 83.92638036809817,
    "AUC/AUC_class17": 54.05387295631199,
    "AUC/AUC_class18": 33.815903197925664,
    "AUC/AUC_class19": 37.47461560777487,
    "MAP_class1": 0.6079898808871594,
    "MAP_class2": 0.1718712085455374,
    "MAP_class3": 0.20493205590580252,
    "MAP_class4": 0.42212933764613014,
    "MAP_class5": 0.2045844855290268,
    "MAP_class6": 0.21274077276732845,
    "MAP_class7": 0.1744203948568031,
    "MAP_class8": 0.16585720453668643,
    "MAP_class9": 0.16969948334111445,
    "MAP_class10": 0.14891713818678654,
    "MAP_class11": 0.19611433209557438,
    "MAP_class12": 0.10563041340518636,
    "MAP_class13": 0.050816862319110465,
    "MAP_class14": 0.09326021558040262,
    "MAP_class15": 0.03589528405876778,
    "MAP_class16": 0.0589218961523682,
    "MAP_class17": 0.012987338231567181,
    "MAP_class18": 0.0030772833323903124,
    "MAP_class19": 0.008225805793497997,
    "Aggregate": 36.00762249079954
}