{
    "multi-label/mAP": 26.520097732543945,
    "multi-label/precision": 27.137611389160156,
    "multi-label/recall": 25.680753707885742,
    "multi-label/f1-score": 26.063379287719727,
    "multi-label/precision_micro": 40.711463928222656,
    "multi-label/recall_micro": 38.17642593383789,
    "multi-label/f1-score_micro": 39.4032096862793,
    "AUC/AUC_multilabe": 68.47543755922955,
    "AUC/AUC_class1": 85.04386020833599,
    "AUC/AUC_class2": 60.86409176861438,
    "AUC/AUC_class3": 71.22397122397123,
    "AUC/AUC_class4": 83.95787553381152,
    "AUC/AUC_class5": 62.75585073944199,
    "AUC/AUC_class6": 59.92111801242236,
    "AUC/AUC_class7": 54.35115414438236,
    "AUC/AUC_class8": 71.16812682519816,
    "AUC/AUC_class9": 79.25054094813456,
    "AUC/AUC_class10": 56.64222092521632,
    "AUC/AUC_class11": 71.00584813512926,
    "AUC/AUC_class12": 72.74103299856527,
    "AUC/AUC_class13": 72.15553023520795,
    "AUC/AUC_class14": 62.49647617896983,
    "AUC/AUC_class15": 50.39330119259071,
    "AUC/AUC_class16": 96.70464504820333,
    "AUC/AUC_class17": 52.36531760922005,
    "AUC/AUC_class18": 72.51512532411408,
    "AUC/AUC_class19": 65.47722657383233,
    "MAP_class1": 0.7661104133650405,
    "MAP_class2": 0.2222895239129641,
    "MAP_class3": 0.45443531237361984,
    "MAP_class4": 0.6265867600718015,
    "MAP_class5": 0.28749496139441133,
    "MAP_class6": 0.22180884008580104,
    "MAP_class7": 0.215996172055507,
    "MAP_class8": 0.28648661274193327,
    "MAP_class9": 0.3593482532460219,
    "MAP_class10": 0.16838205136861473,
    "MAP_class11": 0.2586368878052227,
    "MAP_class12": 0.2685271298969402,
    "MAP_class13": 0.11788503431579306,
    "MAP_class14": 0.14175640839605497,
    "MAP_class15": 0.030721666786744373,
    "MAP_class16": 0.5385588836483425,
    "MAP_class17": 0.016341897110784667,
    "MAP_class18": 0.02212971679042713,
    "MAP_class19": 0.03532189702431642,
    "Aggregate": 47.49776725958935
}