{
    "multi-label/mAP": 21.924097061157227,
    "multi-label/precision": 23.608097076416016,
    "multi-label/recall": 19.960702896118164,
    "multi-label/f1-score": 18.4805965423584,
    "multi-label/precision_micro": 30.188678741455078,
    "multi-label/recall_micro": 29.058561325073242,
    "multi-label/f1-score_micro": 29.612842559814453,
    "AUC/AUC_multilabe": 63.058813572377666,
    "AUC/AUC_class1": 74.42178475347757,
    "AUC/AUC_class2": 59.00604895579771,
    "AUC/AUC_class3": 72.2106722106722,
    "AUC/AUC_class4": 80.66462125295409,
    "AUC/AUC_class5": 56.85984906235706,
    "AUC/AUC_class6": 54.97639751552795,
    "AUC/AUC_class7": 50.381732508897144,
    "AUC/AUC_class8": 65.32401613127522,
    "AUC/AUC_class9": 72.9001376958888,
    "AUC/AUC_class10": 47.18451036617859,
    "AUC/AUC_class11": 51.29794382057425,
    "AUC/AUC_class12": 41.768292682926834,
    "AUC/AUC_class13": 63.22129079514934,
    "AUC/AUC_class14": 57.82892352301558,
    "AUC/AUC_class15": 52.70997208830246,
    "AUC/AUC_class16": 98.15512708150744,
    "AUC/AUC_class17": 52.75395336370946,
    "AUC/AUC_class18": 83.5133967156439,
    "AUC/AUC_class19": 62.93878735131999,
    "MAP_class1": 0.606756946753603,
    "MAP_class2": 0.21762403990850063,
    "MAP_class3": 0.43102068426966533,
    "MAP_class4": 0.5575935633404285,
    "MAP_class5": 0.2270925101991476,
    "MAP_class6": 0.1675551766281373,
    "MAP_class7": 0.18968999305569287,
    "MAP_class8": 0.20175788697759306,
    "MAP_class9": 0.26841759021963585,
    "MAP_class10": 0.1311804733153371,
    "MAP_class11": 0.1319354066538725,
    "MAP_class12": 0.09347648694272148,
    "MAP_class13": 0.09294695261247767,
    "MAP_class14": 0.09504163797363685,
    "MAP_class15": 0.04241528461605693,
    "MAP_class16": 0.6581050298462994,
    "MAP_class17": 0.01927231971866958,
    "MAP_class18": 0.013409457303159487,
    "MAP_class19": 0.02029960548723308,
    "Aggregate": 42.49148848572006
}