{
    "multi-label/mAP": 23.50307273864746,
    "multi-label/precision": 26.437524795532227,
    "multi-label/recall": 19.763164520263672,
    "multi-label/f1-score": 20.243894577026367,
    "multi-label/precision_micro": 35.594539642333984,
    "multi-label/recall_micro": 33.839881896972656,
    "multi-label/f1-score_micro": 34.69504165649414,
    "AUC/AUC_multilabe": 64.46195711088455,
    "AUC/AUC_class1": 77.83322283280845,
    "AUC/AUC_class2": 58.958513983639605,
    "AUC/AUC_class3": 72.36412236412237,
    "AUC/AUC_class4": 74.46411542767112,
    "AUC/AUC_class5": 62.64960359810947,
    "AUC/AUC_class6": 55.344099378881985,
    "AUC/AUC_class7": 54.79849692824621,
    "AUC/AUC_class8": 68.22695035460994,
    "AUC/AUC_class9": 70.46292046423184,
    "AUC/AUC_class10": 59.10942218387597,
    "AUC/AUC_class11": 75.1905309982269,
    "AUC/AUC_class12": 71.02869440459112,
    "AUC/AUC_class13": 68.74745666151216,
    "AUC/AUC_class14": 66.39382223833113,
    "AUC/AUC_class15": 45.298147678254246,
    "AUC/AUC_class16": 95.50394390885188,
    "AUC/AUC_class17": 35.04422406861431,
    "AUC/AUC_class18": 46.9533275713051,
    "AUC/AUC_class19": 66.40557006092254,
    "MAP_class1": 0.6276475571983675,
    "MAP_class2": 0.2139118343593377,
    "MAP_class3": 0.41719131235174967,
    "MAP_class4": 0.4529285407869186,
    "MAP_class5": 0.2739300299886336,
    "MAP_class6": 0.15338390380875674,
    "MAP_class7": 0.20908487380440555,
    "MAP_class8": 0.23621466442883038,
    "MAP_class9": 0.29545035684663956,
    "MAP_class10": 0.18099517113491576,
    "MAP_class11": 0.3128799784309099,
    "MAP_class12": 0.2642793565550786,
    "MAP_class13": 0.0929055453092453,
    "MAP_class14": 0.16957197486598807,
    "MAP_class15": 0.026232056674072392,
    "MAP_class16": 0.4995563872262319,
    "MAP_class17": 0.008832164942408655,
    "MAP_class18": 0.008299415064909185,
    "MAP_class19": 0.016322485884221,
    "Aggregate": 43.96681437034128
}