{
    "multi-label/mAP": 16.11703872680664,
    "multi-label/precision": 15.911996841430664,
    "multi-label/recall": 10.488851547241211,
    "multi-label/f1-score": 10.035102844238281,
    "multi-label/precision_micro": 30.022701263427734,
    "multi-label/recall_micro": 19.60711669921875,
    "multi-label/f1-score_micro": 23.721973419189453,
    "AUC/AUC_multilabe": 55.52961280492425,
    "AUC/AUC_class1": 65.52383623822212,
    "AUC/AUC_class2": 50.731829626301995,
    "AUC/AUC_class3": 55.91443091443091,
    "AUC/AUC_class4": 61.7761930428293,
    "AUC/AUC_class5": 56.749313919804855,
    "AUC/AUC_class6": 59.206832298136646,
    "AUC/AUC_class7": 49.67095453009126,
    "AUC/AUC_class8": 63.217911277986374,
    "AUC/AUC_class9": 63.6128778440758,
    "AUC/AUC_class10": 56.0439769584084,
    "AUC/AUC_class11": 69.21252371916509,
    "AUC/AUC_class12": 56.592539454806314,
    "AUC/AUC_class13": 55.127370391470656,
    "AUC/AUC_class14": 50.56884539486932,
    "AUC/AUC_class15": 59.39101750824665,
    "AUC/AUC_class16": 55.977212971078,
    "AUC/AUC_class17": 50.375234521576,
    "AUC/AUC_class18": 30.229040622299053,
    "AUC/AUC_class19": 45.14070205976212,
    "MAP_class1": 0.5275262991349073,
    "MAP_class2": 0.1779498005251832,
    "MAP_class3": 0.2771954215957728,
    "MAP_class4": 0.32251557485705123,
    "MAP_class5": 0.2400629201818949,
    "MAP_class6": 0.1959985351018329,
    "MAP_class7": 0.18101086649505704,
    "MAP_class8": 0.16925715869528812,
    "MAP_class9": 0.2317531305376102,
    "MAP_class10": 0.15613423990746697,
    "MAP_class11": 0.22103392849683212,
    "MAP_class12": 0.14522119296955327,
    "MAP_class13": 0.043609554749990474,
    "MAP_class14": 0.0803409509855135,
    "MAP_class15": 0.043748908048895044,
    "MAP_class16": 0.02153381033320722,
    "MAP_class17": 0.014144583818230532,
    "MAP_class18": 0.0030108641497221507,
    "MAP_class19": 0.01018960504986161,
    "Aggregate": 35.823325733077574
}