{
    "multi-label/mAP": 25.978168487548828,
    "multi-label/precision": 27.60662269592285,
    "multi-label/recall": 23.717599868774414,
    "multi-label/f1-score": 22.898685455322266,
    "multi-label/precision_micro": 39.03266906738281,
    "multi-label/recall_micro": 34.09933090209961,
    "multi-label/f1-score_micro": 36.399600982666016,
    "AUC/AUC_multilabe": 68.5969663331371,
    "AUC/AUC_class1": 82.88081243385906,
    "AUC/AUC_class2": 60.05547487959548,
    "AUC/AUC_class3": 66.86466686466687,
    "AUC/AUC_class4": 82.49616484928895,
    "AUC/AUC_class5": 65.49683640798902,
    "AUC/AUC_class6": 55.56770186335404,
    "AUC/AUC_class7": 54.90387100622303,
    "AUC/AUC_class8": 72.20762063690725,
    "AUC/AUC_class9": 78.98695167529998,
    "AUC/AUC_class10": 51.453421980866345,
    "AUC/AUC_class11": 69.6752418577161,
    "AUC/AUC_class12": 75.31994261119083,
    "AUC/AUC_class13": 68.16554081549604,
    "AUC/AUC_class14": 68.85848334742862,
    "AUC/AUC_class15": 48.49023090586146,
    "AUC/AUC_class16": 98.22085889570552,
    "AUC/AUC_class17": 58.1278477619941,
    "AUC/AUC_class18": 78.86776145203112,
    "AUC/AUC_class19": 66.70293008413113,
    "MAP_class1": 0.7040176787045385,
    "MAP_class2": 0.2291699471285708,
    "MAP_class3": 0.3647292031031483,
    "MAP_class4": 0.5657567010627612,
    "MAP_class5": 0.31086919541991015,
    "MAP_class6": 0.17942071654569933,
    "MAP_class7": 0.231040091961448,
    "MAP_class8": 0.2586946427002633,
    "MAP_class9": 0.331083231751292,
    "MAP_class10": 0.15080895162655064,
    "MAP_class11": 0.23520051062343522,
    "MAP_class12": 0.2841260870063074,
    "MAP_class13": 0.12849007573695184,
    "MAP_class14": 0.15219679498241745,
    "MAP_class15": 0.02864366900314245,
    "MAP_class16": 0.662294829417051,
    "MAP_class17": 0.014504453935534293,
    "MAP_class18": 0.08039127445112826,
    "MAP_class19": 0.01827615437183036,
    "Aggregate": 47.27141529691587
}