{
    "multi-label/mAP": 17.613296508789062,
    "multi-label/precision": 15.392138481140137,
    "multi-label/recall": 8.67945384979248,
    "multi-label/f1-score": 8.512168884277344,
    "multi-label/precision_micro": 28.133514404296875,
    "multi-label/recall_micro": 15.307635307312012,
    "multi-label/f1-score_micro": 19.827173233032227,
    "AUC/AUC_multilabe": 57.771337418068526,
    "AUC/AUC_class1": 67.61325241294895,
    "AUC/AUC_class2": 50.865032020810915,
    "AUC/AUC_class3": 61.34747384747384,
    "AUC/AUC_class4": 73.05153613333886,
    "AUC/AUC_class5": 40.97899832291508,
    "AUC/AUC_class6": 54.604968944099376,
    "AUC/AUC_class7": 54.64590333419488,
    "AUC/AUC_class8": 56.02280628563482,
    "AUC/AUC_class9": 48.64140056389745,
    "AUC/AUC_class10": 52.23818103382647,
    "AUC/AUC_class11": 57.887983326593464,
    "AUC/AUC_class12": 59.942611190817786,
    "AUC/AUC_class13": 50.95019125905429,
    "AUC/AUC_class14": 55.957271152994245,
    "AUC/AUC_class15": 55.39203247906623,
    "AUC/AUC_class16": 87.84837861524979,
    "AUC/AUC_class17": 64.62744572500671,
    "AUC/AUC_class18": 42.804667242869485,
    "AUC/AUC_class19": 62.23527705250943,
    "MAP_class1": 0.5381130043582051,
    "MAP_class2": 0.17610190563343414,
    "MAP_class3": 0.32358115614171634,
    "MAP_class4": 0.4301177394651632,
    "MAP_class5": 0.15955818237728733,
    "MAP_class6": 0.16794656080864165,
    "MAP_class7": 0.20509007885905522,
    "MAP_class8": 0.14439637782603548,
    "MAP_class9": 0.13324802240940592,
    "MAP_class10": 0.14395197998004478,
    "MAP_class11": 0.1512617296041945,
    "MAP_class12": 0.15979381786248686,
    "MAP_class13": 0.048244771856951876,
    "MAP_class14": 0.1162071546076422,
    "MAP_class15": 0.042056127815231534,
    "MAP_class16": 0.335177528526992,
    "MAP_class17": 0.031852516793988254,
    "MAP_class18": 0.004212827430121201,
    "MAP_class19": 0.0356147582703599,
    "Aggregate": 37.69231671068415
}