{
    "multi-label/mAP": 15.635358810424805,
    "multi-label/precision": 17.11185073852539,
    "multi-label/recall": 21.281089782714844,
    "multi-label/f1-score": 12.283333778381348,
    "multi-label/precision_micro": 15.671642303466797,
    "multi-label/recall_micro": 22.572275161743164,
    "multi-label/f1-score_micro": 18.499391555786133,
    "AUC/AUC_multilabe": 51.71213540157921,
    "AUC/AUC_class1": 61.45561066415065,
    "AUC/AUC_class2": 49.476592943929624,
    "AUC/AUC_class3": 48.96421146421146,
    "AUC/AUC_class4": 70.04830216841493,
    "AUC/AUC_class5": 44.12782055191341,
    "AUC/AUC_class6": 47.743478260869566,
    "AUC/AUC_class7": 54.22738930751338,
    "AUC/AUC_class8": 51.67292448894452,
    "AUC/AUC_class9": 50.1409743623369,
    "AUC/AUC_class10": 54.03386454183266,
    "AUC/AUC_class11": 53.316017046691755,
    "AUC/AUC_class12": 54.659253945480636,
    "AUC/AUC_class13": 55.96362008627004,
    "AUC/AUC_class14": 48.9086222866578,
    "AUC/AUC_class15": 48.3303730017762,
    "AUC/AUC_class16": 74.63628396143734,
    "AUC/AUC_class17": 44.96113642455106,
    "AUC/AUC_class18": 41.81071737251513,
    "AUC/AUC_class19": 28.05337975050769,
    "MAP_class1": 0.49158602058599343,
    "MAP_class2": 0.17352959162634032,
    "MAP_class3": 0.2577645603870152,
    "MAP_class4": 0.46116054671383944,
    "MAP_class5": 0.1901614111995771,
    "MAP_class6": 0.13131446701926697,
    "MAP_class7": 0.21214307703665627,
    "MAP_class8": 0.15249839904979845,
    "MAP_class9": 0.15359469483147734,
    "MAP_class10": 0.15293723590787928,
    "MAP_class11": 0.11478719937824217,
    "MAP_class12": 0.1352388497149128,
    "MAP_class13": 0.04323158444052843,
    "MAP_class14": 0.08499156159651791,
    "MAP_class15": 0.028328468415058063,
    "MAP_class16": 0.16477871971868407,
    "MAP_class17": 0.010919776686714738,
    "MAP_class18": 0.0042443595488751065,
    "MAP_class19": 0.007445558021850984,
    "Aggregate": 33.67358370573494
}