{
    "multi-label/mAP": 19.061979293823242,
    "multi-label/precision": 17.947519302368164,
    "multi-label/recall": 21.78437042236328,
    "multi-label/f1-score": 14.794414520263672,
    "multi-label/precision_micro": 24.217119216918945,
    "multi-label/recall_micro": 25.796886444091797,
    "multi-label/f1-score_micro": 24.982051849365234,
    "AUC/AUC_multilabe": 60.04863565191417,
    "AUC/AUC_class1": 71.59414007216533,
    "AUC/AUC_class2": 55.757477616774096,
    "AUC/AUC_class3": 57.917532917532924,
    "AUC/AUC_class4": 80.66731622372404,
    "AUC/AUC_class5": 52.220708187223664,
    "AUC/AUC_class6": 58.422360248447205,
    "AUC/AUC_class7": 46.57086903791479,
    "AUC/AUC_class8": 66.5658461966347,
    "AUC/AUC_class9": 67.20149498393549,
    "AUC/AUC_class10": 51.26817570482402,
    "AUC/AUC_class11": 53.68852459016394,
    "AUC/AUC_class12": 47.70731707317073,
    "AUC/AUC_class13": 62.871327419223576,
    "AUC/AUC_class14": 60.42245580121622,
    "AUC/AUC_class15": 46.34103019538188,
    "AUC/AUC_class16": 90.70552147239263,
    "AUC/AUC_class17": 56.137764674350045,
    "AUC/AUC_class18": 54.710458081244596,
    "AUC/AUC_class19": 60.153756890049316,
    "MAP_class1": 0.5765788547209433,
    "MAP_class2": 0.19870635291971478,
    "MAP_class3": 0.2904721385540064,
    "MAP_class4": 0.5381868971071282,
    "MAP_class5": 0.21660624855831107,
    "MAP_class6": 0.178614061134369,
    "MAP_class7": 0.17270900125372662,
    "MAP_class8": 0.22849152211379165,
    "MAP_class9": 0.23821101577118373,
    "MAP_class10": 0.14234179438398042,
    "MAP_class11": 0.12239829257530196,
    "MAP_class12": 0.1135813823523974,
    "MAP_class13": 0.06173994157611569,
    "MAP_class14": 0.11505752476400903,
    "MAP_class15": 0.0317303355414953,
    "MAP_class16": 0.3564019663662381,
    "MAP_class17": 0.016495558351992113,
    "MAP_class18": 0.005603750373237208,
    "MAP_class19": 0.017829709501295664,
    "Aggregate": 39.55525558363929
}