{
    "multi-label/mAP": 18.718076705932617,
    "multi-label/precision": 16.542537689208984,
    "multi-label/recall": 53.909114837646484,
    "multi-label/f1-score": 23.307899475097656,
    "multi-label/precision_micro": 17.02802848815918,
    "multi-label/recall_micro": 66.11909484863281,
    "multi-label/f1-score_micro": 27.081581115722656,
    "AUC/AUC_multilabe": 58.9959872557973,
    "AUC/AUC_class1": 61.93877551020408,
    "AUC/AUC_class2": 61.66386416765779,
    "AUC/AUC_class3": 56.19065467266366,
    "AUC/AUC_class4": 56.19065467266366,
    "MAP_class1": 0.3141086923751904,
    "MAP_class2": 0.3270476256946595,
    "MAP_class3": 0.10757151416007518,
    "MAP_class4": -0.0,
    "Aggregate": 38.85709153077271
}