{
    "multi-label/mAP": 20.577491760253906,
    "multi-label/precision": 21.595638275146484,
    "multi-label/recall": 13.32194709777832,
    "multi-label/f1-score": 13.185949325561523,
    "multi-label/precision_micro": 35.71815872192383,
    "multi-label/recall_micro": 24.425500869750977,
    "multi-label/f1-score_micro": 29.01166534423828,
    "AUC/AUC_multilabe": 62.65195676342775,
    "AUC/AUC_class1": 71.5472835995971,
    "AUC/AUC_class2": 58.98254265088436,
    "AUC/AUC_class3": 63.94622644622645,
    "AUC/AUC_class4": 78.09983830175382,
    "AUC/AUC_class5": 61.983057630736404,
    "AUC/AUC_class6": 56.473291925465844,
    "AUC/AUC_class7": 53.44006600791299,
    "AUC/AUC_class8": 65.78014184397163,
    "AUC/AUC_class9": 58.997442790636676,
    "AUC/AUC_class10": 52.93729540436979,
    "AUC/AUC_class11": 66.9603695523688,
    "AUC/AUC_class12": 68.71377331420373,
    "AUC/AUC_class13": 53.67054610564009,
    "AUC/AUC_class14": 54.02621722846441,
    "AUC/AUC_class15": 50.93123572697286,
    "AUC/AUC_class16": 91.56441717791411,
    "AUC/AUC_class17": 68.10506566604127,
    "AUC/AUC_class18": 63.74243733794296,
    "AUC/AUC_class19": 50.48592979402379,
    "MAP_class1": 0.6013423811649568,
    "MAP_class2": 0.22254692775892798,
    "MAP_class3": 0.3707300866024066,
    "MAP_class4": 0.5217069517454306,
    "MAP_class5": 0.2722488617407697,
    "MAP_class6": 0.16579441899665034,
    "MAP_class7": 0.19872557790111456,
    "MAP_class8": 0.1855433270528756,
    "MAP_class9": 0.1664028581805916,
    "MAP_class10": 0.1438061045163495,
    "MAP_class11": 0.2053167201230204,
    "MAP_class12": 0.2385945458105849,
    "MAP_class13": 0.04693245168653596,
    "MAP_class14": 0.0871103260122851,
    "MAP_class15": 0.030790636238501944,
    "MAP_class16": 0.4042198657033336,
    "MAP_class17": 0.01993837980473806,
    "MAP_class18": 0.011188107168789714,
    "MAP_class19": 0.016785254681871926,
    "Aggregate": 41.61472517879212
}