{
    "multi-label/mAP": 26.435894012451172,
    "multi-label/precision": 29.090551376342773,
    "multi-label/recall": 24.100830078125,
    "multi-label/f1-score": 24.96185302734375,
    "multi-label/precision_micro": 42.82765579223633,
    "multi-label/recall_micro": 30.763526916503906,
    "multi-label/f1-score_micro": 35.80672836303711,
    "AUC/AUC_multilabe": 68.6456517724586,
    "AUC/AUC_class1": 84.641436421823,
    "AUC/AUC_class2": 63.51090170185647,
    "AUC/AUC_class3": 68.87148137148137,
    "AUC/AUC_class4": 83.19872299846593,
    "AUC/AUC_class5": 66.00115299588353,
    "AUC/AUC_class6": 58.03291925465839,
    "AUC/AUC_class7": 56.48348808080005,
    "AUC/AUC_class8": 72.20275344180224,
    "AUC/AUC_class9": 76.94708543702052,
    "AUC/AUC_class10": 55.30806709467861,
    "AUC/AUC_class11": 67.5412946775749,
    "AUC/AUC_class12": 75.17503586800575,
    "AUC/AUC_class13": 75.8525270611215,
    "AUC/AUC_class14": 68.76182997060127,
    "AUC/AUC_class15": 52.65922354732302,
    "AUC/AUC_class16": 95.69237510955301,
    "AUC/AUC_class17": 41.49691771642991,
    "AUC/AUC_class18": 71.02420051858253,
    "AUC/AUC_class19": 70.86597040905134,
    "MAP_class1": 0.7503533644132726,
    "MAP_class2": 0.2515039262277208,
    "MAP_class3": 0.4011289352379093,
    "MAP_class4": 0.5792288562252712,
    "MAP_class5": 0.3350999138351275,
    "MAP_class6": 0.18225590840976058,
    "MAP_class7": 0.23350403699714234,
    "MAP_class8": 0.2584967493916478,
    "MAP_class9": 0.3110322876034634,
    "MAP_class10": 0.15460176882649243,
    "MAP_class11": 0.20259599607785767,
    "MAP_class12": 0.30374718364017694,
    "MAP_class13": 0.1291058044489146,
    "MAP_class14": 0.14327358274695032,
    "MAP_class15": 0.034333387031714756,
    "MAP_class16": 0.6603388617089938,
    "MAP_class17": 0.009581381759202551,
    "MAP_class18": 0.03976274803582668,
    "MAP_class19": 0.04286738407101447,
    "Aggregate": 47.54075240383052
}