{
    "multi-label/mAP": 27.74479103088379,
    "multi-label/precision": 30.381441116333008,
    "multi-label/recall": 20.785003662109375,
    "multi-label/f1-score": 23.518537521362305,
    "multi-label/precision_micro": 45.84681701660156,
    "multi-label/recall_micro": 31.504817962646484,
    "multi-label/f1-score_micro": 37.34621810913086,
    "AUC/AUC_multilabe": 71.05871357038026,
    "AUC/AUC_class1": 84.84081549387359,
    "AUC/AUC_class2": 61.0453514976128,
    "AUC/AUC_class3": 68.82899382899382,
    "AUC/AUC_class4": 83.29118122641901,
    "AUC/AUC_class5": 63.90646440006098,
    "AUC/AUC_class6": 62.050621118012415,
    "AUC/AUC_class7": 59.30622104698094,
    "AUC/AUC_class8": 74.00152968989015,
    "AUC/AUC_class9": 78.06438922037898,
    "AUC/AUC_class10": 60.73476793463091,
    "AUC/AUC_class11": 75.16020157401935,
    "AUC/AUC_class12": 68.93830703012912,
    "AUC/AUC_class13": 73.6001464962969,
    "AUC/AUC_class14": 64.85743626917966,
    "AUC/AUC_class15": 53.51687388987567,
    "AUC/AUC_class16": 98.57142857142857,
    "AUC/AUC_class17": 68.1653712141517,
    "AUC/AUC_class18": 77.76577355229041,
    "AUC/AUC_class19": 73.46968378299972,
    "MAP_class1": 0.7610797794998014,
    "MAP_class2": 0.23384724025963374,
    "MAP_class3": 0.38578666956649016,
    "MAP_class4": 0.6113752437843041,
    "MAP_class5": 0.2825982021517749,
    "MAP_class6": 0.20813113049941906,
    "MAP_class7": 0.23674247741999244,
    "MAP_class8": 0.27917633963209204,
    "MAP_class9": 0.36864899914269633,
    "MAP_class10": 0.20754175111282502,
    "MAP_class11": 0.344774975451307,
    "MAP_class12": 0.20700125961310253,
    "MAP_class13": 0.18387546317055148,
    "MAP_class14": 0.1378644190700467,
    "MAP_class15": 0.03291221749915431,
    "MAP_class16": 0.6494384078160117,
    "MAP_class17": 0.08709652495890963,
    "MAP_class18": 0.019929612081053743,
    "MAP_class19": 0.033689529491016834,
    "Aggregate": 49.40175215945377
}