{
    "multi-label/mAP": 25.180906295776367,
    "multi-label/precision": 27.150178909301758,
    "multi-label/recall": 16.915536880493164,
    "multi-label/f1-score": 19.522624969482422,
    "multi-label/precision_micro": 39.56670379638672,
    "multi-label/recall_micro": 25.72275733947754,
    "multi-label/f1-score_micro": 31.177000045776367,
    "AUC/AUC_multilabe": 67.58193691598144,
    "AUC/AUC_class1": 82.62421746503296,
    "AUC/AUC_class2": 56.154472988643846,
    "AUC/AUC_class3": 68.4012309012309,
    "AUC/AUC_class4": 82.13483146067416,
    "AUC/AUC_class5": 64.92415002286933,
    "AUC/AUC_class6": 60.67204968944099,
    "AUC/AUC_class7": 57.60681551583594,
    "AUC/AUC_class8": 74.60158531497704,
    "AUC/AUC_class9": 76.96085502589995,
    "AUC/AUC_class10": 52.65435074986677,
    "AUC/AUC_class11": 59.55765701309609,
    "AUC/AUC_class12": 68.73457675753228,
    "AUC/AUC_class13": 71.99682591356719,
    "AUC/AUC_class14": 65.64073134388467,
    "AUC/AUC_class15": 52.98655163664044,
    "AUC/AUC_class16": 98.73356704645047,
    "AUC/AUC_class17": 52.64004288394533,
    "AUC/AUC_class18": 72.90406222990494,
    "AUC/AUC_class19": 64.12822744415433,
    "MAP_class1": 0.7340440661138823,
    "MAP_class2": 0.20658376485894975,
    "MAP_class3": 0.38152450780909963,
    "MAP_class4": 0.548609513347745,
    "MAP_class5": 0.29160589443789975,
    "MAP_class6": 0.20352841001164287,
    "MAP_class7": 0.22761281430651373,
    "MAP_class8": 0.323400164639121,
    "MAP_class9": 0.31024692257123887,
    "MAP_class10": 0.15103764050225427,
    "MAP_class11": 0.19776637967516075,
    "MAP_class12": 0.21786892521850598,
    "MAP_class13": 0.11918622996629231,
    "MAP_class14": 0.13653096808776388,
    "MAP_class15": 0.03445280239074423,
    "MAP_class16": 0.6294746869569746,
    "MAP_class17": 0.0205216780044948,
    "MAP_class18": 0.011323974068746285,
    "MAP_class19": 0.03905316063893158,
    "Aggregate": 46.381422414848515
}