{
    "multi-label/mAP": 23.602251052856445,
    "multi-label/precision": 26.0782413482666,
    "multi-label/recall": 19.270959854125977,
    "multi-label/f1-score": 18.69679832458496,
    "multi-label/precision_micro": 34.44097137451172,
    "multi-label/recall_micro": 32.65381622314453,
    "multi-label/f1-score_micro": 33.52359390258789,
    "AUC/AUC_multilabe": 65.30366558924709,
    "AUC/AUC_class1": 75.39445499866125,
    "AUC/AUC_class2": 57.464035353482586,
    "AUC/AUC_class3": 67.96872421872422,
    "AUC/AUC_class4": 78.62183340934533,
    "AUC/AUC_class5": 61.42847613965543,
    "AUC/AUC_class6": 53.11459627329192,
    "AUC/AUC_class7": 56.57743006541146,
    "AUC/AUC_class8": 65.89973578083715,
    "AUC/AUC_class9": 75.20752737525409,
    "AUC/AUC_class10": 56.65205420356789,
    "AUC/AUC_class11": 73.73083024854574,
    "AUC/AUC_class12": 73.58177905308465,
    "AUC/AUC_class13": 66.59884430699113,
    "AUC/AUC_class14": 64.49699971809432,
    "AUC/AUC_class15": 45.93504186754632,
    "AUC/AUC_class16": 94.7808939526731,
    "AUC/AUC_class17": 35.15813454837845,
    "AUC/AUC_class18": 67.43733794295592,
    "AUC/AUC_class19": 70.7209167391935,
    "MAP_class1": 0.5975217331013631,
    "MAP_class2": 0.19903184053786116,
    "MAP_class3": 0.3671172852018273,
    "MAP_class4": 0.4911122501581588,
    "MAP_class5": 0.2770369046824016,
    "MAP_class6": 0.1462024479435448,
    "MAP_class7": 0.2386901043862735,
    "MAP_class8": 0.22148735970665862,
    "MAP_class9": 0.28534832692311096,
    "MAP_class10": 0.16127014248402646,
    "MAP_class11": 0.2326572587643228,
    "MAP_class12": 0.28827770258567625,
    "MAP_class13": 0.10747187117354057,
    "MAP_class14": 0.14729739513403287,
    "MAP_class15": 0.02732390641491443,
    "MAP_class16": 0.6424097621295227,
    "MAP_class17": 0.010977605841548145,
    "MAP_class18": 0.009513486675609067,
    "MAP_class19": 0.03449453232408304,
    "Aggregate": 44.4551009950669
}