{
    "multi-label/mAP": 18.46892547607422,
    "multi-label/precision": 20.536678314208984,
    "multi-label/recall": 11.97210693359375,
    "multi-label/f1-score": 13.066601753234863,
    "multi-label/precision_micro": 29.962778091430664,
    "multi-label/recall_micro": 17.902149200439453,
    "multi-label/f1-score_micro": 22.412992477416992,
    "AUC/AUC_multilabe": 57.82512830257343,
    "AUC/AUC_class1": 68.02221060550036,
    "AUC/AUC_class2": 55.690092876022526,
    "AUC/AUC_class3": 63.3947133947134,
    "AUC/AUC_class4": 72.68460549774038,
    "AUC/AUC_class5": 48.141866138130816,
    "AUC/AUC_class6": 55.10124223602485,
    "AUC/AUC_class7": 50.54724933892678,
    "AUC/AUC_class8": 67.50869141983034,
    "AUC/AUC_class9": 73.0352108058488,
    "AUC/AUC_class10": 47.5461212474941,
    "AUC/AUC_class11": 61.520515133605,
    "AUC/AUC_class12": 43.166427546628405,
    "AUC/AUC_class13": 63.84796939855131,
    "AUC/AUC_class14": 55.9824413032097,
    "AUC/AUC_class15": 44.222278609489976,
    "AUC/AUC_class16": 88.36108676599474,
    "AUC/AUC_class17": 43.66121683194854,
    "AUC/AUC_class18": 47.86084701815039,
    "AUC/AUC_class19": 48.382651581085,
    "MAP_class1": 0.5575914000260556,
    "MAP_class2": 0.2018121461262125,
    "MAP_class3": 0.3490821988703535,
    "MAP_class4": 0.45070981204930016,
    "MAP_class5": 0.18995940909091952,
    "MAP_class6": 0.16226989385749205,
    "MAP_class7": 0.20080065322084623,
    "MAP_class8": 0.22546883303929982,
    "MAP_class9": 0.25117212805242534,
    "MAP_class10": 0.1283262100414606,
    "MAP_class11": 0.16087328207590573,
    "MAP_class12": 0.10681906208723915,
    "MAP_class13": 0.06691874030518433,
    "MAP_class14": 0.10082668343155639,
    "MAP_class15": 0.02665185070340258,
    "MAP_class16": 0.29355412306770334,
    "MAP_class17": 0.01868374601694276,
    "MAP_class18": 0.0044967420950239815,
    "MAP_class19": 0.013078850237244397,
    "Aggregate": 38.147026689167156
}