{
    "multi-label/mAP": 23.27801513671875,
    "multi-label/precision": 24.80169105529785,
    "multi-label/recall": 24.243209838867188,
    "multi-label/f1-score": 22.909622192382812,
    "multi-label/precision_micro": 35.897438049316406,
    "multi-label/recall_micro": 35.285396575927734,
    "multi-label/f1-score_micro": 35.58879089355469,
    "AUC/AUC_multilabe": 66.23762499116418,
    "AUC/AUC_class1": 85.76965740587269,
    "AUC/AUC_class2": 58.30190453306031,
    "AUC/AUC_class3": 70.24139524139524,
    "AUC/AUC_class4": 80.56055392014595,
    "AUC/AUC_class5": 61.54806372922701,
    "AUC/AUC_class6": 57.722981366459635,
    "AUC/AUC_class7": 57.21911843648726,
    "AUC/AUC_class8": 65.46516478931999,
    "AUC/AUC_class9": 73.15782571634647,
    "AUC/AUC_class10": 54.93757454259396,
    "AUC/AUC_class11": 70.163623355212,
    "AUC/AUC_class12": 70.91176470588235,
    "AUC/AUC_class13": 75.36013672987711,
    "AUC/AUC_class14": 63.11364826225283,
    "AUC/AUC_class15": 55.98832783557472,
    "AUC/AUC_class16": 93.76862401402278,
    "AUC/AUC_class17": 57.94693111766283,
    "AUC/AUC_class18": 48.098530682800344,
    "AUC/AUC_class19": 58.23904844792573,
    "MAP_class1": 0.7653798592706096,
    "MAP_class2": 0.21690830809535475,
    "MAP_class3": 0.37987997854591793,
    "MAP_class4": 0.5387037839570129,
    "MAP_class5": 0.302240107688455,
    "MAP_class6": 0.17308942151907875,
    "MAP_class7": 0.23218266460028467,
    "MAP_class8": 0.2004783754488978,
    "MAP_class9": 0.2753629461992251,
    "MAP_class10": 0.15892011127570937,
    "MAP_class11": 0.2084504040669748,
    "MAP_class12": 0.22709483805718017,
    "MAP_class13": 0.10212225433592396,
    "MAP_class14": 0.12429459935372028,
    "MAP_class15": 0.034978234523899435,
    "MAP_class16": 0.4094161863380299,
    "MAP_class17": 0.03241769836625547,
    "MAP_class18": 0.0067509327845729945,
    "MAP_class19": 0.034151940942192836,
    "Aggregate": 44.75781945708024
}