{
    "multi-label/mAP": 20.627744674682617,
    "multi-label/precision": 21.779619216918945,
    "multi-label/recall": 13.334695816040039,
    "multi-label/f1-score": 14.18399715423584,
    "multi-label/precision_micro": 30.511463165283203,
    "multi-label/recall_micro": 19.23647117614746,
    "multi-label/f1-score_micro": 23.596271514892578,
    "AUC/AUC_multilabe": 59.409358310933065,
    "AUC/AUC_class1": 71.13577539493312,
    "AUC/AUC_class2": 54.40194736677149,
    "AUC/AUC_class3": 62.97520047520049,
    "AUC/AUC_class4": 71.05518470915045,
    "AUC/AUC_class5": 51.6689853636225,
    "AUC/AUC_class6": 55.54782608695652,
    "AUC/AUC_class7": 51.30276159611905,
    "AUC/AUC_class8": 66.32526769573077,
    "AUC/AUC_class9": 72.86800865517016,
    "AUC/AUC_class10": 44.773136752353636,
    "AUC/AUC_class11": 59.003172924378646,
    "AUC/AUC_class12": 37.0416068866571,
    "AUC/AUC_class13": 67.45951005127371,
    "AUC/AUC_class14": 48.21493294671983,
    "AUC/AUC_class15": 53.209845216950015,
    "AUC/AUC_class16": 96.48553900087643,
    "AUC/AUC_class17": 54.00696864111498,
    "AUC/AUC_class18": 66.31374243733794,
    "AUC/AUC_class19": 44.98839570641137,
    "MAP_class1": 0.5795550762203439,
    "MAP_class2": 0.2156691108702799,
    "MAP_class3": 0.34024083398871646,
    "MAP_class4": 0.4344926240886075,
    "MAP_class5": 0.1988274130769957,
    "MAP_class6": 0.1591539237100717,
    "MAP_class7": 0.18923936946270686,
    "MAP_class8": 0.24040996119999525,
    "MAP_class9": 0.2544186207194502,
    "MAP_class10": 0.12185315663160642,
    "MAP_class11": 0.1609638739025196,
    "MAP_class12": 0.09349388489840132,
    "MAP_class13": 0.08750263988275996,
    "MAP_class14": 0.08201690764515077,
    "MAP_class15": 0.03853903298626874,
    "MAP_class16": 0.6420340643641785,
    "MAP_class17": 0.05663257090915808,
    "MAP_class18": 0.006524211964284346,
    "MAP_class19": 0.01770394324139448,
    "Aggregate": 40.01855078642151
}