{
    "multi-label/mAP": 18.44965362548828,
    "multi-label/precision": 21.056804656982422,
    "multi-label/recall": 18.858060836791992,
    "multi-label/f1-score": 18.319238662719727,
    "multi-label/precision_micro": 27.113447189331055,
    "multi-label/recall_micro": 22.942920684814453,
    "multi-label/f1-score_micro": 24.854446411132812,
    "AUC/AUC_multilabe": 60.00567946455567,
    "AUC/AUC_class1": 62.591959811809105,
    "AUC/AUC_class2": 52.319811113780965,
    "AUC/AUC_class3": 60.31498531498533,
    "AUC/AUC_class4": 73.16970023632821,
    "AUC/AUC_class5": 62.89163744473243,
    "AUC/AUC_class6": 53.5111801242236,
    "AUC/AUC_class7": 52.14277193470783,
    "AUC/AUC_class8": 60.37616465025726,
    "AUC/AUC_class9": 63.420103599763955,
    "AUC/AUC_class10": 52.34793310833101,
    "AUC/AUC_class11": 44.42171897844278,
    "AUC/AUC_class12": 57.724533715925396,
    "AUC/AUC_class13": 74.95116790103363,
    "AUC/AUC_class14": 55.815311505779064,
    "AUC/AUC_class15": 51.1088556204009,
    "AUC/AUC_class16": 79.30324276950044,
    "AUC/AUC_class17": 46.35486464754758,
    "AUC/AUC_class18": 80.50993949870355,
    "AUC/AUC_class19": 56.83202785030461,
    "MAP_class1": 0.5059324918067627,
    "MAP_class2": 0.1782681336439832,
    "MAP_class3": 0.35395187079554025,
    "MAP_class4": 0.47025813338368905,
    "MAP_class5": 0.2862550743463613,
    "MAP_class6": 0.14817797168437605,
    "MAP_class7": 0.19476371112468915,
    "MAP_class8": 0.1829714234146032,
    "MAP_class9": 0.20360103464814505,
    "MAP_class10": 0.1460583536459727,
    "MAP_class11": 0.09640483485276566,
    "MAP_class12": 0.13973561381741875,
    "MAP_class13": 0.10977694021579736,
    "MAP_class14": 0.11034286751296489,
    "MAP_class15": 0.03798008717377354,
    "MAP_class16": 0.2834718051268847,
    "MAP_class17": 0.02732387191706239,
    "MAP_class18": 0.013441943167942814,
    "MAP_class19": 0.016718079321021817,
    "Aggregate": 39.227666683856135
}