{
    "multi-label/mAP": 23.395112991333008,
    "multi-label/precision": 26.05145835876465,
    "multi-label/recall": 14.275322914123535,
    "multi-label/f1-score": 16.431249618530273,
    "multi-label/precision_micro": 42.342342376708984,
    "multi-label/recall_micro": 26.130468368530273,
    "multi-label/f1-score_micro": 32.31721496582031,
    "AUC/AUC_multilabe": 65.58880582745694,
    "AUC/AUC_class1": 78.50722290930882,
    "AUC/AUC_class2": 56.04477689904825,
    "AUC/AUC_class3": 73.63957363957363,
    "AUC/AUC_class4": 70.86736597703056,
    "AUC/AUC_class5": 63.36951135843879,
    "AUC/AUC_class6": 54.66273291925465,
    "AUC/AUC_class7": 55.79905362148836,
    "AUC/AUC_class8": 70.27464886663886,
    "AUC/AUC_class9": 71.17697200183595,
    "AUC/AUC_class10": 54.01134316238232,
    "AUC/AUC_class11": 73.23467197561203,
    "AUC/AUC_class12": 64.39885222381636,
    "AUC/AUC_class13": 72.38137869292748,
    "AUC/AUC_class14": 60.04188312995852,
    "AUC/AUC_class15": 56.71403197158082,
    "AUC/AUC_class16": 94.21121822962314,
    "AUC/AUC_class17": 51.253015277405524,
    "AUC/AUC_class18": 53.54364736387208,
    "AUC/AUC_class19": 72.0554105018857,
    "MAP_class1": 0.6792012799371712,
    "MAP_class2": 0.20305694582159256,
    "MAP_class3": 0.4393772958189802,
    "MAP_class4": 0.4375160238940997,
    "MAP_class5": 0.28802490289815197,
    "MAP_class6": 0.16702533130353714,
    "MAP_class7": 0.229788845536244,
    "MAP_class8": 0.22448112753429278,
    "MAP_class9": 0.26944211536612495,
    "MAP_class10": 0.15212729715306472,
    "MAP_class11": 0.29955010378077995,
    "MAP_class12": 0.17429007139582336,
    "MAP_class13": 0.09653447359055911,
    "MAP_class14": 0.13164022570541145,
    "MAP_class15": 0.03374128404987113,
    "MAP_class16": 0.5578393537985703,
    "MAP_class17": 0.012191425530854089,
    "MAP_class18": 0.005477147956854932,
    "MAP_class19": 0.043766170232041164,
    "Aggregate": 44.49195928558117
}