{
    "multi-label/mAP": 25.87835121154785,
    "multi-label/precision": 20.40306854248047,
    "multi-label/recall": 47.158756256103516,
    "multi-label/f1-score": 24.495418548583984,
    "multi-label/precision_micro": 20.484580993652344,
    "multi-label/recall_micro": 57.289527893066406,
    "multi-label/f1-score_micro": 30.17847442626953,
    "AUC/AUC_multilabe": 65.18763348943655,
    "AUC/AUC_class1": 72.19052584537465,
    "AUC/AUC_class2": 64.868282546583,
    "AUC/AUC_class3": 61.84586278289428,
    "AUC/AUC_class4": 61.84586278289428,
    "MAP_class1": 0.48710060532699706,
    "MAP_class2": 0.37984714307164524,
    "MAP_class3": 0.16819237970200585,
    "MAP_class4": -0.0,
    "Aggregate": 45.533068345976375
}