{
    "multi-label/mAP": 24.291996002197266,
    "multi-label/precision": 26.914682388305664,
    "multi-label/recall": 24.853687286376953,
    "multi-label/f1-score": 23.34442138671875,
    "multi-label/precision_micro": 36.175025939941406,
    "multi-label/recall_micro": 35.54484939575195,
    "multi-label/f1-score_micro": 35.8571662902832,
    "AUC/AUC_multilabe": 66.21360961324041,
    "AUC/AUC_class1": 84.41241345896393,
    "AUC/AUC_class2": 59.14134079963226,
    "AUC/AUC_class3": 68.84466884466885,
    "AUC/AUC_class4": 76.85434719515735,
    "AUC/AUC_class5": 57.874199573105656,
    "AUC/AUC_class6": 57.44968944099378,
    "AUC/AUC_class7": 57.43881344811819,
    "AUC/AUC_class8": 71.76192462800724,
    "AUC/AUC_class9": 76.72480493082419,
    "AUC/AUC_class10": 55.44509858654554,
    "AUC/AUC_class11": 76.66889600895885,
    "AUC/AUC_class12": 65.5896700143472,
    "AUC/AUC_class13": 62.42166517457475,
    "AUC/AUC_class14": 67.2032942692602,
    "AUC/AUC_class15": 55.01903070286729,
    "AUC/AUC_class16": 94.70639789658195,
    "AUC/AUC_class17": 57.00884481372287,
    "AUC/AUC_class18": 50.54019014693172,
    "AUC/AUC_class19": 62.953292718305775,
    "MAP_class1": 0.748800174239183,
    "MAP_class2": 0.21572584741512876,
    "MAP_class3": 0.42403999639854584,
    "MAP_class4": 0.5032697277620412,
    "MAP_class5": 0.25800626494013257,
    "MAP_class6": 0.1674103846850306,
    "MAP_class7": 0.23951219205104773,
    "MAP_class8": 0.26945058888764756,
    "MAP_class9": 0.3329002590913325,
    "MAP_class10": 0.17937659943103818,
    "MAP_class11": 0.2770733283025103,
    "MAP_class12": 0.21341900108079437,
    "MAP_class13": 0.0655087597735873,
    "MAP_class14": 0.1374471850951701,
    "MAP_class15": 0.033518754078371876,
    "MAP_class16": 0.46257551911066247,
    "MAP_class17": 0.016492916548618182,
    "MAP_class18": 0.011880169819414641,
    "MAP_class19": 0.05907162218376129,
    "Aggregate": 45.25280294055183
}