{
    "multi-label/mAP": 18.04220199584961,
    "multi-label/precision": 19.290687561035156,
    "multi-label/recall": 8.79601764678955,
    "multi-label/f1-score": 9.330665588378906,
    "multi-label/precision_micro": 27.08333396911621,
    "multi-label/recall_micro": 13.973313331604004,
    "multi-label/f1-score_micro": 18.43520736694336,
    "AUC/AUC_multilabe": 60.03884274614376,
    "AUC/AUC_class1": 62.90178628348485,
    "AUC/AUC_class2": 59.30327312236861,
    "AUC/AUC_class3": 59.30724680724681,
    "AUC/AUC_class4": 67.71922550686182,
    "AUC/AUC_class5": 58.96525766122884,
    "AUC/AUC_class6": 58.995031055900625,
    "AUC/AUC_class7": 52.39825436904786,
    "AUC/AUC_class8": 57.31887081073563,
    "AUC/AUC_class9": 58.7817192315258,
    "AUC/AUC_class10": 51.68117339558962,
    "AUC/AUC_class11": 67.45497247021494,
    "AUC/AUC_class12": 66.40602582496413,
    "AUC/AUC_class13": 57.83755188410515,
    "AUC/AUC_class14": 53.84197172888727,
    "AUC/AUC_class15": 56.09743719868053,
    "AUC/AUC_class16": 87.23488168273444,
    "AUC/AUC_class17": 49.685071026534445,
    "AUC/AUC_class18": 48.16335350043215,
    "AUC/AUC_class19": 66.64490861618799,
    "MAP_class1": 0.5050384430598164,
    "MAP_class2": 0.22799947497881992,
    "MAP_class3": 0.28718888333960335,
    "MAP_class4": 0.3583515041417675,
    "MAP_class5": 0.2387496924613696,
    "MAP_class6": 0.18082157340369917,
    "MAP_class7": 0.18494506701845034,
    "MAP_class8": 0.1487510589966175,
    "MAP_class9": 0.16765144679157817,
    "MAP_class10": 0.13603861437640524,
    "MAP_class11": 0.20899442720977363,
    "MAP_class12": 0.25525071647878544,
    "MAP_class13": 0.05135008903249264,
    "MAP_class14": 0.0994841740224072,
    "MAP_class15": 0.037522533807114344,
    "MAP_class16": 0.29545769902616525,
    "MAP_class17": 0.01194720774358951,
    "MAP_class18": 0.004051413024490174,
    "MAP_class19": 0.028424560814440343,
    "Aggregate": 39.04052289867026
}