{
    "multi-label/mAP": 17.409160614013672,
    "multi-label/precision": 17.873498916625977,
    "multi-label/recall": 17.719280242919922,
    "multi-label/f1-score": 17.135692596435547,
    "multi-label/precision_micro": 24.5522403717041,
    "multi-label/recall_micro": 24.38843536376953,
    "multi-label/f1-score_micro": 24.470064163208008,
    "AUC/AUC_multilabe": 58.69181170657049,
    "AUC/AUC_class1": 59.66868967627597,
    "AUC/AUC_class2": 52.44256626166174,
    "AUC/AUC_class3": 58.1060456060456,
    "AUC/AUC_class4": 77.21879016542975,
    "AUC/AUC_class5": 64.50964323829852,
    "AUC/AUC_class6": 57.87577639751553,
    "AUC/AUC_class7": 51.78390361254151,
    "AUC/AUC_class8": 56.155611180642474,
    "AUC/AUC_class9": 58.200118025047544,
    "AUC/AUC_class10": 49.659958890552446,
    "AUC/AUC_class11": 55.19255295984073,
    "AUC/AUC_class12": 52.97776183644189,
    "AUC/AUC_class13": 66.66191910148937,
    "AUC/AUC_class14": 57.67387539768838,
    "AUC/AUC_class15": 47.277340776452675,
    "AUC/AUC_class16": 84.7940403155127,
    "AUC/AUC_class17": 44.2642723130528,
    "AUC/AUC_class18": 52.52808988764045,
    "AUC/AUC_class19": 68.1534667827096,
    "MAP_class1": 0.46419645956572914,
    "MAP_class2": 0.19809264577789748,
    "MAP_class3": 0.29065699219279495,
    "MAP_class4": 0.5239768358792483,
    "MAP_class5": 0.29952463844243404,
    "MAP_class6": 0.17641319545903422,
    "MAP_class7": 0.1868896714280497,
    "MAP_class8": 0.14924675908979512,
    "MAP_class9": 0.1623609395556977,
    "MAP_class10": 0.13578055937696962,
    "MAP_class11": 0.1276726094608,
    "MAP_class12": 0.12008013683871335,
    "MAP_class13": 0.10290138619373825,
    "MAP_class14": 0.10938620161107754,
    "MAP_class15": 0.03430897233992783,
    "MAP_class16": 0.17349435955278164,
    "MAP_class17": 0.0101511562471546,
    "MAP_class18": 0.004940649185353295,
    "MAP_class19": 0.03766647366699459,
    "Aggregate": 38.05048648976996
}