{
    "multi-label/mAP": 21.765914916992188,
    "multi-label/precision": 22.6192626953125,
    "multi-label/recall": 15.827289581298828,
    "multi-label/f1-score": 16.431995391845703,
    "multi-label/precision_micro": 32.980411529541016,
    "multi-label/recall_micro": 23.09117889404297,
    "multi-label/f1-score_micro": 27.16372299194336,
    "AUC/AUC_multilabe": 62.91171802292647,
    "AUC/AUC_class1": 73.88150093712945,
    "AUC/AUC_class2": 55.12489683343955,
    "AUC/AUC_class3": 74.11477411477411,
    "AUC/AUC_class4": 80.38475890376881,
    "AUC/AUC_class5": 51.539392437871626,
    "AUC/AUC_class6": 58.249068322981365,
    "AUC/AUC_class7": 48.23746943157644,
    "AUC/AUC_class8": 64.5702962035878,
    "AUC/AUC_class9": 71.50809782965052,
    "AUC/AUC_class10": 49.83695790088055,
    "AUC/AUC_class11": 55.64360593523501,
    "AUC/AUC_class12": 40.04304160688665,
    "AUC/AUC_class13": 73.15251892243835,
    "AUC/AUC_class14": 62.2024888244533,
    "AUC/AUC_class15": 47.23927937071809,
    "AUC/AUC_class16": 97.68185801928134,
    "AUC/AUC_class17": 59.04583221656393,
    "AUC/AUC_class18": 67.00518582541054,
    "AUC/AUC_class19": 65.86161879895562,
    "MAP_class1": 0.5995249430705618,
    "MAP_class2": 0.19480867274609925,
    "MAP_class3": 0.4395274874731083,
    "MAP_class4": 0.5498768515572033,
    "MAP_class5": 0.20404213888071343,
    "MAP_class6": 0.18115281569771227,
    "MAP_class7": 0.18201953834960954,
    "MAP_class8": 0.21552725121874747,
    "MAP_class9": 0.23734480610745834,
    "MAP_class10": 0.14189909488859054,
    "MAP_class11": 0.1554272807700425,
    "MAP_class12": 0.09106653958147504,
    "MAP_class13": 0.1300047872791163,
    "MAP_class14": 0.12027177269968656,
    "MAP_class15": 0.034779650909337864,
    "MAP_class16": 0.5961583488875557,
    "MAP_class17": 0.024699021648719774,
    "MAP_class18": 0.007139861482022216,
    "MAP_class19": 0.030253049225568526,
    "Aggregate": 42.33881667586673
}