{
    "multi-label/mAP": 26.57094955444336,
    "multi-label/precision": 29.10496711730957,
    "multi-label/recall": 23.460283279418945,
    "multi-label/f1-score": 24.412471771240234,
    "multi-label/precision_micro": 38.94417953491211,
    "multi-label/recall_micro": 33.3580436706543,
    "multi-label/f1-score_micro": 35.93531799316406,
    "AUC/AUC_multilabe": 68.653490376062,
    "AUC/AUC_class1": 82.13620889699224,
    "AUC/AUC_class2": 57.70223257660444,
    "AUC/AUC_class3": 72.18385968385968,
    "AUC/AUC_class4": 81.26456320742982,
    "AUC/AUC_class5": 66.87614346699192,
    "AUC/AUC_class6": 59.35652173913043,
    "AUC/AUC_class7": 56.11467880788119,
    "AUC/AUC_class8": 73.183145598665,
    "AUC/AUC_class9": 78.3017507048718,
    "AUC/AUC_class10": 57.74354810059127,
    "AUC/AUC_class11": 74.05512178430335,
    "AUC/AUC_class12": 67.10186513629843,
    "AUC/AUC_class13": 80.05005290144055,
    "AUC/AUC_class14": 68.55543473883452,
    "AUC/AUC_class15": 50.00761228114692,
    "AUC/AUC_class16": 95.40753724802805,
    "AUC/AUC_class17": 56.33878316805146,
    "AUC/AUC_class18": 56.482281763180644,
    "AUC/AUC_class19": 71.55497534087613,
    "MAP_class1": 0.7173106286511732,
    "MAP_class2": 0.19775430641357777,
    "MAP_class3": 0.41188697762294,
    "MAP_class4": 0.5283309701653914,
    "MAP_class5": 0.3252868221375522,
    "MAP_class6": 0.2166400607724457,
    "MAP_class7": 0.20345837348294235,
    "MAP_class8": 0.3224662337351134,
    "MAP_class9": 0.3476207013068021,
    "MAP_class10": 0.20484855082301928,
    "MAP_class11": 0.29408971820912877,
    "MAP_class12": 0.20538999738912,
    "MAP_class13": 0.21472171636005583,
    "MAP_class14": 0.19788545091074666,
    "MAP_class15": 0.031585055029559245,
    "MAP_class16": 0.48308582962177593,
    "MAP_class17": 0.013542071329539544,
    "MAP_class18": 0.06737320896652008,
    "MAP_class19": 0.06548769591707589,
    "Aggregate": 47.61296721130594
}