{
    "multi-label/mAP": 95.31926727294922,
    "accuracy/top1": 91.92961120605469,
    "single-label/precision": 91.20529174804688,
    "single-label/recall": 89.43762969970703,
    "MAP_class1": 0.9760023862198728,
    "MAP_class2": 0.9303830237585542,
    "Aggregate": 95.49900807176033,
    "AUC/AUC_multiclass": 95.67874564459929,
    "AUC/AUC_class1": 95.67874564459929,
    "AUC/AUC_class2": 95.67874564459929
}