{
    "multi-label/mAP": 15.473222732543945,
    "multi-label/precision": 14.407682418823242,
    "multi-label/recall": 41.025962829589844,
    "multi-label/f1-score": 17.674100875854492,
    "multi-label/precision_micro": 17.510086059570312,
    "multi-label/recall_micro": 56.300960540771484,
    "multi-label/f1-score_micro": 26.712387084960938,
    "AUC/AUC_multilabe": 54.23941578176968,
    "AUC/AUC_class1": 76.5335135341893,
    "AUC/AUC_class2": 51.672604185167,
    "AUC/AUC_class3": 63.314688314688304,
    "AUC/AUC_class4": 64.49604046602263,
    "AUC/AUC_class5": 37.474271992681814,
    "AUC/AUC_class6": 56.0192546583851,
    "AUC/AUC_class7": 50.63224446786091,
    "AUC/AUC_class8": 55.66193853427897,
    "AUC/AUC_class9": 48.96531374991804,
    "AUC/AUC_class10": 44.52254675565255,
    "AUC/AUC_class11": 57.05431299965782,
    "AUC/AUC_class12": 55.1154949784792,
    "AUC/AUC_class13": 37.698380402050944,
    "AUC/AUC_class14": 54.95952639845355,
    "AUC/AUC_class15": 54.29840142095914,
    "AUC/AUC_class16": 74.8510078878177,
    "AUC/AUC_class17": 48.1841329402305,
    "AUC/AUC_class18": 54.94814174589455,
    "AUC/AUC_class19": 44.14708442123585,
    "MAP_class1": 0.6326237789678021,
    "MAP_class2": 0.1741044127563734,
    "MAP_class3": 0.34007691915632604,
    "MAP_class4": 0.34971764570701513,
    "MAP_class5": 0.15046606725530245,
    "MAP_class6": 0.16003126985706706,
    "MAP_class7": 0.1822957593094607,
    "MAP_class8": 0.14069652437422653,
    "MAP_class9": 0.1225995843421171,
    "MAP_class10": 0.12297322770657776,
    "MAP_class11": 0.14810561017702337,
    "MAP_class12": 0.12615030600430677,
    "MAP_class13": 0.028446894890011357,
    "MAP_class14": 0.08664795266930403,
    "MAP_class15": 0.042534156480128996,
    "MAP_class16": 0.08751880350757016,
    "MAP_class17": 0.010686990279771396,
    "MAP_class18": 0.004707327987634602,
    "MAP_class19": 0.029529059367125517,
    "Aggregate": 34.85631918245101
}