{
    "multi-label/mAP": 25.486013412475586,
    "multi-label/precision": 27.621379852294922,
    "multi-label/recall": 21.4400691986084,
    "multi-label/f1-score": 22.995311737060547,
    "multi-label/precision_micro": 38.84297561645508,
    "multi-label/recall_micro": 29.61452865600586,
    "multi-label/f1-score_micro": 33.606727600097656,
    "AUC/AUC_multilabe": 66.8461641145514,
    "AUC/AUC_class1": 86.70583060269537,
    "AUC/AUC_class2": 59.64228627545211,
    "AUC/AUC_class3": 69.36235686235686,
    "AUC/AUC_class4": 81.89497906215016,
    "AUC/AUC_class5": 65.00609849062357,
    "AUC/AUC_class6": 56.15527950310559,
    "AUC/AUC_class7": 52.60651728731336,
    "AUC/AUC_class8": 68.81866221665972,
    "AUC/AUC_class9": 75.63963018818437,
    "AUC/AUC_class10": 57.68359682289949,
    "AUC/AUC_class11": 62.869785672068936,
    "AUC/AUC_class12": 67.92969870875179,
    "AUC/AUC_class13": 79.21685521282656,
    "AUC/AUC_class14": 60.339897708509525,
    "AUC/AUC_class15": 60.04821111393047,
    "AUC/AUC_class16": 97.63365468886941,
    "AUC/AUC_class17": 52.5328330206379,
    "AUC/AUC_class18": 59.55056179775281,
    "AUC/AUC_class19": 56.440382941688426,
    "MAP_class1": 0.789502046368161,
    "MAP_class2": 0.23351583566935843,
    "MAP_class3": 0.40144300971182556,
    "MAP_class4": 0.5660287558028005,
    "MAP_class5": 0.3415710574345755,
    "MAP_class6": 0.18953785923025732,
    "MAP_class7": 0.20158221054816805,
    "MAP_class8": 0.22840652410952086,
    "MAP_class9": 0.30038136637671525,
    "MAP_class10": 0.17482223814866116,
    "MAP_class11": 0.15955387484968434,
    "MAP_class12": 0.21292267077357188,
    "MAP_class13": 0.12975515007491717,
    "MAP_class14": 0.14454452035705317,
    "MAP_class15": 0.05367797758936298,
    "MAP_class16": 0.6612769409245077,
    "MAP_class17": 0.0139411181647329,
    "MAP_class18": 0.01402034669928405,
    "MAP_class19": 0.014259082814223743,
    "Aggregate": 46.13556254582144
}