{
    "multi-label/mAP": 17.96834373474121,
    "multi-label/precision": 18.827621459960938,
    "multi-label/recall": 21.0413818359375,
    "multi-label/f1-score": 18.428543090820312,
    "multi-label/precision_micro": 25.95286750793457,
    "multi-label/recall_micro": 33.061527252197266,
    "multi-label/f1-score_micro": 29.079055786132812,
    "AUC/AUC_multilabe": 59.7143787384867,
    "AUC/AUC_class1": 67.92100699978324,
    "AUC/AUC_class2": 55.55950229317064,
    "AUC/AUC_class3": 59.464821964821965,
    "AUC/AUC_class4": 63.526680210622324,
    "AUC/AUC_class5": 58.13672053666718,
    "AUC/AUC_class6": 50.54347826086957,
    "AUC/AUC_class7": 55.02664174801678,
    "AUC/AUC_class8": 56.34612710332361,
    "AUC/AUC_class9": 54.12825388499114,
    "AUC/AUC_class10": 52.88019894942523,
    "AUC/AUC_class11": 65.21837185429435,
    "AUC/AUC_class12": 56.6025824964132,
    "AUC/AUC_class13": 68.51346952063156,
    "AUC/AUC_class14": 65.73235069066892,
    "AUC/AUC_class15": 52.146663283430605,
    "AUC/AUC_class16": 82.37510955302366,
    "AUC/AUC_class17": 59.95041543822032,
    "AUC/AUC_class18": 49.11408815903198,
    "AUC/AUC_class19": 61.38671308384103,
    "MAP_class1": 0.5236764975254401,
    "MAP_class2": 0.19260714073374693,
    "MAP_class3": 0.3066598442149532,
    "MAP_class4": 0.3452259780327003,
    "MAP_class5": 0.23005979513222458,
    "MAP_class6": 0.1454143551227171,
    "MAP_class7": 0.19949459959502946,
    "MAP_class8": 0.17150647179386352,
    "MAP_class9": 0.14577407111939786,
    "MAP_class10": 0.14044561827324514,
    "MAP_class11": 0.17194426644742153,
    "MAP_class12": 0.14588390952215885,
    "MAP_class13": 0.06575285409163914,
    "MAP_class14": 0.13742384513895922,
    "MAP_class15": 0.0322566940260727,
    "MAP_class16": 0.41863981211042545,
    "MAP_class17": 0.016294083006254526,
    "MAP_class18": 0.004038006498186154,
    "MAP_class19": 0.019332196554391737,
    "Aggregate": 38.83726841908237
}