{
    "multi-label/mAP": 25.25390625,
    "multi-label/precision": 27.068391799926758,
    "multi-label/recall": 22.12359046936035,
    "multi-label/f1-score": 21.302457809448242,
    "multi-label/precision_micro": 36.82291793823242,
    "multi-label/recall_micro": 26.2045955657959,
    "multi-label/f1-score_micro": 30.61931800842285,
    "AUC/AUC_multilabe": 68.81679988167946,
    "AUC/AUC_class1": 81.04081931889175,
    "AUC/AUC_class2": 54.90393756725415,
    "AUC/AUC_class3": 68.92428142428143,
    "AUC/AUC_class4": 81.49031883577263,
    "AUC/AUC_class5": 64.7569179753011,
    "AUC/AUC_class6": 60.931677018633536,
    "AUC/AUC_class7": 53.359047259279876,
    "AUC/AUC_class8": 73.69350577110276,
    "AUC/AUC_class9": 71.32843747950953,
    "AUC/AUC_class10": 57.90722460476565,
    "AUC/AUC_class11": 76.86953681525492,
    "AUC/AUC_class12": 67.1893830703013,
    "AUC/AUC_class13": 74.2919345649874,
    "AUC/AUC_class14": 69.74245902299545,
    "AUC/AUC_class15": 52.03247906622684,
    "AUC/AUC_class16": 97.85714285714285,
    "AUC/AUC_class17": 63.0997051728759,
    "AUC/AUC_class18": 72.62316335350043,
    "AUC/AUC_class19": 65.47722657383231,
    "MAP_class1": 0.710288644225268,
    "MAP_class2": 0.21762869272413413,
    "MAP_class3": 0.37289374647321555,
    "MAP_class4": 0.5758986131787868,
    "MAP_class5": 0.28240671931044403,
    "MAP_class6": 0.19069888672587523,
    "MAP_class7": 0.20466276595939217,
    "MAP_class8": 0.3342871913541548,
    "MAP_class9": 0.271106010885983,
    "MAP_class10": 0.17261933537217122,
    "MAP_class11": 0.28587439043875407,
    "MAP_class12": 0.2701942803986869,
    "MAP_class13": 0.10759644666657305,
    "MAP_class14": 0.17566734325429217,
    "MAP_class15": 0.03140591494630966,
    "MAP_class16": 0.5277117827853122,
    "MAP_class17": 0.022938652088864645,
    "MAP_class18": 0.014618754098104293,
    "MAP_class19": 0.02851109361713178,
    "Aggregate": 47.03210853163829
}