{
    "multi-label/mAP": 18.743022918701172,
    "multi-label/precision": 14.708181381225586,
    "multi-label/recall": 13.045143127441406,
    "multi-label/f1-score": 12.558204650878906,
    "multi-label/precision_micro": 31.993654251098633,
    "multi-label/recall_micro": 22.42401885986328,
    "multi-label/f1-score_micro": 26.367403030395508,
    "AUC/AUC_multilabe": 61.024225125374834,
    "AUC/AUC_class1": 75.51892746490546,
    "AUC/AUC_class2": 55.05019902004826,
    "AUC/AUC_class3": 63.42152592152593,
    "AUC/AUC_class4": 70.31551888552595,
    "AUC/AUC_class5": 65.85035828632412,
    "AUC/AUC_class6": 53.19192546583851,
    "AUC/AUC_class7": 47.118615424379186,
    "AUC/AUC_class8": 54.8609372827145,
    "AUC/AUC_class9": 61.68120123270604,
    "AUC/AUC_class10": 56.17910523511051,
    "AUC/AUC_class11": 54.95536130898684,
    "AUC/AUC_class12": 55.748923959827835,
    "AUC/AUC_class13": 61.83364531618785,
    "AUC/AUC_class14": 46.81446578873183,
    "AUC/AUC_class15": 54.48870844963207,
    "AUC/AUC_class16": 96.87992988606486,
    "AUC/AUC_class17": 63.495041543822026,
    "AUC/AUC_class18": 70.76490924805532,
    "AUC/AUC_class19": 51.290977661734836,
    "MAP_class1": 0.6433027200898561,
    "MAP_class2": 0.19377761442707592,
    "MAP_class3": 0.32398382243797885,
    "MAP_class4": 0.37415993592681535,
    "MAP_class5": 0.3215696128238895,
    "MAP_class6": 0.15098805188634298,
    "MAP_class7": 0.16629073691834617,
    "MAP_class8": 0.13557573279213556,
    "MAP_class9": 0.1865686426986726,
    "MAP_class10": 0.16750855444843707,
    "MAP_class11": 0.11773436765596551,
    "MAP_class12": 0.1327383906023467,
    "MAP_class13": 0.06547869385645386,
    "MAP_class14": 0.09200150065630769,
    "MAP_class15": 0.033400910172153964,
    "MAP_class16": 0.4092253678886984,
    "MAP_class17": 0.021817400246907002,
    "MAP_class18": 0.012815128618501486,
    "MAP_class19": 0.012237496586689295,
    "Aggregate": 39.88362488040735
}