{
    "multi-label/mAP": 18.730100631713867,
    "multi-label/precision": 20.628360748291016,
    "multi-label/recall": 12.33423137664795,
    "multi-label/f1-score": 12.639176368713379,
    "multi-label/precision_micro": 28.819252014160156,
    "multi-label/recall_micro": 19.088212966918945,
    "multi-label/f1-score_micro": 22.965442657470703,
    "AUC/AUC_multilabe": 58.79456185097627,
    "AUC/AUC_class1": 75.4899210771251,
    "AUC/AUC_class2": 58.58136838036335,
    "AUC/AUC_class3": 63.904563904563915,
    "AUC/AUC_class4": 68.4207471288196,
    "AUC/AUC_class5": 39.82076154901662,
    "AUC/AUC_class6": 59.594720496894425,
    "AUC/AUC_class7": 57.157981589359196,
    "AUC/AUC_class8": 60.83020442219441,
    "AUC/AUC_class9": 55.936004196446135,
    "AUC/AUC_class10": 52.529372954043694,
    "AUC/AUC_class11": 55.83880299872461,
    "AUC/AUC_class12": 63.21449067431851,
    "AUC/AUC_class13": 62.63123626597217,
    "AUC/AUC_class14": 59.33107808787403,
    "AUC/AUC_class15": 51.94620654656179,
    "AUC/AUC_class16": 84.2068361086766,
    "AUC/AUC_class17": 67.02626641651031,
    "AUC/AUC_class18": 20.72169403630078,
    "AUC/AUC_class19": 59.91441833478387,
    "MAP_class1": 0.6355806161322421,
    "MAP_class2": 0.21507750069086237,
    "MAP_class3": 0.3495616639055569,
    "MAP_class4": 0.40022299703190867,
    "MAP_class5": 0.15326285685803726,
    "MAP_class6": 0.20123859681800588,
    "MAP_class7": 0.22950182332184352,
    "MAP_class8": 0.17775046149390478,
    "MAP_class9": 0.15686664560141186,
    "MAP_class10": 0.14825025867793912,
    "MAP_class11": 0.15867209698719273,
    "MAP_class12": 0.16522177665707022,
    "MAP_class13": 0.08134576627486628,
    "MAP_class14": 0.1055849924047947,
    "MAP_class15": 0.03478439106112824,
    "MAP_class16": 0.3034516424919911,
    "MAP_class17": 0.022620955169175738,
    "MAP_class18": 0.002641015226221801,
    "MAP_class19": 0.017079632615522464,
    "Aggregate": 38.76232221343465
}