{
    "multi-label/mAP": 23.09476661682129,
    "multi-label/precision": 18.379241943359375,
    "multi-label/recall": 39.06303787231445,
    "multi-label/f1-score": 21.92856216430664,
    "multi-label/precision_micro": 22.497861862182617,
    "multi-label/recall_micro": 54.00410842895508,
    "multi-label/f1-score_micro": 31.76328468322754,
    "AUC/AUC_multilabe": 64.18859000142517,
    "AUC/AUC_class1": 74.72106360792492,
    "AUC/AUC_class2": 62.667979056446434,
    "AUC/AUC_class3": 59.682658670664665,
    "AUC/AUC_class4": 59.682658670664665,
    "MAP_class1": 0.47044848503757125,
    "MAP_class2": 0.33307338586397517,
    "MAP_class3": 0.12042318361144963,
    "MAP_class4": -0.0,
    "Aggregate": 43.643608182125035
}