{
    "multi-label/mAP": 17.142906188964844,
    "multi-label/precision": 19.496362686157227,
    "multi-label/recall": 7.283330917358398,
    "multi-label/f1-score": 9.183757781982422,
    "multi-label/precision_micro": 40.17957305908203,
    "multi-label/recall_micro": 13.269087791442871,
    "multi-label/f1-score_micro": 19.949846267700195,
    "AUC/AUC_multilabe": 56.487760696683104,
    "AUC/AUC_class1": 67.53101452231898,
    "AUC/AUC_class2": 56.36602973286391,
    "AUC/AUC_class3": 57.104494604494604,
    "AUC/AUC_class4": 69.62850864463702,
    "AUC/AUC_class5": 47.50628906845555,
    "AUC/AUC_class6": 56.115527950310565,
    "AUC/AUC_class7": 50.08698331908463,
    "AUC/AUC_class8": 66.56932276456683,
    "AUC/AUC_class9": 74.01219592157891,
    "AUC/AUC_class10": 43.52843403456239,
    "AUC/AUC_class11": 62.450617475969764,
    "AUC/AUC_class12": 40.26757532281206,
    "AUC/AUC_class13": 68.09839667941726,
    "AUC/AUC_class14": 48.42233498449519,
    "AUC/AUC_class15": 48.386196396853585,
    "AUC/AUC_class16": 85.24978089395267,
    "AUC/AUC_class17": 50.301527740552146,
    "AUC/AUC_class18": 49.13569576490925,
    "AUC/AUC_class19": 32.5065274151436,
    "MAP_class1": 0.5433094284800956,
    "MAP_class2": 0.20678110665141988,
    "MAP_class3": 0.29145426047114875,
    "MAP_class4": 0.40651323966518893,
    "MAP_class5": 0.1889343539109421,
    "MAP_class6": 0.1725816882686808,
    "MAP_class7": 0.1965213571214866,
    "MAP_class8": 0.2135363824672765,
    "MAP_class9": 0.27264230401481737,
    "MAP_class10": 0.11711494244556611,
    "MAP_class11": 0.148747014451793,
    "MAP_class12": 0.1016420084361229,
    "MAP_class13": 0.0921032021053862,
    "MAP_class14": 0.07929642018750027,
    "MAP_class15": 0.033273883926655236,
    "MAP_class16": 0.0902415888885666,
    "MAP_class17": 0.08925761771770306,
    "MAP_class18": 0.004077010435944857,
    "MAP_class19": 0.00912454030630956,
    "Aggregate": 36.8153339008484
}