{
    "multi-label/mAP": 25.357952117919922,
    "multi-label/precision": 26.00749969482422,
    "multi-label/recall": 20.152231216430664,
    "multi-label/f1-score": 21.904903411865234,
    "multi-label/precision_micro": 40.604026794433594,
    "multi-label/recall_micro": 31.393627166748047,
    "multi-label/f1-score_micro": 35.40970230102539,
    "AUC/AUC_multilabe": 67.93635955091425,
    "AUC/AUC_class1": 79.25373895526003,
    "AUC/AUC_class2": 57.975950438262004,
    "AUC/AUC_class3": 72.33442233442234,
    "AUC/AUC_class4": 81.93084290393465,
    "AUC/AUC_class5": 67.45550007623113,
    "AUC/AUC_class6": 58.51428571428572,
    "AUC/AUC_class7": 56.35226753086665,
    "AUC/AUC_class8": 70.08482825754415,
    "AUC/AUC_class9": 78.79286604157105,
    "AUC/AUC_class10": 48.04603243078641,
    "AUC/AUC_class11": 65.57065978162815,
    "AUC/AUC_class12": 66.10186513629841,
    "AUC/AUC_class13": 75.17905102954342,
    "AUC/AUC_class14": 68.18090290362852,
    "AUC/AUC_class15": 53.89241309312357,
    "AUC/AUC_class16": 95.47765118317267,
    "AUC/AUC_class17": 58.88501742160279,
    "AUC/AUC_class18": 81.4390665514261,
    "AUC/AUC_class19": 55.323469683783,
    "MAP_class1": 0.7002276746155222,
    "MAP_class2": 0.24089059954138886,
    "MAP_class3": 0.41096925339955087,
    "MAP_class4": 0.5435832585998895,
    "MAP_class5": 0.3170645279954669,
    "MAP_class6": 0.1689420519906192,
    "MAP_class7": 0.21112942054308842,
    "MAP_class8": 0.2657939474244891,
    "MAP_class9": 0.3584400666159717,
    "MAP_class10": 0.1309606185998488,
    "MAP_class11": 0.1906186323578427,
    "MAP_class12": 0.2445378898858273,
    "MAP_class13": 0.18637935655191185,
    "MAP_class14": 0.13763611985825644,
    "MAP_class15": 0.03377336522268007,
    "MAP_class16": 0.6218177516744663,
    "MAP_class17": 0.017581955978145658,
    "MAP_class18": 0.02296522931879352,
    "MAP_class19": 0.014698635568839888,
    "Aggregate": 46.64715439583239
}