{
    "multi-label/mAP": 21.51112937927246,
    "multi-label/precision": 23.810441970825195,
    "multi-label/recall": 14.797874450683594,
    "multi-label/f1-score": 15.854630470275879,
    "multi-label/precision_micro": 38.41676330566406,
    "multi-label/recall_micro": 24.46256446838379,
    "multi-label/f1-score_micro": 29.89130401611328,
    "AUC/AUC_multilabe": 60.703496385375885,
    "AUC/AUC_class1": 71.84946003493516,
    "AUC/AUC_class2": 58.63308225117271,
    "AUC/AUC_class3": 66.51610401610401,
    "AUC/AUC_class4": 81.86720013267549,
    "AUC/AUC_class5": 57.715543527976834,
    "AUC/AUC_class6": 53.30869565217391,
    "AUC/AUC_class7": 52.531960156669385,
    "AUC/AUC_class8": 70.57850090390765,
    "AUC/AUC_class9": 70.91600550783555,
    "AUC/AUC_class10": 44.0943233435684,
    "AUC/AUC_class11": 59.28235916259682,
    "AUC/AUC_class12": 42.47274031563845,
    "AUC/AUC_class13": 66.72906323756817,
    "AUC/AUC_class14": 54.41484434779107,
    "AUC/AUC_class15": 46.09743719868054,
    "AUC/AUC_class16": 95.06134969325153,
    "AUC/AUC_class17": 46.167247386759584,
    "AUC/AUC_class18": 51.879861711322384,
    "AUC/AUC_class19": 63.25065274151436,
    "MAP_class1": 0.6002758311376473,
    "MAP_class2": 0.21289644866773585,
    "MAP_class3": 0.3584334062181981,
    "MAP_class4": 0.5927183899316247,
    "MAP_class5": 0.22460683681817986,
    "MAP_class6": 0.15766864068589062,
    "MAP_class7": 0.21499514356650268,
    "MAP_class8": 0.2574209188740816,
    "MAP_class9": 0.23458560028361178,
    "MAP_class10": 0.12936788755150622,
    "MAP_class11": 0.16650167570810626,
    "MAP_class12": 0.09601353288689407,
    "MAP_class13": 0.06341074068359713,
    "MAP_class14": 0.08715218143494874,
    "MAP_class15": 0.028507953524388247,
    "MAP_class16": 0.606187517242317,
    "MAP_class17": 0.03586550675938045,
    "MAP_class18": 0.006422748846882464,
    "MAP_class19": 0.014089876596427436,
    "Aggregate": 41.10732934378774
}