{
    "multi-label/mAP": 21.05344581604004,
    "multi-label/precision": 17.589195251464844,
    "multi-label/recall": 17.916027069091797,
    "multi-label/f1-score": 15.522961616516113,
    "multi-label/precision_micro": 30.67311668395996,
    "multi-label/recall_micro": 28.206077575683594,
    "multi-label/f1-score_micro": 29.38791275024414,
    "AUC/AUC_multilabe": 59.075300182406124,
    "AUC/AUC_class1": 74.00039525187744,
    "AUC/AUC_class2": 60.95289336495367,
    "AUC/AUC_class3": 71.13280863280863,
    "AUC/AUC_class4": 79.3237696421908,
    "AUC/AUC_class5": 56.260481780759264,
    "AUC/AUC_class6": 57.06956521739131,
    "AUC/AUC_class7": 51.747122094757145,
    "AUC/AUC_class8": 67.43359755249618,
    "AUC/AUC_class9": 66.16746442856206,
    "AUC/AUC_class10": 41.996345826883555,
    "AUC/AUC_class11": 53.2211403863502,
    "AUC/AUC_class12": 49.95408895265423,
    "AUC/AUC_class13": 54.62480670627492,
    "AUC/AUC_class14": 51.174942612057514,
    "AUC/AUC_class15": 47.95483379852829,
    "AUC/AUC_class16": 92.36196319018404,
    "AUC/AUC_class17": 47.48056821227553,
    "AUC/AUC_class18": 40.36300777873812,
    "AUC/AUC_class19": 59.21090803597331,
    "MAP_class1": 0.6322813175471426,
    "MAP_class2": 0.24796745489384664,
    "MAP_class3": 0.42794025798212876,
    "MAP_class4": 0.5378229832161541,
    "MAP_class5": 0.2224026673664347,
    "MAP_class6": 0.16593667493968958,
    "MAP_class7": 0.20137298756589098,
    "MAP_class8": 0.2295564199056745,
    "MAP_class9": 0.2118506712434236,
    "MAP_class10": 0.11887064508964236,
    "MAP_class11": 0.1317950079645292,
    "MAP_class12": 0.11566016427071563,
    "MAP_class13": 0.05468187682289352,
    "MAP_class14": 0.09297714444982358,
    "MAP_class15": 0.028657779626560187,
    "MAP_class16": 0.471100010943841,
    "MAP_class17": 0.0893734503377474,
    "MAP_class18": 0.0037413367677963864,
    "MAP_class19": 0.016165532009573456,
    "Aggregate": 40.06437215158071
}