{
    "multi-label/mAP": 30.65618896484375,
    "multi-label/precision": 21.920581817626953,
    "multi-label/recall": 48.23067092895508,
    "multi-label/f1-score": 29.712608337402344,
    "multi-label/precision_micro": 29.506725311279297,
    "multi-label/recall_micro": 67.55647277832031,
    "multi-label/f1-score_micro": 41.07365417480469,
    "AUC/AUC_multilabe": 70.38137382019832,
    "AUC/AUC_class1": 67.7320125130344,
    "AUC/AUC_class2": 75.02358200385514,
    "AUC/AUC_class3": 69.38495038195188,
    "AUC/AUC_class4": 69.38495038195188,
    "MAP_class1": 0.41776722814405376,
    "MAP_class2": 0.5425426917687137,
    "MAP_class3": 0.2659794465932763,
    "MAP_class4": -0.0,
    "Aggregate": 50.51930399142471
}