{
    "multi-label/mAP": 17.08896827697754,
    "multi-label/precision": 17.02383041381836,
    "multi-label/recall": 17.484169006347656,
    "multi-label/f1-score": 16.641630172729492,
    "multi-label/precision_micro": 25.13831329345703,
    "multi-label/recall_micro": 26.945886611938477,
    "multi-label/f1-score_micro": 26.01073455810547,
    "AUC/AUC_multilabe": 59.30812119427723,
    "AUC/AUC_class1": 62.14443268605526,
    "AUC/AUC_class2": 53.864436527753114,
    "AUC/AUC_class3": 56.75221925221925,
    "AUC/AUC_class4": 78.36829885152783,
    "AUC/AUC_class5": 64.31287162677238,
    "AUC/AUC_class6": 57.300621118012415,
    "AUC/AUC_class7": 52.594091098872696,
    "AUC/AUC_class8": 54.46808510638297,
    "AUC/AUC_class9": 55.38981050422923,
    "AUC/AUC_class10": 51.06231126449616,
    "AUC/AUC_class11": 49.23048807042648,
    "AUC/AUC_class12": 53.629842180774745,
    "AUC/AUC_class13": 69.51656222023277,
    "AUC/AUC_class14": 60.39023800894044,
    "AUC/AUC_class15": 49.88327835574727,
    "AUC/AUC_class16": 86.08238387379492,
    "AUC/AUC_class17": 51.07879924953096,
    "AUC/AUC_class18": 53.21953327571305,
    "AUC/AUC_class19": 67.56599941978531,
    "MAP_class1": 0.4686629641638812,
    "MAP_class2": 0.18888018342477092,
    "MAP_class3": 0.30374728780538685,
    "MAP_class4": 0.5081642111002029,
    "MAP_class5": 0.31841824113210015,
    "MAP_class6": 0.16638027417126727,
    "MAP_class7": 0.19056873633773733,
    "MAP_class8": 0.14050111259651848,
    "MAP_class9": 0.14795784129797113,
    "MAP_class10": 0.1469274220066336,
    "MAP_class11": 0.11276929786118038,
    "MAP_class12": 0.1237466902380549,
    "MAP_class13": 0.07184389519010591,
    "MAP_class14": 0.12127245762089933,
    "MAP_class15": 0.031919911163692596,
    "MAP_class16": 0.16325417339723378,
    "MAP_class17": 0.013427231340403589,
    "MAP_class18": 0.0054968466557957455,
    "MAP_class19": 0.02247190372541327,
    "Aggregate": 38.19724660037348
}