{
    "multi-label/mAP": 21.07754135131836,
    "multi-label/precision": 26.47053337097168,
    "multi-label/recall": 14.549328804016113,
    "multi-label/f1-score": 14.69140338897705,
    "multi-label/precision_micro": 30.78133201599121,
    "multi-label/recall_micro": 21.75685691833496,
    "multi-label/f1-score_micro": 25.494028091430664,
    "AUC/AUC_multilabe": 60.11542707996896,
    "AUC/AUC_class1": 72.48552868126123,
    "AUC/AUC_class2": 57.925803654446874,
    "AUC/AUC_class3": 65.87920337920339,
    "AUC/AUC_class4": 71.53654794974916,
    "AUC/AUC_class5": 61.69623799359659,
    "AUC/AUC_class6": 53.96149068322982,
    "AUC/AUC_class7": 54.072807523311525,
    "AUC/AUC_class8": 65.92268112918926,
    "AUC/AUC_class9": 75.79043997114944,
    "AUC/AUC_class10": 45.25274697388788,
    "AUC/AUC_class11": 62.061001026534356,
    "AUC/AUC_class12": 50.622668579626975,
    "AUC/AUC_class13": 62.28737690241719,
    "AUC/AUC_class14": 64.15166525713826,
    "AUC/AUC_class15": 52.57041360060899,
    "AUC/AUC_class16": 94.5749342681858,
    "AUC/AUC_class17": 48.385151433931924,
    "AUC/AUC_class18": 27.808988764044944,
    "AUC/AUC_class19": 55.20742674789672,
    "MAP_class1": 0.6126714753147771,
    "MAP_class2": 0.21392432833822872,
    "MAP_class3": 0.36732789135731,
    "MAP_class4": 0.45582573893739237,
    "MAP_class5": 0.2592416786104909,
    "MAP_class6": 0.16079621312643128,
    "MAP_class7": 0.21517601628220867,
    "MAP_class8": 0.20118269436618588,
    "MAP_class9": 0.2732649888348852,
    "MAP_class10": 0.1279871552629525,
    "MAP_class11": 0.15851457387556211,
    "MAP_class12": 0.11946645326155518,
    "MAP_class13": 0.05957194120496577,
    "MAP_class14": 0.12183479685800258,
    "MAP_class15": 0.03139423405802175,
    "MAP_class16": 0.592254511867697,
    "MAP_class17": 0.018713164394449068,
    "MAP_class18": 0.002831602451748567,
    "MAP_class19": 0.01277475383521523,
    "Aggregate": 40.59654041429522
}