{
    "multi-label/mAP": 25.521648406982422,
    "multi-label/precision": 21.798654556274414,
    "multi-label/recall": 37.487159729003906,
    "multi-label/f1-score": 26.6602725982666,
    "multi-label/precision_micro": 27.753305435180664,
    "multi-label/recall_micro": 51.74538040161133,
    "multi-label/f1-score_micro": 36.129032135009766,
    "AUC/AUC_multilabe": 66.63107833605349,
    "AUC/AUC_class1": 67.27096678087293,
    "AUC/AUC_class2": 66.13419185498093,
    "AUC/AUC_class3": 66.55957735418005,
    "AUC/AUC_class4": 66.55957735418005,
    "MAP_class1": 0.45739690730758237,
    "MAP_class2": 0.3920914417671606,
    "MAP_class3": 0.17167730974460513,
    "MAP_class4": -0.0,
    "Aggregate": 46.08010990326859
}