{
    "multi-label/mAP": 15.914693832397461,
    "multi-label/precision": 14.340519905090332,
    "multi-label/recall": 8.308028221130371,
    "multi-label/f1-score": 8.020435333251953,
    "multi-label/precision_micro": 29.295774459838867,
    "multi-label/recall_micro": 15.418828964233398,
    "multi-label/f1-score_micro": 20.203983306884766,
    "AUC/AUC_multilabe": 53.540605160052145,
    "AUC/AUC_class1": 67.70728410959951,
    "AUC/AUC_class2": 53.43923358998737,
    "AUC/AUC_class3": 56.334356334356336,
    "AUC/AUC_class4": 50.47348563373274,
    "AUC/AUC_class5": 36.25981475834731,
    "AUC/AUC_class6": 60.04596273291924,
    "AUC/AUC_class7": 55.62757222100723,
    "AUC/AUC_class8": 52.659574468085104,
    "AUC/AUC_class9": 50.57176578585011,
    "AUC/AUC_class10": 57.68962367092141,
    "AUC/AUC_class11": 57.255731483497684,
    "AUC/AUC_class12": 53.92611190817791,
    "AUC/AUC_class13": 52.19337511190689,
    "AUC/AUC_class14": 53.40703153316419,
    "AUC/AUC_class15": 50.700329865516366,
    "AUC/AUC_class16": 87.51971954425942,
    "AUC/AUC_class17": 59.648887697668194,
    "AUC/AUC_class18": 21.261884183232496,
    "AUC/AUC_class19": 40.54975340876124,
    "MAP_class1": 0.5467772289164696,
    "MAP_class2": 0.19950087310374298,
    "MAP_class3": 0.288349006403002,
    "MAP_class4": 0.27490665256351476,
    "MAP_class5": 0.149595309990521,
    "MAP_class6": 0.19274504203268,
    "MAP_class7": 0.22196104700190994,
    "MAP_class8": 0.12628021555249686,
    "MAP_class9": 0.13381555022953254,
    "MAP_class10": 0.1621062242149655,
    "MAP_class11": 0.13694219837380597,
    "MAP_class12": 0.1259929508866207,
    "MAP_class13": 0.04178638359961659,
    "MAP_class14": 0.09025504556058793,
    "MAP_class15": 0.05361486989249742,
    "MAP_class16": 0.24940429695655691,
    "MAP_class17": 0.017992666950845893,
    "MAP_class18": 0.0026150031087800157,
    "MAP_class19": 0.00915139228142866,
    "Aggregate": 34.727649836919696
}