{
    "multi-label/mAP": 22.096214294433594,
    "multi-label/precision": 22.487512588500977,
    "multi-label/recall": 19.552331924438477,
    "multi-label/f1-score": 19.58991050720215,
    "multi-label/precision_micro": 37.44770050048828,
    "multi-label/recall_micro": 33.17272186279297,
    "multi-label/f1-score_micro": 35.18082046508789,
    "AUC/AUC_multilabe": 64.68352201727983,
    "AUC/AUC_class1": 81.95627366729993,
    "AUC/AUC_class2": 54.51059873170426,
    "AUC/AUC_class3": 72.45074745074744,
    "AUC/AUC_class4": 78.31419213068536,
    "AUC/AUC_class5": 62.29274660771459,
    "AUC/AUC_class6": 58.717391304347835,
    "AUC/AUC_class7": 46.9332166928445,
    "AUC/AUC_class8": 64.17883465442914,
    "AUC/AUC_class9": 74.08825650776998,
    "AUC/AUC_class10": 55.85175222676174,
    "AUC/AUC_class11": 61.08190499891126,
    "AUC/AUC_class12": 70.72525107604018,
    "AUC/AUC_class13": 57.02571823878896,
    "AUC/AUC_class14": 61.31750634287785,
    "AUC/AUC_class15": 58.50038061405735,
    "AUC/AUC_class16": 96.48115687992988,
    "AUC/AUC_class17": 43.46019833824711,
    "AUC/AUC_class18": 67.52376836646499,
    "AUC/AUC_class19": 63.57702349869451,
    "MAP_class1": 0.7243529810407454,
    "MAP_class2": 0.1853165107623061,
    "MAP_class3": 0.4170025268440173,
    "MAP_class4": 0.4903715848566301,
    "MAP_class5": 0.2776108332998459,
    "MAP_class6": 0.20102485397050124,
    "MAP_class7": 0.17617504139942375,
    "MAP_class8": 0.17849466081762694,
    "MAP_class9": 0.28134441121438386,
    "MAP_class10": 0.1786886857210646,
    "MAP_class11": 0.14522316178340788,
    "MAP_class12": 0.22150644637074599,
    "MAP_class13": 0.04675430836378702,
    "MAP_class14": 0.11941446952338178,
    "MAP_class15": 0.044196280277337095,
    "MAP_class16": 0.45694692127651654,
    "MAP_class17": 0.01233595550651619,
    "MAP_class18": 0.01976741277603675,
    "MAP_class19": 0.019367239315448464,
    "Aggregate": 43.383588074744445
}