{
    "multi-label/mAP": 21.11440658569336,
    "multi-label/precision": 25.82732391357422,
    "multi-label/recall": 17.74004364013672,
    "multi-label/f1-score": 17.76555824279785,
    "multi-label/precision_micro": 33.15839767456055,
    "multi-label/recall_micro": 25.759822845458984,
    "multi-label/f1-score_micro": 28.994577407836914,
    "AUC/AUC_multilabe": 61.60774957716474,
    "AUC/AUC_class1": 73.63255600464102,
    "AUC/AUC_class2": 54.005474357233155,
    "AUC/AUC_class3": 66.31274131274132,
    "AUC/AUC_class4": 73.93009660433685,
    "AUC/AUC_class5": 62.19507546882146,
    "AUC/AUC_class6": 49.88136645962733,
    "AUC/AUC_class7": 54.17022884068633,
    "AUC/AUC_class8": 67.44750382422473,
    "AUC/AUC_class9": 71.59071536292703,
    "AUC/AUC_class10": 55.24589539929454,
    "AUC/AUC_class11": 49.42724048900364,
    "AUC/AUC_class12": 62.3873744619799,
    "AUC/AUC_class13": 77.21372181980955,
    "AUC/AUC_class14": 48.78579195360638,
    "AUC/AUC_class15": 51.50976909413855,
    "AUC/AUC_class16": 85.80631025416301,
    "AUC/AUC_class17": 53.36370946127044,
    "AUC/AUC_class18": 54.25669835782195,
    "AUC/AUC_class19": 59.38497243980273,
    "MAP_class1": 0.6027795433216541,
    "MAP_class2": 0.19030156219257058,
    "MAP_class3": 0.36466019698755137,
    "MAP_class4": 0.4928363898570856,
    "MAP_class5": 0.26549911481485544,
    "MAP_class6": 0.15004348147931446,
    "MAP_class7": 0.2565679178867629,
    "MAP_class8": 0.22891831716872982,
    "MAP_class9": 0.29239512335912377,
    "MAP_class10": 0.15366781945846836,
    "MAP_class11": 0.11256629686495281,
    "MAP_class12": 0.20787422344964573,
    "MAP_class13": 0.21254373341070576,
    "MAP_class14": 0.08639425733809564,
    "MAP_class15": 0.03241009392234702,
    "MAP_class16": 0.26747705792210663,
    "MAP_class17": 0.023132580420916888,
    "MAP_class18": 0.05334387987026857,
    "MAP_class19": 0.018324768865295403,
    "Aggregate": 41.36107573224145
}