{
    "multi-label/mAP": 24.827150344848633,
    "multi-label/precision": 25.009172439575195,
    "multi-label/recall": 18.54924201965332,
    "multi-label/f1-score": 20.20993995666504,
    "multi-label/precision_micro": 39.47628402709961,
    "multi-label/recall_micro": 29.61452865600586,
    "multi-label/f1-score_micro": 33.841590881347656,
    "AUC/AUC_multilabe": 67.70690002548368,
    "AUC/AUC_class1": 79.55623414211217,
    "AUC/AUC_class2": 58.896352866202115,
    "AUC/AUC_class3": 74.96988746988748,
    "AUC/AUC_class4": 82.69497076993243,
    "AUC/AUC_class5": 68.10394114956549,
    "AUC/AUC_class6": 62.11739130434783,
    "AUC/AUC_class7": 54.85416625246038,
    "AUC/AUC_class8": 68.00514532053955,
    "AUC/AUC_class9": 72.80965182610976,
    "AUC/AUC_class10": 56.4487273834598,
    "AUC/AUC_class11": 72.6700780788254,
    "AUC/AUC_class12": 69.27546628407461,
    "AUC/AUC_class13": 73.71612273134207,
    "AUC/AUC_class14": 62.95054568885667,
    "AUC/AUC_class15": 49.089063689418936,
    "AUC/AUC_class16": 97.08588957055215,
    "AUC/AUC_class17": 56.231573304744046,
    "AUC/AUC_class18": 62.83491789109766,
    "AUC/AUC_class19": 64.12097476066145,
    "MAP_class1": 0.682990625868535,
    "MAP_class2": 0.20998018113430128,
    "MAP_class3": 0.450089391661757,
    "MAP_class4": 0.53444053625176,
    "MAP_class5": 0.33584971634689365,
    "MAP_class6": 0.19727589222942546,
    "MAP_class7": 0.2187983271290058,
    "MAP_class8": 0.22472322514375517,
    "MAP_class9": 0.2518127779481769,
    "MAP_class10": 0.16933625560933235,
    "MAP_class11": 0.22508894859268935,
    "MAP_class12": 0.2002836533138193,
    "MAP_class13": 0.11837411641726547,
    "MAP_class14": 0.12338871355584956,
    "MAP_class15": 0.029860127579656996,
    "MAP_class16": 0.599184621386882,
    "MAP_class17": 0.10102545395773867,
    "MAP_class18": 0.01792441554405224,
    "MAP_class19": 0.02673135924750146,
    "Aggregate": 46.26702458884289
}