{
    "multi-label/mAP": 16.547447204589844,
    "multi-label/precision": 18.650026321411133,
    "multi-label/recall": 9.530170440673828,
    "multi-label/f1-score": 9.066953659057617,
    "multi-label/precision_micro": 28.989839553833008,
    "multi-label/recall_micro": 17.97627830505371,
    "multi-label/f1-score_micro": 22.19171714782715,
    "AUC/AUC_multilabe": 56.88462010652025,
    "AUC/AUC_class1": 69.76195636929276,
    "AUC/AUC_class2": 54.325682466385985,
    "AUC/AUC_class3": 48.906873906873905,
    "AUC/AUC_class4": 65.97682325137858,
    "AUC/AUC_class5": 54.50954794938252,
    "AUC/AUC_class6": 64.28819875776396,
    "AUC/AUC_class7": 51.255790603813345,
    "AUC/AUC_class8": 54.3192879988875,
    "AUC/AUC_class9": 51.428758769916726,
    "AUC/AUC_class10": 53.10731595909356,
    "AUC/AUC_class11": 66.85071701869536,
    "AUC/AUC_class12": 68.94619799139167,
    "AUC/AUC_class13": 58.10816309921055,
    "AUC/AUC_class14": 59.26362208529661,
    "AUC/AUC_class15": 58.680537934534385,
    "AUC/AUC_class16": 73.63716038562664,
    "AUC/AUC_class17": 55.6419190565532,
    "AUC/AUC_class18": 32.627484874675886,
    "AUC/AUC_class19": 39.17174354511169,
    "MAP_class1": 0.5826750219200796,
    "MAP_class2": 0.19124161655318433,
    "MAP_class3": 0.22273549126520192,
    "MAP_class4": 0.3684481185992453,
    "MAP_class5": 0.20976317106397058,
    "MAP_class6": 0.25098228219742796,
    "MAP_class7": 0.19043390776920982,
    "MAP_class8": 0.1461235015984876,
    "MAP_class9": 0.13185984029412523,
    "MAP_class10": 0.15130841760870634,
    "MAP_class11": 0.20424030378938737,
    "MAP_class12": 0.21499222954612063,
    "MAP_class13": 0.05248373418511398,
    "MAP_class14": 0.1199937931287642,
    "MAP_class15": 0.03963087541384509,
    "MAP_class16": 0.03388091640302453,
    "MAP_class17": 0.021677784836414273,
    "MAP_class18": 0.003024298420762883,
    "MAP_class19": 0.008515414944941919,
    "Aggregate": 36.716022473097006
}