{
    "multi-label/mAP": 20.00834083557129,
    "multi-label/precision": 20.772932052612305,
    "multi-label/recall": 19.143789291381836,
    "multi-label/f1-score": 19.097171783447266,
    "multi-label/precision_micro": 32.47248077392578,
    "multi-label/recall_micro": 28.428464889526367,
    "multi-label/f1-score_micro": 30.316204071044922,
    "AUC/AUC_multilabe": 63.90141529772962,
    "AUC/AUC_class1": 76.17204931723424,
    "AUC/AUC_class2": 55.62897648324785,
    "AUC/AUC_class3": 68.87395637395637,
    "AUC/AUC_class4": 80.64389070857003,
    "AUC/AUC_class5": 66.72463409056259,
    "AUC/AUC_class6": 54.71180124223602,
    "AUC/AUC_class7": 56.78966936397797,
    "AUC/AUC_class8": 61.30371297455153,
    "AUC/AUC_class9": 66.78447314930168,
    "AUC/AUC_class10": 46.94089882508183,
    "AUC/AUC_class11": 61.3859769185305,
    "AUC/AUC_class12": 58.519368723099,
    "AUC/AUC_class13": 78.62985268983479,
    "AUC/AUC_class14": 58.327292497281626,
    "AUC/AUC_class15": 58.931743212382635,
    "AUC/AUC_class16": 85.70552147239265,
    "AUC/AUC_class17": 46.441972661484854,
    "AUC/AUC_class18": 69.23076923076923,
    "AUC/AUC_class19": 62.38033072236728,
    "MAP_class1": 0.657181190098656,
    "MAP_class2": 0.20213347838654486,
    "MAP_class3": 0.37724636970075875,
    "MAP_class4": 0.556077139974136,
    "MAP_class5": 0.3066939758758692,
    "MAP_class6": 0.15979280555258488,
    "MAP_class7": 0.21576964828704434,
    "MAP_class8": 0.17061813080472826,
    "MAP_class9": 0.21643269872956405,
    "MAP_class10": 0.13413344450805695,
    "MAP_class11": 0.16089726110800281,
    "MAP_class12": 0.15901314860379456,
    "MAP_class13": 0.1097157695883546,
    "MAP_class14": 0.10376322066545696,
    "MAP_class15": 0.04287677374780516,
    "MAP_class16": 0.1787533325670683,
    "MAP_class17": 0.011717247590150833,
    "MAP_class18": 0.012133149549869245,
    "MAP_class19": 0.026645178811330536,
    "Aggregate": 41.95490229136422
}