{
    "multi-label/mAP": 23.726125717163086,
    "multi-label/precision": 26.62935447692871,
    "multi-label/recall": 21.03598976135254,
    "multi-label/f1-score": 22.303186416625977,
    "multi-label/precision_micro": 37.702816009521484,
    "multi-label/recall_micro": 32.72794723510742,
    "multi-label/f1-score_micro": 35.0396842956543,
    "AUC/AUC_multilabe": 67.60043037325448,
    "AUC/AUC_class1": 83.8711733880736,
    "AUC/AUC_class2": 60.536048224490436,
    "AUC/AUC_class3": 68.3966933966934,
    "AUC/AUC_class4": 82.67216717110992,
    "AUC/AUC_class5": 62.105980332367736,
    "AUC/AUC_class6": 63.154037267080746,
    "AUC/AUC_class7": 55.08231107223096,
    "AUC/AUC_class8": 67.56431650674453,
    "AUC/AUC_class9": 73.97350993377484,
    "AUC/AUC_class10": 48.061892557159894,
    "AUC/AUC_class11": 67.444084984602,
    "AUC/AUC_class12": 70.41176470588235,
    "AUC/AUC_class13": 76.95328395865549,
    "AUC/AUC_class14": 63.068341991865005,
    "AUC/AUC_class15": 54.03704643491499,
    "AUC/AUC_class16": 95.15337423312884,
    "AUC/AUC_class17": 56.184668989547035,
    "AUC/AUC_class18": 66.16248919619706,
    "AUC/AUC_class19": 69.57499274731651,
    "MAP_class1": 0.7539561597182662,
    "MAP_class2": 0.23630298140401151,
    "MAP_class3": 0.39098507746469663,
    "MAP_class4": 0.5704903681107429,
    "MAP_class5": 0.27091246910777417,
    "MAP_class6": 0.24886444845342315,
    "MAP_class7": 0.2113310013756005,
    "MAP_class8": 0.23352518712790388,
    "MAP_class9": 0.29633414613733366,
    "MAP_class10": 0.14399415979226446,
    "MAP_class11": 0.20291869543284913,
    "MAP_class12": 0.23957225703331494,
    "MAP_class13": 0.11639941990258657,
    "MAP_class14": 0.13017512172845735,
    "MAP_class15": 0.03568325043753476,
    "MAP_class16": 0.36712481956673654,
    "MAP_class17": 0.021199115421916305,
    "MAP_class18": 0.018603928979302287,
    "MAP_class19": 0.018333550673638798,
    "Aggregate": 45.659968233649224
}