{
    "multi-label/mAP": 15.351109504699707,
    "multi-label/precision": 16.515405654907227,
    "multi-label/recall": 5.153597831726074,
    "multi-label/f1-score": 6.17248010635376,
    "multi-label/precision_micro": 28.121604919433594,
    "multi-label/recall_micro": 9.599703788757324,
    "multi-label/f1-score_micro": 14.313345909118652,
    "AUC/AUC_multilabe": 55.62186559981233,
    "AUC/AUC_class1": 63.69165253534954,
    "AUC/AUC_class2": 51.39888632350943,
    "AUC/AUC_class3": 52.72126522126522,
    "AUC/AUC_class4": 71.00916290061777,
    "AUC/AUC_class5": 48.45822533922854,
    "AUC/AUC_class6": 60.54472049689441,
    "AUC/AUC_class7": 51.236157226077104,
    "AUC/AUC_class8": 56.54568210262829,
    "AUC/AUC_class9": 54.361681201232706,
    "AUC/AUC_class10": 56.40622224477884,
    "AUC/AUC_class11": 61.780259433228615,
    "AUC/AUC_class12": 50.678622668579635,
    "AUC/AUC_class13": 62.826564661837715,
    "AUC/AUC_class14": 58.95654625266804,
    "AUC/AUC_class15": 52.905353971073325,
    "AUC/AUC_class16": 66.63453111305871,
    "AUC/AUC_class17": 49.35004020369874,
    "AUC/AUC_class18": 43.452895419187556,
    "AUC/AUC_class19": 43.85697708152016,
    "MAP_class1": 0.49806340600581234,
    "MAP_class2": 0.17496698433425154,
    "MAP_class3": 0.2507613193977642,
    "MAP_class4": 0.39967701310355463,
    "MAP_class5": 0.1891618132444258,
    "MAP_class6": 0.19434193605540173,
    "MAP_class7": 0.1903665980910657,
    "MAP_class8": 0.15108821569143704,
    "MAP_class9": 0.14300742264506272,
    "MAP_class10": 0.15720287182890474,
    "MAP_class11": 0.1688385743664383,
    "MAP_class12": 0.12973519385707977,
    "MAP_class13": 0.05184898539908157,
    "MAP_class14": 0.11096533915032868,
    "MAP_class15": 0.03932423732631426,
    "MAP_class16": 0.042014848838109985,
    "MAP_class17": 0.012087990940768675,
    "MAP_class18": 0.0037664626326561037,
    "MAP_class19": 0.009491644970264798,
    "Aggregate": 35.4864876890607
}