{
    "multi-label/mAP": 18.348779678344727,
    "multi-label/precision": 20.108287811279297,
    "multi-label/recall": 10.2562894821167,
    "multi-label/f1-score": 10.717121124267578,
    "multi-label/precision_micro": 27.279052734375,
    "multi-label/recall_micro": 14.529280662536621,
    "multi-label/f1-score_micro": 18.960094451904297,
    "AUC/AUC_multilabe": 58.51351261235744,
    "AUC/AUC_class1": 75.35158292001888,
    "AUC/AUC_class2": 55.223100951744165,
    "AUC/AUC_class3": 66.32759132759134,
    "AUC/AUC_class4": 54.77051287366807,
    "AUC/AUC_class5": 41.27391751791431,
    "AUC/AUC_class6": 56.45962732919254,
    "AUC/AUC_class7": 57.09833588484403,
    "AUC/AUC_class8": 57.950910860798224,
    "AUC/AUC_class9": 56.13730247196904,
    "AUC/AUC_class10": 50.8983175577943,
    "AUC/AUC_class11": 51.1882912869008,
    "AUC/AUC_class12": 62.72309899569585,
    "AUC/AUC_class13": 70.24497436314805,
    "AUC/AUC_class14": 54.92126777012606,
    "AUC/AUC_class15": 53.354478558741434,
    "AUC/AUC_class16": 83.90446976336547,
    "AUC/AUC_class17": 65.45162154918252,
    "AUC/AUC_class18": 33.27571305099395,
    "AUC/AUC_class19": 65.20162460110241,
    "MAP_class1": 0.6236848384379722,
    "MAP_class2": 0.2041794256326852,
    "MAP_class3": 0.37229794868561594,
    "MAP_class4": 0.29003813243263227,
    "MAP_class5": 0.1585632461149246,
    "MAP_class6": 0.1699930715924233,
    "MAP_class7": 0.21453052387265015,
    "MAP_class8": 0.15068547602543914,
    "MAP_class9": 0.15046987555815616,
    "MAP_class10": 0.14624376711399573,
    "MAP_class11": 0.1391706767397531,
    "MAP_class12": 0.1560142094622789,
    "MAP_class13": 0.108803987068707,
    "MAP_class14": 0.08958199680000788,
    "MAP_class15": 0.033819277819641336,
    "MAP_class16": 0.42873348411554074,
    "MAP_class17": 0.01949429010393089,
    "MAP_class18": 0.003071973685748889,
    "MAP_class19": 0.026891531202561717,
    "Aggregate": 38.43114507582258
}