{
    "multi-label/mAP": 13.687607765197754,
    "multi-label/precision": 12.793852806091309,
    "multi-label/recall": 52.98162841796875,
    "multi-label/f1-score": 18.808612823486328,
    "multi-label/precision_micro": 16.837560653686523,
    "multi-label/recall_micro": 69.38472747802734,
    "multi-label/f1-score_micro": 27.099014282226562,
    "AUC/AUC_multilabe": 52.481473644652695,
    "AUC/AUC_class1": 55.53257002970764,
    "AUC/AUC_class2": 50.04335607350683,
    "AUC/AUC_class3": 49.80571230571231,
    "AUC/AUC_class4": 54.79580413781666,
    "AUC/AUC_class5": 51.254478579051685,
    "AUC/AUC_class6": 55.69130434782609,
    "AUC/AUC_class7": 54.517168021949615,
    "AUC/AUC_class8": 49.1878737310527,
    "AUC/AUC_class9": 52.961117303783354,
    "AUC/AUC_class10": 53.894612632273464,
    "AUC/AUC_class11": 52.394469157308606,
    "AUC/AUC_class12": 49.54088952654232,
    "AUC/AUC_class13": 60.797997883942365,
    "AUC/AUC_class14": 56.334823406226086,
    "AUC/AUC_class15": 58.41157066734331,
    "AUC/AUC_class16": 56.26205083260298,
    "AUC/AUC_class17": 48.34494773519163,
    "AUC/AUC_class18": 43.15038893690579,
    "AUC/AUC_class19": 44.226863939657676,
    "MAP_class1": 0.4128490305845111,
    "MAP_class2": 0.16768247676566225,
    "MAP_class3": 0.23874144304088535,
    "MAP_class4": 0.28721678357404945,
    "MAP_class5": 0.19690588547760532,
    "MAP_class6": 0.15802421461376268,
    "MAP_class7": 0.21570426655095512,
    "MAP_class8": 0.12192882179736503,
    "MAP_class9": 0.14235459195681174,
    "MAP_class10": 0.16160706965416713,
    "MAP_class11": 0.12509939922413932,
    "MAP_class12": 0.1213393364705421,
    "MAP_class13": 0.049838090237886504,
    "MAP_class14": 0.10805129767814575,
    "MAP_class15": 0.047749505407356965,
    "MAP_class16": 0.01989039973078424,
    "MAP_class17": 0.012377326260398,
    "MAP_class18": 0.0037449560084893982,
    "MAP_class19": 0.00954091660172087,
    "Aggregate": 33.0845415897875
}