{
    "multi-label/mAP": 21.473669052124023,
    "multi-label/precision": 22.56732749938965,
    "multi-label/recall": 14.258374214172363,
    "multi-label/f1-score": 14.441359519958496,
    "multi-label/precision_micro": 32.62226867675781,
    "multi-label/recall_micro": 23.239437103271484,
    "multi-label/f1-score_micro": 27.142858505249023,
    "AUC/AUC_multilabe": 60.2664009042102,
    "AUC/AUC_class1": 80.3594879575678,
    "AUC/AUC_class2": 58.38339305675989,
    "AUC/AUC_class3": 72.65163515163516,
    "AUC/AUC_class4": 72.75094323976948,
    "AUC/AUC_class5": 53.8649184326879,
    "AUC/AUC_class6": 51.43416149068323,
    "AUC/AUC_class7": 50.829572340298625,
    "AUC/AUC_class8": 64.0564594632179,
    "AUC/AUC_class9": 68.05520949445939,
    "AUC/AUC_class10": 45.635927627071325,
    "AUC/AUC_class11": 47.705851245839426,
    "AUC/AUC_class12": 44.26685796269727,
    "AUC/AUC_class13": 73.91958981036869,
    "AUC/AUC_class14": 57.2067174096895,
    "AUC/AUC_class15": 53.506724181679786,
    "AUC/AUC_class16": 95.1489921121823,
    "AUC/AUC_class17": 52.7740552130796,
    "AUC/AUC_class18": 56.00691443388073,
    "AUC/AUC_class19": 46.50420655642588,
    "MAP_class1": 0.6929665401926928,
    "MAP_class2": 0.22972269565937445,
    "MAP_class3": 0.45916088169651814,
    "MAP_class4": 0.45120643275712174,
    "MAP_class5": 0.2270057171557468,
    "MAP_class6": 0.1527401465996387,
    "MAP_class7": 0.18904399225995458,
    "MAP_class8": 0.20711291192437,
    "MAP_class9": 0.20026486760963935,
    "MAP_class10": 0.14087198621635721,
    "MAP_class11": 0.14109901976999945,
    "MAP_class12": 0.09855599636811141,
    "MAP_class13": 0.1552985741591304,
    "MAP_class14": 0.09905698247766687,
    "MAP_class15": 0.039218383293467336,
    "MAP_class16": 0.5525600218105647,
    "MAP_class17": 0.020271738658031266,
    "MAP_class18": 0.005939454414395578,
    "MAP_class19": 0.017900670427345028,
    "Aggregate": 40.87003469802649
}