{
    "multi-label/mAP": 18.860431671142578,
    "multi-label/precision": 20.560327529907227,
    "multi-label/recall": 19.611413955688477,
    "multi-label/f1-score": 18.470638275146484,
    "multi-label/precision_micro": 28.232284545898438,
    "multi-label/recall_micro": 28.65085220336914,
    "multi-label/f1-score_micro": 28.44002914428711,
    "AUC/AUC_multilabe": 62.53178267194769,
    "AUC/AUC_class1": 72.78850199538448,
    "AUC/AUC_class2": 55.876053866003616,
    "AUC/AUC_class3": 60.47627297627298,
    "AUC/AUC_class4": 76.72747626352667,
    "AUC/AUC_class5": 60.56182344869645,
    "AUC/AUC_class6": 65.4447204968944,
    "AUC/AUC_class7": 53.689583871801496,
    "AUC/AUC_class8": 65.27256292587957,
    "AUC/AUC_class9": 64.14792472624745,
    "AUC/AUC_class10": 55.733752886542995,
    "AUC/AUC_class11": 60.130805362864336,
    "AUC/AUC_class12": 54.16857962697274,
    "AUC/AUC_class13": 69.84821355904614,
    "AUC/AUC_class14": 60.31170714026821,
    "AUC/AUC_class15": 44.831261101243335,
    "AUC/AUC_class16": 80.7800175284838,
    "AUC/AUC_class17": 58.054140980970246,
    "AUC/AUC_class18": 64.1313742437338,
    "AUC/AUC_class19": 65.12909776617349,
    "MAP_class1": 0.6222599771570407,
    "MAP_class2": 0.22904280826698076,
    "MAP_class3": 0.3227748833507081,
    "MAP_class4": 0.4761215330840415,
    "MAP_class5": 0.27510422977736904,
    "MAP_class6": 0.21229169471217157,
    "MAP_class7": 0.19635291196806232,
    "MAP_class8": 0.2185835683230457,
    "MAP_class9": 0.19366266618501823,
    "MAP_class10": 0.15610772990386135,
    "MAP_class11": 0.1617380099335581,
    "MAP_class12": 0.12833549301409838,
    "MAP_class13": 0.1013876818277164,
    "MAP_class14": 0.10331087440138076,
    "MAP_class15": 0.02762143514003107,
    "MAP_class16": 0.11385711344952018,
    "MAP_class17": 0.020278223174129438,
    "MAP_class18": 0.006849866926424255,
    "MAP_class19": 0.01780132479218923,
    "Aggregate": 40.696107192256335
}