{
    "multi-label/mAP": 21.528118133544922,
    "multi-label/precision": 23.782052993774414,
    "multi-label/recall": 16.310060501098633,
    "multi-label/f1-score": 15.862046241760254,
    "multi-label/precision_micro": 32.51301193237305,
    "multi-label/recall_micro": 25.463306427001953,
    "multi-label/f1-score_micro": 28.559551239013672,
    "AUC/AUC_multilabe": 59.542834536983435,
    "AUC/AUC_class1": 77.34409863446852,
    "AUC/AUC_class2": 59.362300065817664,
    "AUC/AUC_class3": 72.4037224037224,
    "AUC/AUC_class4": 74.2381524938845,
    "AUC/AUC_class5": 50.936213599634094,
    "AUC/AUC_class6": 51.80062111801242,
    "AUC/AUC_class7": 50.838519195975906,
    "AUC/AUC_class8": 65.65985259351967,
    "AUC/AUC_class9": 67.53589928529277,
    "AUC/AUC_class10": 46.689674423325805,
    "AUC/AUC_class11": 47.44766230130338,
    "AUC/AUC_class12": 43.01362984218077,
    "AUC/AUC_class13": 69.13404411166273,
    "AUC/AUC_class14": 55.53642624139181,
    "AUC/AUC_class15": 51.61126617609744,
    "AUC/AUC_class16": 95.84574934268187,
    "AUC/AUC_class17": 47.795497185741084,
    "AUC/AUC_class18": 58.18928262748487,
    "AUC/AUC_class19": 45.93124456048738,
    "MAP_class1": 0.6553720197018691,
    "MAP_class2": 0.23677987810457435,
    "MAP_class3": 0.44715355439851545,
    "MAP_class4": 0.45503609999768374,
    "MAP_class5": 0.21036909707294962,
    "MAP_class6": 0.15850616385579339,
    "MAP_class7": 0.18762174711322077,
    "MAP_class8": 0.21036911290296018,
    "MAP_class9": 0.1979155196558342,
    "MAP_class10": 0.13644412625273203,
    "MAP_class11": 0.14410487098851243,
    "MAP_class12": 0.09516784962039357,
    "MAP_class13": 0.15233674533943473,
    "MAP_class14": 0.10934318275045442,
    "MAP_class15": 0.03542522080517527,
    "MAP_class16": 0.6025329757926204,
    "MAP_class17": 0.03069541254407913,
    "MAP_class18": 0.005215186814955519,
    "MAP_class19": 0.019953532155954412,
    "Aggregate": 40.535475941827805
}