{
    "multi-label/mAP": 21.198801040649414,
    "multi-label/precision": 24.32243537902832,
    "multi-label/recall": 16.781667709350586,
    "multi-label/f1-score": 16.799118041992188,
    "multi-label/precision_micro": 38.05929946899414,
    "multi-label/recall_micro": 26.167531967163086,
    "multi-label/f1-score_micro": 31.01251983642578,
    "AUC/AUC_multilabe": 59.263242354043065,
    "AUC/AUC_class1": 71.75781897464013,
    "AUC/AUC_class2": 55.345856099624946,
    "AUC/AUC_class3": 64.31541431541432,
    "AUC/AUC_class4": 78.56731207761516,
    "AUC/AUC_class5": 58.573620216496415,
    "AUC/AUC_class6": 54.458385093167706,
    "AUC/AUC_class7": 52.37886951508042,
    "AUC/AUC_class8": 71.59052982895287,
    "AUC/AUC_class9": 72.21821519900334,
    "AUC/AUC_class10": 42.611084325119904,
    "AUC/AUC_class11": 55.17777708650886,
    "AUC/AUC_class12": 51.926111908177916,
    "AUC/AUC_class13": 61.815333279075446,
    "AUC/AUC_class14": 50.8819620635496,
    "AUC/AUC_class15": 43.8619639685359,
    "AUC/AUC_class16": 96.66958808063103,
    "AUC/AUC_class17": 42.38809970517288,
    "AUC/AUC_class18": 54.36473638720829,
    "AUC/AUC_class19": 47.09892660284305,
    "MAP_class1": 0.6178768625103912,
    "MAP_class2": 0.21293636042104153,
    "MAP_class3": 0.35893905059322895,
    "MAP_class4": 0.5365182303501006,
    "MAP_class5": 0.22665890290469454,
    "MAP_class6": 0.15899744920271713,
    "MAP_class7": 0.2131435851042206,
    "MAP_class8": 0.23973241933306247,
    "MAP_class9": 0.25809849452706135,
    "MAP_class10": 0.11868166831355205,
    "MAP_class11": 0.15439513548151665,
    "MAP_class12": 0.11749530210611991,
    "MAP_class13": 0.05262731196556149,
    "MAP_class14": 0.08652623309560067,
    "MAP_class15": 0.028726354556714857,
    "MAP_class16": 0.6036137390298673,
    "MAP_class17": 0.028419722435888153,
    "MAP_class18": 0.004560939802600306,
    "MAP_class19": 0.009836077668434116,
    "Aggregate": 40.23105233334357
}