{
    "multi-label/mAP": 21.649106979370117,
    "multi-label/precision": 25.061792373657227,
    "multi-label/recall": 18.67159652709961,
    "multi-label/f1-score": 18.96566390991211,
    "multi-label/precision_micro": 32.464359283447266,
    "multi-label/recall_micro": 29.540401458740234,
    "multi-label/f1-score_micro": 30.93343734741211,
    "AUC/AUC_multilabe": 62.88929251357644,
    "AUC/AUC_class1": 79.13866965868087,
    "AUC/AUC_class2": 52.42898484104514,
    "AUC/AUC_class3": 67.3652361152361,
    "AUC/AUC_class4": 80.22845059911273,
    "AUC/AUC_class5": 63.11127839609697,
    "AUC/AUC_class6": 55.23726708074533,
    "AUC/AUC_class7": 51.47971051951408,
    "AUC/AUC_class8": 65.07022667222917,
    "AUC/AUC_class9": 73.9518720083929,
    "AUC/AUC_class10": 58.83409039003222,
    "AUC/AUC_class11": 45.032195850312625,
    "AUC/AUC_class12": 73.33285509325682,
    "AUC/AUC_class13": 70.97949051843412,
    "AUC/AUC_class14": 54.62325319157505,
    "AUC/AUC_class15": 51.834559756407,
    "AUC/AUC_class16": 85.68799298860648,
    "AUC/AUC_class17": 48.324845885821496,
    "AUC/AUC_class18": 62.165082108902325,
    "AUC/AUC_class19": 56.07049608355092,
    "MAP_class1": 0.6823853862340723,
    "MAP_class2": 0.18452585541692973,
    "MAP_class3": 0.3924096115128156,
    "MAP_class4": 0.5576175294105924,
    "MAP_class5": 0.3043199677418795,
    "MAP_class6": 0.15800548215799765,
    "MAP_class7": 0.18698583083627646,
    "MAP_class8": 0.23466201797293865,
    "MAP_class9": 0.3188599004082233,
    "MAP_class10": 0.17316661679767387,
    "MAP_class11": 0.10549638396643482,
    "MAP_class12": 0.27205413213939567,
    "MAP_class13": 0.10533035460341773,
    "MAP_class14": 0.0985916692921004,
    "MAP_class15": 0.03811630794273513,
    "MAP_class16": 0.2551583955675624,
    "MAP_class17": 0.011549076314243607,
    "MAP_class18": 0.014913064662643853,
    "MAP_class19": 0.01838030485938653,
    "Aggregate": 42.26708806688643
}