{
    "multi-label/mAP": 17.19852638244629,
    "multi-label/precision": 19.487154006958008,
    "multi-label/recall": 7.104676723480225,
    "multi-label/f1-score": 8.096678733825684,
    "multi-label/precision_micro": 28.180212020874023,
    "multi-label/recall_micro": 11.823573112487793,
    "multi-label/f1-score_micro": 16.6579647064209,
    "AUC/AUC_multilabe": 58.23120155993888,
    "AUC/AUC_class1": 74.37715954150782,
    "AUC/AUC_class2": 51.31635307514705,
    "AUC/AUC_class3": 64.35047685047685,
    "AUC/AUC_class4": 65.27467971308927,
    "AUC/AUC_class5": 61.6705099862784,
    "AUC/AUC_class6": 51.85527950310559,
    "AUC/AUC_class7": 42.66109310694475,
    "AUC/AUC_class8": 64.05020164094006,
    "AUC/AUC_class9": 65.91698904989836,
    "AUC/AUC_class10": 54.66478036896998,
    "AUC/AUC_class11": 53.95526798768159,
    "AUC/AUC_class12": 53.16571018651363,
    "AUC/AUC_class13": 54.2056645234801,
    "AUC/AUC_class14": 54.31919777697233,
    "AUC/AUC_class15": 49.670134483633596,
    "AUC/AUC_class16": 80.8282208588957,
    "AUC/AUC_class17": 61.10962208523184,
    "AUC/AUC_class18": 42.8694900605013,
    "AUC/AUC_class19": 60.13199883957064,
    "MAP_class1": 0.6185591868875484,
    "MAP_class2": 0.18110719375469037,
    "MAP_class3": 0.338663805184659,
    "MAP_class4": 0.3516167827954795,
    "MAP_class5": 0.2837994580229922,
    "MAP_class6": 0.15474524545428842,
    "MAP_class7": 0.15566140168885279,
    "MAP_class8": 0.2003773527492315,
    "MAP_class9": 0.22472999658449816,
    "MAP_class10": 0.14874385130109286,
    "MAP_class11": 0.13100729116599696,
    "MAP_class12": 0.1204765561195823,
    "MAP_class13": 0.043262288399807884,
    "MAP_class14": 0.09660669552782249,
    "MAP_class15": 0.03020008417654508,
    "MAP_class16": 0.14789309530857836,
    "MAP_class17": 0.020013711685141676,
    "MAP_class18": 0.004641575105882612,
    "MAP_class19": 0.015614669783446878,
    "Aggregate": 37.714864573906645
}