{
    "multi-label/mAP": 19.705059051513672,
    "multi-label/precision": 19.77361488342285,
    "multi-label/recall": 13.11547565460205,
    "multi-label/f1-score": 13.718679428100586,
    "multi-label/precision_micro": 31.712589263916016,
    "multi-label/recall_micro": 21.75685691833496,
    "multi-label/f1-score_micro": 25.807870864868164,
    "AUC/AUC_multilabe": 59.58907771601262,
    "AUC/AUC_class1": 69.82825668421924,
    "AUC/AUC_class2": 58.19899915377302,
    "AUC/AUC_class3": 69.90603240603241,
    "AUC/AUC_class4": 72.89025249803059,
    "AUC/AUC_class5": 52.62997408141486,
    "AUC/AUC_class6": 52.45093167701863,
    "AUC/AUC_class7": 50.17197844801877,
    "AUC/AUC_class8": 65.94284522319566,
    "AUC/AUC_class9": 61.97560815684216,
    "AUC/AUC_class10": 48.74134037100008,
    "AUC/AUC_class11": 57.79388434379569,
    "AUC/AUC_class12": 37.47776183644189,
    "AUC/AUC_class13": 58.58020672255228,
    "AUC/AUC_class14": 51.9844146429866,
    "AUC/AUC_class15": 57.35346358792185,
    "AUC/AUC_class16": 97.3663453111306,
    "AUC/AUC_class17": 45.55079067274189,
    "AUC/AUC_class18": 69.36041486603284,
    "AUC/AUC_class19": 53.9889759210908,
    "MAP_class1": 0.5518031729319364,
    "MAP_class2": 0.21822249853081105,
    "MAP_class3": 0.41120107412061724,
    "MAP_class4": 0.4723613690574874,
    "MAP_class5": 0.2196889807360602,
    "MAP_class6": 0.1581150880220208,
    "MAP_class7": 0.20863179560543585,
    "MAP_class8": 0.2189803992570553,
    "MAP_class9": 0.1709927884542539,
    "MAP_class10": 0.1442754836226387,
    "MAP_class11": 0.158459141510694,
    "MAP_class12": 0.0909516657719265,
    "MAP_class13": 0.050723610042758785,
    "MAP_class14": 0.08451927591496092,
    "MAP_class15": 0.04774267165019499,
    "MAP_class16": 0.506479827765854,
    "MAP_class17": 0.010250450032080352,
    "MAP_class18": 0.006771150878086769,
    "MAP_class19": 0.013790398281384248,
    "Aggregate": 39.64706739007541
}