{
    "multi-label/mAP": 31.030099868774414,
    "multi-label/precision": 20.252817153930664,
    "multi-label/recall": 48.66313552856445,
    "multi-label/f1-score": 28.548158645629883,
    "multi-label/precision_micro": 29.815746307373047,
    "multi-label/recall_micro": 73.10061645507812,
    "multi-label/f1-score_micro": 42.35573959350586,
    "AUC/AUC_multilabe": 70.16176842779944,
    "AUC/AUC_class1": 72.91896320572025,
    "AUC/AUC_class2": 71.72825329122749,
    "AUC/AUC_class3": 67.999928607125,
    "AUC/AUC_class4": 67.999928607125,
    "MAP_class1": 0.4967945617596165,
    "MAP_class2": 0.4960801565552724,
    "MAP_class3": 0.24784149767545838,
    "MAP_class4": -0.0,
    "Aggregate": 50.58983691377907
}