{
    "multi-label/mAP": 16.568986892700195,
    "multi-label/precision": 17.899682998657227,
    "multi-label/recall": 9.550519943237305,
    "multi-label/f1-score": 10.729608535766602,
    "multi-label/precision_micro": 29.67320442199707,
    "multi-label/recall_micro": 16.827280044555664,
    "multi-label/f1-score_micro": 21.475875854492188,
    "AUC/AUC_multilabe": 55.57820611076328,
    "AUC/AUC_class1": 72.1647052823501,
    "AUC/AUC_class2": 52.21115974884819,
    "AUC/AUC_class3": 53.310315810315814,
    "AUC/AUC_class4": 60.08748289730088,
    "AUC/AUC_class5": 59.47648269553286,
    "AUC/AUC_class6": 56.34906832298137,
    "AUC/AUC_class7": 48.40248921406843,
    "AUC/AUC_class8": 64.1496314837992,
    "AUC/AUC_class9": 64.57412628680088,
    "AUC/AUC_class10": 55.48696932017154,
    "AUC/AUC_class11": 69.26773882477369,
    "AUC/AUC_class12": 62.184361549497844,
    "AUC/AUC_class13": 49.639863270122895,
    "AUC/AUC_class14": 62.531714389271464,
    "AUC/AUC_class15": 53.95584876934788,
    "AUC/AUC_class16": 42.16038562664329,
    "AUC/AUC_class17": 68.0246582685607,
    "AUC/AUC_class18": 29.386343993085568,
    "AUC/AUC_class19": 32.62257035102988,
    "MAP_class1": 0.5985725206148649,
    "MAP_class2": 0.18020585929532532,
    "MAP_class3": 0.24458397261874162,
    "MAP_class4": 0.33018009645445545,
    "MAP_class5": 0.24832888485715382,
    "MAP_class6": 0.16224417462930116,
    "MAP_class7": 0.1726032755285168,
    "MAP_class8": 0.1815917534035832,
    "MAP_class9": 0.23822104184230392,
    "MAP_class10": 0.16409071322966026,
    "MAP_class11": 0.19966161380455894,
    "MAP_class12": 0.18253821754067542,
    "MAP_class13": 0.03662232099306885,
    "MAP_class14": 0.11634312389565532,
    "MAP_class15": 0.03701217924260802,
    "MAP_class16": 0.017890446556653304,
    "MAP_class17": 0.02676652332622245,
    "MAP_class18": 0.0028926615782735136,
    "MAP_class19": 0.007758121025038536,
    "Aggregate": 36.07359647758338
}