{
    "multi-label/mAP": 21.114086151123047,
    "multi-label/precision": 25.621023178100586,
    "multi-label/recall": 16.752647399902344,
    "multi-label/f1-score": 15.454861640930176,
    "multi-label/precision_micro": 25.49549674987793,
    "multi-label/recall_micro": 20.97850227355957,
    "multi-label/f1-score_micro": 23.017488479614258,
    "AUC/AUC_multilabe": 58.8310906055182,
    "AUC/AUC_class1": 74.7077048615981,
    "AUC/AUC_class2": 53.29610631118169,
    "AUC/AUC_class3": 68.55509355509355,
    "AUC/AUC_class4": 81.72519590364443,
    "AUC/AUC_class5": 43.30881231895106,
    "AUC/AUC_class6": 60.98881987577639,
    "AUC/AUC_class7": 50.19434558721196,
    "AUC/AUC_class8": 61.92462800723126,
    "AUC/AUC_class9": 68.31355320962558,
    "AUC/AUC_class10": 46.99228563453194,
    "AUC/AUC_class11": 49.82968861791147,
    "AUC/AUC_class12": 42.26183644189383,
    "AUC/AUC_class13": 51.59925124114919,
    "AUC/AUC_class14": 51.706536184607955,
    "AUC/AUC_class15": 44.77543770616595,
    "AUC/AUC_class16": 97.23049956178791,
    "AUC/AUC_class17": 63.04610024122219,
    "AUC/AUC_class18": 38.20224719101124,
    "AUC/AUC_class19": 69.13257905425007,
    "MAP_class1": 0.6670471078572435,
    "MAP_class2": 0.20971331378097516,
    "MAP_class3": 0.40612142363097903,
    "MAP_class4": 0.5728209236164836,
    "MAP_class5": 0.17067530923358964,
    "MAP_class6": 0.2003655231542831,
    "MAP_class7": 0.21009306876712522,
    "MAP_class8": 0.19861612910746837,
    "MAP_class9": 0.21993028400958248,
    "MAP_class10": 0.12766648539095654,
    "MAP_class11": 0.11263042635148926,
    "MAP_class12": 0.09552461951461594,
    "MAP_class13": 0.06412920588564569,
    "MAP_class14": 0.11388579603918367,
    "MAP_class15": 0.030123963081507128,
    "MAP_class16": 0.5524475446416695,
    "MAP_class17": 0.032319451141493795,
    "MAP_class18": 0.0033358945971543297,
    "MAP_class19": 0.024229810717939164,
    "Aggregate": 39.97258814623117
}