{
    "multi-label/mAP": 18.32512664794922,
    "multi-label/precision": 19.586313247680664,
    "multi-label/recall": 23.185928344726562,
    "multi-label/f1-score": 20.503414154052734,
    "multi-label/precision_micro": 28.673500061035156,
    "multi-label/recall_micro": 34.21052551269531,
    "multi-label/f1-score_micro": 31.198240280151367,
    "AUC/AUC_multilabe": 61.2558617870179,
    "AUC/AUC_class1": 70.05664214405019,
    "AUC/AUC_class2": 60.46187277343057,
    "AUC/AUC_class3": 62.28137478137479,
    "AUC/AUC_class4": 74.95542932957419,
    "AUC/AUC_class5": 59.71184631803628,
    "AUC/AUC_class6": 59.24285714285714,
    "AUC/AUC_class7": 54.04099648090344,
    "AUC/AUC_class8": 60.50062578222778,
    "AUC/AUC_class9": 63.40043275850764,
    "AUC/AUC_class10": 50.5386098916436,
    "AUC/AUC_class11": 58.43313528478551,
    "AUC/AUC_class12": 55.70803443328551,
    "AUC/AUC_class13": 73.65304793684382,
    "AUC/AUC_class14": 58.34239458741091,
    "AUC/AUC_class15": 47.94975894443035,
    "AUC/AUC_class16": 82.71691498685364,
    "AUC/AUC_class17": 51.89627445725007,
    "AUC/AUC_class18": 53.52203975799481,
    "AUC/AUC_class19": 66.4490861618799,
    "MAP_class1": 0.580698919326083,
    "MAP_class2": 0.23739338352869516,
    "MAP_class3": 0.33213707833398093,
    "MAP_class4": 0.4262608067810905,
    "MAP_class5": 0.2595648788234388,
    "MAP_class6": 0.1822419459143445,
    "MAP_class7": 0.20053312815679236,
    "MAP_class8": 0.18681608670763974,
    "MAP_class9": 0.18944932227730835,
    "MAP_class10": 0.14674492342009135,
    "MAP_class11": 0.1827045665822356,
    "MAP_class12": 0.14942050107946803,
    "MAP_class13": 0.1009695897768285,
    "MAP_class14": 0.0970546705525927,
    "MAP_class15": 0.04315265372347629,
    "MAP_class16": 0.12264817249731993,
    "MAP_class17": 0.018710763487297295,
    "MAP_class18": 0.004577258926916041,
    "MAP_class19": 0.020695645232616723,
    "Aggregate": 39.790494828056886
}