{
    "multi-label/mAP": 35.51241683959961,
    "multi-label/precision": 38.773345947265625,
    "multi-label/recall": 27.022550582885742,
    "multi-label/f1-score": 30.056198120117188,
    "multi-label/precision_micro": 43.42458724975586,
    "multi-label/recall_micro": 29.98517417907715,
    "multi-label/f1-score_micro": 35.47468185424805,
    "AUC/AUC_multilabe": 68.35255085283613,
    "AUC/AUC_class1": 77.08511302928689,
    "AUC/AUC_class2": 61.704050397517726,
    "AUC/AUC_class3": 71.33575883575884,
    "AUC/AUC_class4": 80.9623118703097,
    "AUC/AUC_class5": 64.15135691416374,
    "AUC/AUC_class6": 55.690993788819874,
    "AUC/AUC_class7": 60.728274052130345,
    "AUC/AUC_class8": 66.58253372270893,
    "AUC/AUC_class9": 76.12287718838108,
    "AUC/AUC_class10": 59.301646915522625,
    "AUC/AUC_class11": 64.5231281301521,
    "AUC/AUC_class12": 77.43543758967002,
    "AUC/AUC_class13": 69.87262960852934,
    "AUC/AUC_class14": 70.96572832346664,
    "AUC/AUC_class15": 55.18142603400151,
    "AUC/AUC_class16": 97.61612620508326,
    "AUC/AUC_class17": 56.49959796301259,
    "AUC/AUC_class18": 61.7761452031115,
    "AUC/AUC_class19": 71.16333043225993,
    "MAP_class1": 0.6653946999775227,
    "MAP_class2": 0.30099228795001354,
    "MAP_class3": 0.45935368059900483,
    "MAP_class4": 0.5777715890959779,
    "MAP_class5": 0.33994360501219906,
    "MAP_class6": 0.17825820312323098,
    "MAP_class7": 0.3173416235339391,
    "MAP_class8": 0.255687026948414,
    "MAP_class9": 0.34244199257713703,
    "MAP_class10": 0.2158010863707411,
    "MAP_class11": 0.22240664267770657,
    "MAP_class12": 0.43832116565270035,
    "MAP_class13": 0.16640766252335631,
    "MAP_class14": 0.30522950733048654,
    "MAP_class15": 0.2074070206400518,
    "MAP_class16": 0.6771018301807785,
    "MAP_class17": 0.24431380570654934,
    "MAP_class18": 0.5019903121678697,
    "MAP_class19": 0.3294957260100545,
    "Aggregate": 51.92801086872789
}