{
    "multi-label/mAP": 19.831850051879883,
    "multi-label/precision": 15.561807632446289,
    "multi-label/recall": 11.618304252624512,
    "multi-label/f1-score": 12.010627746582031,
    "multi-label/precision_micro": 37.410926818847656,
    "multi-label/recall_micro": 23.350629806518555,
    "multi-label/f1-score_micro": 28.75399398803711,
    "AUC/AUC_multilabe": 60.31811735827887,
    "AUC/AUC_class1": 73.00780303706442,
    "AUC/AUC_class2": 58.90366593884182,
    "AUC/AUC_class3": 65.92334092334093,
    "AUC/AUC_class4": 77.31249222604586,
    "AUC/AUC_class5": 58.60363622503431,
    "AUC/AUC_class6": 54.94223602484472,
    "AUC/AUC_class7": 57.448257351333076,
    "AUC/AUC_class8": 57.390488110137674,
    "AUC/AUC_class9": 49.091862828666976,
    "AUC/AUC_class10": 50.49483594285279,
    "AUC/AUC_class11": 64.46246928173703,
    "AUC/AUC_class12": 67.00430416068866,
    "AUC/AUC_class13": 50.215675103768206,
    "AUC/AUC_class14": 49.40296403688937,
    "AUC/AUC_class15": 55.181426034001525,
    "AUC/AUC_class16": 94.16301489921122,
    "AUC/AUC_class17": 64.64084695792013,
    "AUC/AUC_class18": 41.421780466724286,
    "AUC/AUC_class19": 56.43313025819554,
    "MAP_class1": 0.6054951276235968,
    "MAP_class2": 0.2253334937183633,
    "MAP_class3": 0.36998141811467267,
    "MAP_class4": 0.5045787516243897,
    "MAP_class5": 0.22958249600987285,
    "MAP_class6": 0.15522124862004885,
    "MAP_class7": 0.22637719752145488,
    "MAP_class8": 0.15497405622654886,
    "MAP_class9": 0.13642896124289805,
    "MAP_class10": 0.1360191482759952,
    "MAP_class11": 0.18248339630700997,
    "MAP_class12": 0.21123848622439523,
    "MAP_class13": 0.045483331953872885,
    "MAP_class14": 0.077030666158452,
    "MAP_class15": 0.0340710561950036,
    "MAP_class16": 0.4378649514116749,
    "MAP_class17": 0.017240089398384183,
    "MAP_class18": 0.003598398133836644,
    "MAP_class19": 0.015048977732242494,
    "Aggregate": 40.07498302780447
}