{
    "multi-label/mAP": 19.054174423217773,
    "multi-label/precision": 17.136032104492188,
    "multi-label/recall": 54.8887939453125,
    "multi-label/f1-score": 23.080949783325195,
    "multi-label/precision_micro": 18.490638732910156,
    "multi-label/recall_micro": 71.01556396484375,
    "multi-label/f1-score_micro": 29.341501235961914,
    "AUC/AUC_multilabe": 59.29595051273948,
    "AUC/AUC_class1": 76.48060078285371,
    "AUC/AUC_class2": 57.12815637438753,
    "AUC/AUC_class3": 68.11041811041811,
    "AUC/AUC_class4": 71.72892740163356,
    "AUC/AUC_class5": 52.60615185241653,
    "AUC/AUC_class6": 54.46521739130434,
    "AUC/AUC_class7": 47.44766089428792,
    "AUC/AUC_class8": 66.34265053539147,
    "AUC/AUC_class9": 70.22424759032194,
    "AUC/AUC_class10": 45.208973025097066,
    "AUC/AUC_class11": 51.528136373534075,
    "AUC/AUC_class12": 62.0803443328551,
    "AUC/AUC_class13": 58.19361927240173,
    "AUC/AUC_class14": 51.46590954854818,
    "AUC/AUC_class15": 51.834559756407,
    "AUC/AUC_class16": 88.92638036809815,
    "AUC/AUC_class17": 38.76306620209059,
    "AUC/AUC_class18": 65.14693171996542,
    "AUC/AUC_class19": 48.94110821003772,
    "MAP_class1": 0.634095734618571,
    "MAP_class2": 0.19609451026966349,
    "MAP_class3": 0.3842371541992947,
    "MAP_class4": 0.43969045069193297,
    "MAP_class5": 0.20850156847050721,
    "MAP_class6": 0.16448867577898868,
    "MAP_class7": 0.1771169205515899,
    "MAP_class8": 0.2032039561864483,
    "MAP_class9": 0.2550409223997511,
    "MAP_class10": 0.12711976459187863,
    "MAP_class11": 0.1179764353844463,
    "MAP_class12": 0.20270195153350318,
    "MAP_class13": 0.05637061327079928,
    "MAP_class14": 0.08466158285973613,
    "MAP_class15": 0.03496076435810447,
    "MAP_class16": 0.3042734709838135,
    "MAP_class17": 0.009234458356852607,
    "MAP_class18": 0.009770217376800307,
    "MAP_class19": 0.010754113382606168,
    "Aggregate": 39.17506279654155
}