{
    "multi-label/mAP": 19.91019630432129,
    "multi-label/precision": 15.568408012390137,
    "multi-label/recall": 13.257479667663574,
    "multi-label/f1-score": 12.462725639343262,
    "multi-label/precision_micro": 31.240732192993164,
    "multi-label/recall_micro": 23.424758911132812,
    "multi-label/f1-score_micro": 26.773990631103516,
    "AUC/AUC_multilabe": 58.15537532821979,
    "AUC/AUC_class1": 72.49811936606699,
    "AUC/AUC_class2": 55.37458602785236,
    "AUC/AUC_class3": 65.11979011979012,
    "AUC/AUC_class4": 79.87478751192005,
    "AUC/AUC_class5": 45.544290288153675,
    "AUC/AUC_class6": 52.7472049689441,
    "AUC/AUC_class7": 50.416525836531,
    "AUC/AUC_class8": 63.90070921985816,
    "AUC/AUC_class9": 74.18792210346862,
    "AUC/AUC_class10": 44.5273047935646,
    "AUC/AUC_class11": 54.236787258531116,
    "AUC/AUC_class12": 36.80272596843616,
    "AUC/AUC_class13": 61.42467648734436,
    "AUC/AUC_class14": 55.84954291007208,
    "AUC/AUC_class15": 49.18041106318193,
    "AUC/AUC_class16": 95.90709903593338,
    "AUC/AUC_class17": 52.09729295095149,
    "AUC/AUC_class18": 35.65254969749352,
    "AUC/AUC_class19": 59.60980562808239,
    "MAP_class1": 0.6029359854431529,
    "MAP_class2": 0.20396843459176683,
    "MAP_class3": 0.3477621755040036,
    "MAP_class4": 0.5318127542954523,
    "MAP_class5": 0.1737195373817575,
    "MAP_class6": 0.14759420811240576,
    "MAP_class7": 0.18057041060789925,
    "MAP_class8": 0.19914897407861654,
    "MAP_class9": 0.2532367211959078,
    "MAP_class10": 0.11980970243932013,
    "MAP_class11": 0.13014957094632434,
    "MAP_class12": 0.08811212200968696,
    "MAP_class13": 0.05370632009587187,
    "MAP_class14": 0.10203813686907262,
    "MAP_class15": 0.041579429304143524,
    "MAP_class16": 0.5708474380903638,
    "MAP_class17": 0.013402455931003377,
    "MAP_class18": 0.0037479842865787566,
    "MAP_class19": 0.018793958227006802,
    "Aggregate": 39.03278324150551
}