{
    "multi-label/mAP": 24.93062400817871,
    "multi-label/precision": 27.01795768737793,
    "multi-label/recall": 15.342733383178711,
    "multi-label/f1-score": 19.00116729736328,
    "multi-label/precision_micro": 42.047027587890625,
    "multi-label/recall_micro": 22.53521156311035,
    "multi-label/f1-score_micro": 29.343629837036133,
    "AUC/AUC_multilabe": 68.10746465888342,
    "AUC/AUC_class1": 81.1187540640818,
    "AUC/AUC_class2": 53.745337916192184,
    "AUC/AUC_class3": 69.09505659505659,
    "AUC/AUC_class4": 80.85990298105227,
    "AUC/AUC_class5": 62.82684098185699,
    "AUC/AUC_class6": 58.106832298136645,
    "AUC/AUC_class7": 56.38258743066187,
    "AUC/AUC_class8": 69.83868724794884,
    "AUC/AUC_class9": 74.12694249557406,
    "AUC/AUC_class10": 53.42134646128861,
    "AUC/AUC_class11": 68.04134133822753,
    "AUC/AUC_class12": 66.43830703012912,
    "AUC/AUC_class13": 78.46707902661349,
    "AUC/AUC_class14": 63.3542748983126,
    "AUC/AUC_class15": 51.339761481857394,
    "AUC/AUC_class16": 96.75284837861525,
    "AUC/AUC_class17": 64.08469579201287,
    "AUC/AUC_class18": 69.61970613656007,
    "AUC/AUC_class19": 76.4215259646069,
    "MAP_class1": 0.7350777713369051,
    "MAP_class2": 0.1971777962583256,
    "MAP_class3": 0.3895951577731803,
    "MAP_class4": 0.5438206324755755,
    "MAP_class5": 0.3036429527957639,
    "MAP_class6": 0.17565107295427781,
    "MAP_class7": 0.21954599479263665,
    "MAP_class8": 0.24720971083093968,
    "MAP_class9": 0.2967611370690782,
    "MAP_class10": 0.158371121864666,
    "MAP_class11": 0.2314703756020786,
    "MAP_class12": 0.23071191887645576,
    "MAP_class13": 0.15800220430491185,
    "MAP_class14": 0.13044168272702228,
    "MAP_class15": 0.031160129936287282,
    "MAP_class16": 0.6020049941482118,
    "MAP_class17": 0.0294578773095585,
    "MAP_class18": 0.009959932779338161,
    "MAP_class19": 0.04675552667138426,
    "Aggregate": 46.51904283077486
}