{
    "multi-label/mAP": 16.799922943115234,
    "multi-label/precision": 16.44576072692871,
    "multi-label/recall": 18.615015029907227,
    "multi-label/f1-score": 17.002716064453125,
    "multi-label/precision_micro": 25.7021541595459,
    "multi-label/recall_micro": 29.169755935668945,
    "multi-label/f1-score_micro": 27.32638931274414,
    "AUC/AUC_multilabe": 56.92992749782526,
    "AUC/AUC_class1": 62.60598487842817,
    "AUC/AUC_class2": 51.86796769711343,
    "AUC/AUC_class3": 63.22517572517572,
    "AUC/AUC_class4": 77.0276545462084,
    "AUC/AUC_class5": 63.41239137063577,
    "AUC/AUC_class6": 59.97639751552795,
    "AUC/AUC_class7": 51.01646221444619,
    "AUC/AUC_class8": 55.447086636072875,
    "AUC/AUC_class9": 55.7733919087273,
    "AUC/AUC_class10": 50.01586012637349,
    "AUC/AUC_class11": 50.19753009612094,
    "AUC/AUC_class12": 51.12123385939742,
    "AUC/AUC_class13": 58.85488727923822,
    "AUC/AUC_class14": 61.20474406991261,
    "AUC/AUC_class15": 52.19741182441005,
    "AUC/AUC_class16": 71.88869412795793,
    "AUC/AUC_class17": 58.28866255695524,
    "AUC/AUC_class18": 28.13310285220398,
    "AUC/AUC_class19": 59.4139831737743,
    "MAP_class1": 0.47199741377653626,
    "MAP_class2": 0.19160348244060182,
    "MAP_class3": 0.34775153517536933,
    "MAP_class4": 0.4842997572187178,
    "MAP_class5": 0.29405809776018604,
    "MAP_class6": 0.1886496496860509,
    "MAP_class7": 0.19836233063742037,
    "MAP_class8": 0.1444073774136336,
    "MAP_class9": 0.14698191466601473,
    "MAP_class10": 0.13163365153985668,
    "MAP_class11": 0.11769504266294867,
    "MAP_class12": 0.11615652651590379,
    "MAP_class13": 0.05554412031723663,
    "MAP_class14": 0.11631475286215862,
    "MAP_class15": 0.03616911774912635,
    "MAP_class16": 0.09932701808082388,
    "MAP_class17": 0.015467609851690892,
    "MAP_class18": 0.0030007190689173287,
    "MAP_class19": 0.03256522375464919,
    "Aggregate": 36.86492517306485
}