{
    "multi-label/mAP": 28.299272537231445,
    "multi-label/precision": 30.405941009521484,
    "multi-label/recall": 23.829702377319336,
    "multi-label/f1-score": 25.089750289916992,
    "multi-label/precision_micro": 41.09910583496094,
    "multi-label/recall_micro": 32.43143081665039,
    "multi-label/f1-score_micro": 36.2544059753418,
    "AUC/AUC_multilabe": 70.03402826640594,
    "AUC/AUC_class1": 86.86871262638498,
    "AUC/AUC_class2": 60.7549180413502,
    "AUC/AUC_class3": 74.25048675048676,
    "AUC/AUC_class4": 77.39458518180686,
    "AUC/AUC_class5": 66.07714590638817,
    "AUC/AUC_class6": 57.16086956521739,
    "AUC/AUC_class7": 56.10076147682764,
    "AUC/AUC_class8": 71.457377277152,
    "AUC/AUC_class9": 77.28476821192054,
    "AUC/AUC_class10": 58.63615601289111,
    "AUC/AUC_class11": 76.18440289918188,
    "AUC/AUC_class12": 74.02367288378767,
    "AUC/AUC_class13": 70.40774802636933,
    "AUC/AUC_class14": 65.4715879344368,
    "AUC/AUC_class15": 56.102512052778486,
    "AUC/AUC_class16": 96.95004382120946,
    "AUC/AUC_class17": 55.41409809702493,
    "AUC/AUC_class18": 80.50993949870356,
    "AUC/AUC_class19": 69.59675079779518,
    "MAP_class1": 0.7846529139265139,
    "MAP_class2": 0.23292787562213882,
    "MAP_class3": 0.4938583639630021,
    "MAP_class4": 0.5486485482823839,
    "MAP_class5": 0.3310453303368966,
    "MAP_class6": 0.1937527747042444,
    "MAP_class7": 0.21036808453259437,
    "MAP_class8": 0.26301994793646694,
    "MAP_class9": 0.36344803029013945,
    "MAP_class10": 0.21051216759624647,
    "MAP_class11": 0.2871706298689099,
    "MAP_class12": 0.32412354138641863,
    "MAP_class13": 0.11980945692364954,
    "MAP_class14": 0.13265733138288352,
    "MAP_class15": 0.034102755623370715,
    "MAP_class16": 0.6688122528249475,
    "MAP_class17": 0.014810902265363534,
    "MAP_class18": 0.14370692866455578,
    "MAP_class19": 0.019433478030283502,
    "Aggregate": 49.16664917046879
}