{
    "multi-label/mAP": 19.232011795043945,
    "multi-label/precision": 18.212682723999023,
    "multi-label/recall": 25.296619415283203,
    "multi-label/f1-score": 18.721675872802734,
    "multi-label/precision_micro": 15.876288414001465,
    "multi-label/recall_micro": 31.622177124023438,
    "multi-label/f1-score_micro": 21.139328002929688,
    "AUC/AUC_multilabe": 57.16987485401698,
    "AUC/AUC_class1": 49.15685982422166,
    "AUC/AUC_class2": 70.01667828678451,
    "AUC/AUC_class3": 54.75298065253088,
    "AUC/AUC_class4": 54.75298065253088,
    "MAP_class1": 0.21145576273374683,
    "MAP_class2": 0.40787526208026836,
    "MAP_class3": 0.15011430390169622,
    "MAP_class4": -0.0,
    "Aggregate": 38.20300403595488
}