{
    "multi-label/mAP": 17.10967445373535,
    "multi-label/precision": 11.54911994934082,
    "multi-label/recall": 9.873369216918945,
    "multi-label/f1-score": 7.043703556060791,
    "multi-label/precision_micro": 24.453916549682617,
    "multi-label/recall_micro": 17.012601852416992,
    "multi-label/f1-score_micro": 20.065574645996094,
    "AUC/AUC_multilabe": 59.161402339899794,
    "AUC/AUC_class1": 67.4255077711619,
    "AUC/AUC_class2": 52.24459093805828,
    "AUC/AUC_class3": 63.04326304326304,
    "AUC/AUC_class4": 60.19155023010904,
    "AUC/AUC_class5": 60.47320475682268,
    "AUC/AUC_class6": 55.079503105590064,
    "AUC/AUC_class7": 47.430761278008625,
    "AUC/AUC_class8": 57.341816159087756,
    "AUC/AUC_class9": 63.151924463969564,
    "AUC/AUC_class10": 51.50607760042632,
    "AUC/AUC_class11": 55.81469499486733,
    "AUC/AUC_class12": 59.68507890961262,
    "AUC/AUC_class13": 54.23008057296329,
    "AUC/AUC_class14": 51.150779267850666,
    "AUC/AUC_class15": 48.45216950012687,
    "AUC/AUC_class16": 92.14723926380368,
    "AUC/AUC_class17": 63.113106405789345,
    "AUC/AUC_class18": 63.35350043215211,
    "AUC/AUC_class19": 58.231795764432846,
    "MAP_class1": 0.5218752347663271,
    "MAP_class2": 0.18238832458573304,
    "MAP_class3": 0.324056073750977,
    "MAP_class4": 0.2897018896106984,
    "MAP_class5": 0.2699629039178426,
    "MAP_class6": 0.16034624133764994,
    "MAP_class7": 0.16898700772993244,
    "MAP_class8": 0.1395448896164238,
    "MAP_class9": 0.17316290164481793,
    "MAP_class10": 0.14231741797041128,
    "MAP_class11": 0.12351207250085688,
    "MAP_class12": 0.14847987769549315,
    "MAP_class13": 0.04253917767642202,
    "MAP_class14": 0.08244580740342572,
    "MAP_class15": 0.031160873120550395,
    "MAP_class16": 0.3838117795900558,
    "MAP_class17": 0.03626292432760966,
    "MAP_class18": 0.015354082160184523,
    "MAP_class19": 0.014928503418627354,
    "Aggregate": 38.13553796685527
}