{
    "multi-label/mAP": 33.29742431640625,
    "multi-label/precision": 36.0593376159668,
    "multi-label/recall": 30.329299926757812,
    "multi-label/f1-score": 29.767925262451172,
    "multi-label/precision_micro": 40.501644134521484,
    "multi-label/recall_micro": 36.50852584838867,
    "multi-label/f1-score_micro": 38.40155792236328,
    "AUC/AUC_multilabe": 68.754508551153,
    "AUC/AUC_class1": 76.90374341778124,
    "AUC/AUC_class2": 62.597551165390364,
    "AUC/AUC_class3": 72.73001023001024,
    "AUC/AUC_class4": 78.60794394460798,
    "AUC/AUC_class5": 64.77502286933984,
    "AUC/AUC_class6": 56.58447204968944,
    "AUC/AUC_class7": 57.324989562001704,
    "AUC/AUC_class8": 69.92838270059798,
    "AUC/AUC_class9": 75.49045964199068,
    "AUC/AUC_class10": 55.69315096302687,
    "AUC/AUC_class11": 68.34074719258408,
    "AUC/AUC_class12": 73.0164992826399,
    "AUC/AUC_class13": 64.37291446243998,
    "AUC/AUC_class14": 61.965889412428,
    "AUC/AUC_class15": 65.92489215935042,
    "AUC/AUC_class16": 96.7703768624014,
    "AUC/AUC_class17": 54.75743768426696,
    "AUC/AUC_class18": 79.17026793431288,
    "AUC/AUC_class19": 71.3809109370467,
    "MAP_class1": 0.6678653713481646,
    "MAP_class2": 0.275574875116828,
    "MAP_class3": 0.47374786755250337,
    "MAP_class4": 0.5446660518724508,
    "MAP_class5": 0.319380981603937,
    "MAP_class6": 0.19616719944012445,
    "MAP_class7": 0.2984575096057128,
    "MAP_class8": 0.2720890891655804,
    "MAP_class9": 0.32238827168218026,
    "MAP_class10": 0.20748719084157408,
    "MAP_class11": 0.2483862506892564,
    "MAP_class12": 0.380350975995661,
    "MAP_class13": 0.16226958412456294,
    "MAP_class14": 0.24926769997617584,
    "MAP_class15": 0.2008842895723878,
    "MAP_class16": 0.4232666948860993,
    "MAP_class17": 0.250605227517395,
    "MAP_class18": 0.4202572021308341,
    "MAP_class19": 0.4138684553934666,
    "Aggregate": 51.02720371903675
}