{
    "multi-label/mAP": 20.07988929748535,
    "multi-label/precision": 16.816234588623047,
    "multi-label/recall": 27.702404022216797,
    "multi-label/f1-score": 20.487075805664062,
    "multi-label/precision_micro": 21.780105590820312,
    "multi-label/recall_micro": 42.710472106933594,
    "multi-label/f1-score_micro": 28.84882164001465,
    "AUC/AUC_multilabe": 53.510837660197794,
    "AUC/AUC_class1": 68.20572024430209,
    "AUC/AUC_class2": 46.55155914639982,
    "AUC/AUC_class3": 49.643035625044625,
    "AUC/AUC_class4": 49.643035625044625,
    "MAP_class1": 0.40912639549752,
    "MAP_class2": 0.25984140195831895,
    "MAP_class3": 0.13447070959510687,
    "MAP_class4": -0.0,
    "Aggregate": 36.798400168235716
}