{
    "multi-label/mAP": 25.11525535583496,
    "multi-label/precision": 26.114604949951172,
    "multi-label/recall": 22.700624465942383,
    "multi-label/f1-score": 23.2209529876709,
    "multi-label/precision_micro": 40.77458572387695,
    "multi-label/recall_micro": 34.72943115234375,
    "multi-label/f1-score_micro": 37.510009765625,
    "AUC/AUC_multilabe": 67.54941306340244,
    "AUC/AUC_class1": 87.518328212059,
    "AUC/AUC_class2": 55.877620952997844,
    "AUC/AUC_class3": 71.0115335115335,
    "AUC/AUC_class4": 82.77208839504125,
    "AUC/AUC_class5": 63.1775041927123,
    "AUC/AUC_class6": 61.40496894409938,
    "AUC/AUC_class7": 55.8522377080144,
    "AUC/AUC_class8": 68.3778334028647,
    "AUC/AUC_class9": 74.23119795423251,
    "AUC/AUC_class10": 56.98606846499354,
    "AUC/AUC_class11": 68.3384141599527,
    "AUC/AUC_class12": 71.67216642754663,
    "AUC/AUC_class13": 76.55041914218279,
    "AUC/AUC_class14": 61.03459385445612,
    "AUC/AUC_class15": 54.81603653894951,
    "AUC/AUC_class16": 95.07011393514462,
    "AUC/AUC_class17": 48.12382739212008,
    "AUC/AUC_class18": 71.43474503025064,
    "AUC/AUC_class19": 59.18914998549462,
    "MAP_class1": 0.8020900684757066,
    "MAP_class2": 0.2104211721804711,
    "MAP_class3": 0.3948483892453115,
    "MAP_class4": 0.5558147884678353,
    "MAP_class5": 0.32679117158549925,
    "MAP_class6": 0.20096925001570287,
    "MAP_class7": 0.21118270568183306,
    "MAP_class8": 0.20901710953378372,
    "MAP_class9": 0.32041760718257006,
    "MAP_class10": 0.17930203075563161,
    "MAP_class11": 0.19578332870498433,
    "MAP_class12": 0.2575447706618063,
    "MAP_class13": 0.16087885032486532,
    "MAP_class14": 0.13378506288604708,
    "MAP_class15": 0.03576336840409295,
    "MAP_class16": 0.5399305018302073,
    "MAP_class17": 0.011833886337044821,
    "MAP_class18": 0.01333629288389748,
    "MAP_class19": 0.013409080148627699,
    "Aggregate": 46.33554715092732
}