{
    "multi-label/mAP": 19.829044342041016,
    "multi-label/precision": 22.817781448364258,
    "multi-label/recall": 11.292468070983887,
    "multi-label/f1-score": 13.032547950744629,
    "multi-label/precision_micro": 33.98564910888672,
    "multi-label/recall_micro": 19.31060028076172,
    "multi-label/f1-score_micro": 24.62774658203125,
    "AUC/AUC_multilabe": 58.935770992206834,
    "AUC/AUC_class1": 71.26614476418763,
    "AUC/AUC_class2": 59.1857415978019,
    "AUC/AUC_class3": 67.57870507870508,
    "AUC/AUC_class4": 73.37451801484308,
    "AUC/AUC_class5": 54.40520658636987,
    "AUC/AUC_class6": 55.78385093167702,
    "AUC/AUC_class7": 44.801379803964444,
    "AUC/AUC_class8": 66.04366569322765,
    "AUC/AUC_class9": 73.01029440692413,
    "AUC/AUC_class10": 48.902479254954706,
    "AUC/AUC_class11": 55.08756649142998,
    "AUC/AUC_class12": 47.51362984218078,
    "AUC/AUC_class13": 60.338162285342236,
    "AUC/AUC_class14": 60.39225162095767,
    "AUC/AUC_class15": 44.71707688403958,
    "AUC/AUC_class16": 94.7940403155127,
    "AUC/AUC_class17": 49.44384883409274,
    "AUC/AUC_class18": 40.31979256698357,
    "AUC/AUC_class19": 52.82129387873513,
    "MAP_class1": 0.5899063961785675,
    "MAP_class2": 0.22148882130701947,
    "MAP_class3": 0.37471663092133645,
    "MAP_class4": 0.4394594912864455,
    "MAP_class5": 0.21009851701341875,
    "MAP_class6": 0.16511751535397728,
    "MAP_class7": 0.16819792960150393,
    "MAP_class8": 0.20296013690854325,
    "MAP_class9": 0.24404612938832176,
    "MAP_class10": 0.13059495512097744,
    "MAP_class11": 0.15294475252571615,
    "MAP_class12": 0.12793489656184684,
    "MAP_class13": 0.07364790921116826,
    "MAP_class14": 0.10685168019276119,
    "MAP_class15": 0.029252340196448595,
    "MAP_class16": 0.5006028379549903,
    "MAP_class17": 0.012256500186972006,
    "MAP_class18": 0.003457296372413078,
    "MAP_class19": 0.013983608326132504,
    "Aggregate": 39.382407455599626
}