{
    "multi-label/mAP": 19.678098678588867,
    "multi-label/precision": 17.873401641845703,
    "multi-label/recall": 50.053707122802734,
    "multi-label/f1-score": 25.887311935424805,
    "multi-label/precision_micro": 25.30035400390625,
    "multi-label/recall_micro": 73.51129913330078,
    "multi-label/f1-score_micro": 37.644588470458984,
    "AUC/AUC_multilabe": 61.214724006465524,
    "AUC/AUC_class1": 64.77133919261135,
    "AUC/AUC_class2": 53.23312690535755,
    "AUC/AUC_class3": 63.4272149639466,
    "AUC/AUC_class4": 63.4272149639466,
    "MAP_class1": 0.34715618275662763,
    "MAP_class2": 0.2801473563655185,
    "MAP_class3": 0.15983300118864585,
    "MAP_class4": -0.0,
    "Aggregate": 40.44656875711766
}