{
    "multi-label/mAP": 26.166311264038086,
    "multi-label/precision": 25.49712371826172,
    "multi-label/recall": 23.91119384765625,
    "multi-label/f1-score": 23.858299255371094,
    "multi-label/precision_micro": 38.87240219116211,
    "multi-label/recall_micro": 33.98814010620117,
    "multi-label/f1-score_micro": 36.266563415527344,
    "AUC/AUC_multilabe": 67.76767989158272,
    "AUC/AUC_class1": 84.05939615713174,
    "AUC/AUC_class2": 57.82916662313647,
    "AUC/AUC_class3": 68.2015807015807,
    "AUC/AUC_class4": 85.26721671711098,
    "AUC/AUC_class5": 68.99060451288305,
    "AUC/AUC_class6": 56.40993788819875,
    "AUC/AUC_class7": 59.878819810326654,
    "AUC/AUC_class8": 72.0490891392018,
    "AUC/AUC_class9": 75.96026490066225,
    "AUC/AUC_class10": 55.041616971604036,
    "AUC/AUC_class11": 64.94385168133886,
    "AUC/AUC_class12": 62.52833572453371,
    "AUC/AUC_class13": 80.21689590624237,
    "AUC/AUC_class14": 64.52519028633563,
    "AUC/AUC_class15": 51.63664044658716,
    "AUC/AUC_class16": 97.10780017528484,
    "AUC/AUC_class17": 49.56445993031359,
    "AUC/AUC_class18": 55.46672428694901,
    "AUC/AUC_class19": 77.90832608064984,
    "MAP_class1": 0.7579556119563707,
    "MAP_class2": 0.21257614967607813,
    "MAP_class3": 0.390728864305489,
    "MAP_class4": 0.6383410261736482,
    "MAP_class5": 0.3297171805199968,
    "MAP_class6": 0.1518239908420574,
    "MAP_class7": 0.24765989479533088,
    "MAP_class8": 0.26339196777260954,
    "MAP_class9": 0.28866590714262463,
    "MAP_class10": 0.16044315705403622,
    "MAP_class11": 0.21587982062846586,
    "MAP_class12": 0.19531815984856435,
    "MAP_class13": 0.16627290472569775,
    "MAP_class14": 0.13923788040418172,
    "MAP_class15": 0.031054954960277863,
    "MAP_class16": 0.7277152946721143,
    "MAP_class17": 0.011734128497884837,
    "MAP_class18": 0.007752702229348649,
    "MAP_class19": 0.03408203761647871,
    "Aggregate": 46.96371266637361
}