{
    "multi-label/mAP": 23.88790512084961,
    "multi-label/precision": 28.108993530273438,
    "multi-label/recall": 15.813505172729492,
    "multi-label/f1-score": 18.308246612548828,
    "multi-label/precision_micro": 37.71428298950195,
    "multi-label/recall_micro": 22.016307830810547,
    "multi-label/f1-score_micro": 27.802480697631836,
    "AUC/AUC_multilabe": 64.19444098467325,
    "AUC/AUC_class1": 79.52866213614516,
    "AUC/AUC_class2": 54.593654342398054,
    "AUC/AUC_class3": 62.55692505692506,
    "AUC/AUC_class4": 80.15506447199303,
    "AUC/AUC_class5": 63.19417975301113,
    "AUC/AUC_class6": 58.11552795031054,
    "AUC/AUC_class7": 50.682943316698804,
    "AUC/AUC_class8": 62.59977749965234,
    "AUC/AUC_class9": 70.96059274801652,
    "AUC/AUC_class10": 55.05049864237318,
    "AUC/AUC_class11": 52.77708650884997,
    "AUC/AUC_class12": 75.49497847919656,
    "AUC/AUC_class13": 69.80955481403109,
    "AUC/AUC_class14": 59.306914743667186,
    "AUC/AUC_class15": 44.97589444303476,
    "AUC/AUC_class16": 92.30499561787904,
    "AUC/AUC_class17": 49.825783972125436,
    "AUC/AUC_class18": 68.19360414866034,
    "AUC/AUC_class19": 69.5677400638236,
    "MAP_class1": 0.6964544956022967,
    "MAP_class2": 0.1935254371691021,
    "MAP_class3": 0.36074357795578843,
    "MAP_class4": 0.5900493707469072,
    "MAP_class5": 0.2855637566890019,
    "MAP_class6": 0.17513099348349473,
    "MAP_class7": 0.1903582229101176,
    "MAP_class8": 0.2394569869351925,
    "MAP_class9": 0.27703549283485635,
    "MAP_class10": 0.16007100379764289,
    "MAP_class11": 0.12204547378317894,
    "MAP_class12": 0.29287806885023043,
    "MAP_class13": 0.08638291287924353,
    "MAP_class14": 0.13404409396855246,
    "MAP_class15": 0.027179091092723866,
    "MAP_class16": 0.5422954797062864,
    "MAP_class17": 0.012102083529628969,
    "MAP_class18": 0.12990493965409153,
    "MAP_class19": 0.02299059060003409,
    "Aggregate": 44.03988384020076
}