{
    "multi-label/mAP": 26.022014617919922,
    "multi-label/precision": 27.590194702148438,
    "multi-label/recall": 22.942718505859375,
    "multi-label/f1-score": 24.53952407836914,
    "multi-label/precision_micro": 41.767242431640625,
    "multi-label/recall_micro": 35.91549301147461,
    "multi-label/f1-score_micro": 38.6209602355957,
    "AUC/AUC_multilabe": 66.46472261067629,
    "AUC/AUC_class1": 87.16292027387131,
    "AUC/AUC_class2": 58.48003008807028,
    "AUC/AUC_class3": 72.9550292050292,
    "AUC/AUC_class4": 82.79489199386376,
    "AUC/AUC_class5": 64.96083625552676,
    "AUC/AUC_class6": 56.80993788819877,
    "AUC/AUC_class7": 54.859633775374284,
    "AUC/AUC_class8": 69.66068696982339,
    "AUC/AUC_class9": 75.09737066421873,
    "AUC/AUC_class10": 57.02603598345471,
    "AUC/AUC_class11": 68.82679565744859,
    "AUC/AUC_class12": 69.14418938307031,
    "AUC/AUC_class13": 68.02311386017743,
    "AUC/AUC_class14": 62.854899118037935,
    "AUC/AUC_class15": 41.56559248921593,
    "AUC/AUC_class16": 96.92375109553024,
    "AUC/AUC_class17": 44.33127847761994,
    "AUC/AUC_class18": 64.67156439066551,
    "AUC/AUC_class19": 66.68117203365244,
    "MAP_class1": 0.797866946867009,
    "MAP_class2": 0.21015466889400694,
    "MAP_class3": 0.47640216225998966,
    "MAP_class4": 0.5711972305111402,
    "MAP_class5": 0.32274199894752376,
    "MAP_class6": 0.2114728396558087,
    "MAP_class7": 0.22063072577337248,
    "MAP_class8": 0.2644218558074808,
    "MAP_class9": 0.3107907040045607,
    "MAP_class10": 0.18863816515535042,
    "MAP_class11": 0.2540096305209759,
    "MAP_class12": 0.23762980730261363,
    "MAP_class13": 0.07577852793170631,
    "MAP_class14": 0.13854624750604566,
    "MAP_class15": 0.025321432844951364,
    "MAP_class16": 0.5806419776504456,
    "MAP_class17": 0.020593684151446252,
    "MAP_class18": 0.014036366985436933,
    "MAP_class19": 0.02325727174931063,
    "Aggregate": 46.243235633020184
}