{
    "multi-label/mAP": 20.891233444213867,
    "multi-label/precision": 22.55551528930664,
    "multi-label/recall": 21.854167938232422,
    "multi-label/f1-score": 19.31869888305664,
    "multi-label/precision_micro": 26.093849182128906,
    "multi-label/recall_micro": 30.504077911376953,
    "multi-label/f1-score_micro": 28.12713623046875,
    "AUC/AUC_multilabe": 61.25338610127782,
    "AUC/AUC_class1": 75.81504762147621,
    "AUC/AUC_class2": 54.48865951378513,
    "AUC/AUC_class3": 68.02833052833053,
    "AUC/AUC_class4": 76.38210539408765,
    "AUC/AUC_class5": 50.73277176398842,
    "AUC/AUC_class6": 57.63354037267081,
    "AUC/AUC_class7": 45.75670517128258,
    "AUC/AUC_class8": 61.56932276456683,
    "AUC/AUC_class9": 67.31820864205626,
    "AUC/AUC_class10": 46.854619737610065,
    "AUC/AUC_class11": 56.399508507792326,
    "AUC/AUC_class12": 42.17718794835007,
    "AUC/AUC_class13": 61.28021486123546,
    "AUC/AUC_class14": 61.59236438323064,
    "AUC/AUC_class15": 48.62471453945699,
    "AUC/AUC_class16": 97.83523225241017,
    "AUC/AUC_class17": 63.575448941302604,
    "AUC/AUC_class18": 67.48055315471046,
    "AUC/AUC_class19": 60.269799825935586,
    "MAP_class1": 0.6393335172447043,
    "MAP_class2": 0.20400776213671618,
    "MAP_class3": 0.41446832488207086,
    "MAP_class4": 0.4557119282884389,
    "MAP_class5": 0.18969886549202736,
    "MAP_class6": 0.1689827504844088,
    "MAP_class7": 0.20937619043309666,
    "MAP_class8": 0.20801272704239532,
    "MAP_class9": 0.21117560504587093,
    "MAP_class10": 0.12373015714078098,
    "MAP_class11": 0.13773961928162023,
    "MAP_class12": 0.09482480347445699,
    "MAP_class13": 0.09792910066940647,
    "MAP_class14": 0.1343406151433837,
    "MAP_class15": 0.02874396103040098,
    "MAP_class16": 0.5834167590945378,
    "MAP_class17": 0.02541889775033942,
    "MAP_class18": 0.006735980497405444,
    "MAP_class19": 0.03568686782943911,
    "Aggregate": 41.07230997948496
}