{
    "multi-label/mAP": 30.726797103881836,
    "multi-label/precision": 22.62718391418457,
    "multi-label/recall": 51.318077087402344,
    "multi-label/f1-score": 28.847793579101562,
    "multi-label/precision_micro": 26.108375549316406,
    "multi-label/recall_micro": 65.29773712158203,
    "multi-label/f1-score_micro": 37.30205535888672,
    "AUC/AUC_multilabe": 70.71831269675098,
    "AUC/AUC_class1": 69.88269030239833,
    "AUC/AUC_class2": 73.94222750823663,
    "AUC/AUC_class3": 69.52416648818448,
    "AUC/AUC_class4": 69.52416648818448,
    "MAP_class1": 0.46883015117513155,
    "MAP_class2": 0.5184246661297566,
    "MAP_class3": 0.24186177879805265,
    "MAP_class4": -0.0,
    "Aggregate": 50.72311379966225
}