{
    "multi-label/mAP": 22.251882553100586,
    "multi-label/precision": 19.48526954650879,
    "multi-label/recall": 45.198875427246094,
    "multi-label/f1-score": 25.520675659179688,
    "multi-label/precision_micro": 21.262699127197266,
    "multi-label/recall_micro": 60.16427230834961,
    "multi-label/f1-score_micro": 31.420909881591797,
    "AUC/AUC_multilabe": 64.433033087254,
    "AUC/AUC_class1": 73.62207656785344,
    "AUC/AUC_class2": 63.42397025249833,
    "AUC/AUC_class3": 60.343042764332125,
    "AUC/AUC_class4": 60.343042764332125,
    "MAP_class1": 0.4297924112625712,
    "MAP_class2": 0.3362672015602629,
    "MAP_class3": 0.12402075010229299,
    "MAP_class4": -0.0,
    "Aggregate": 43.34252108019109
}