{
    "multi-label/mAP": 16.439760208129883,
    "multi-label/precision": 12.179022789001465,
    "multi-label/recall": 11.410575866699219,
    "multi-label/f1-score": 9.288841247558594,
    "multi-label/precision_micro": 28.218528747558594,
    "multi-label/recall_micro": 22.016307830810547,
    "multi-label/f1-score_micro": 24.734540939331055,
    "AUC/AUC_multilabe": 56.31265313345043,
    "AUC/AUC_class1": 71.47110198773444,
    "AUC/AUC_class2": 52.143775008096625,
    "AUC/AUC_class3": 53.637841137841136,
    "AUC/AUC_class4": 70.60823417222937,
    "AUC/AUC_class5": 53.98402957767953,
    "AUC/AUC_class6": 55.53850931677019,
    "AUC/AUC_class7": 45.20697059466767,
    "AUC/AUC_class8": 60.154359616186916,
    "AUC/AUC_class9": 66.52809651826111,
    "AUC/AUC_class10": 56.11566472961657,
    "AUC/AUC_class11": 46.48334214701216,
    "AUC/AUC_class12": 54.40602582496413,
    "AUC/AUC_class13": 55.670627492471716,
    "AUC/AUC_class14": 45.38379445048528,
    "AUC/AUC_class15": 43.823902562801315,
    "AUC/AUC_class16": 79.26818580192813,
    "AUC/AUC_class17": 61.417850442240685,
    "AUC/AUC_class18": 38.78565254969749,
    "AUC/AUC_class19": 59.31244560487381,
    "MAP_class1": 0.5839794953212103,
    "MAP_class2": 0.17753027618424888,
    "MAP_class3": 0.2656316741435165,
    "MAP_class4": 0.3986169421779998,
    "MAP_class5": 0.2338415557424391,
    "MAP_class6": 0.16102059431959176,
    "MAP_class7": 0.16274707218156353,
    "MAP_class8": 0.15618086392119518,
    "MAP_class9": 0.21092068966832792,
    "MAP_class10": 0.15940821390338655,
    "MAP_class11": 0.10438574141474391,
    "MAP_class12": 0.13757711092997987,
    "MAP_class13": 0.047444507474687855,
    "MAP_class14": 0.07159125947940578,
    "MAP_class15": 0.03062215367512767,
    "MAP_class16": 0.17939850913540076,
    "MAP_class17": 0.024485910313891385,
    "MAP_class18": 0.003643203749362673,
    "MAP_class19": 0.014617147127305847,
    "Aggregate": 36.3764395163657
}