{
    "multi-label/mAP": 17.310134887695312,
    "multi-label/precision": 17.49171257019043,
    "multi-label/recall": 7.926264762878418,
    "multi-label/f1-score": 7.875727653503418,
    "multi-label/precision_micro": 28.561405181884766,
    "multi-label/recall_micro": 15.085248947143555,
    "multi-label/f1-score_micro": 19.74290657043457,
    "AUC/AUC_multilabe": 55.433978662138124,
    "AUC/AUC_class1": 72.10541750073313,
    "AUC/AUC_class2": 47.47907938862713,
    "AUC/AUC_class3": 58.330858330858334,
    "AUC/AUC_class4": 65.14490650524482,
    "AUC/AUC_class5": 39.91223890837018,
    "AUC/AUC_class6": 49.98850931677019,
    "AUC/AUC_class7": 54.98091337455513,
    "AUC/AUC_class8": 52.21874565429009,
    "AUC/AUC_class9": 57.52540816995607,
    "AUC/AUC_class10": 51.954601974268535,
    "AUC/AUC_class11": 51.14474134444893,
    "AUC/AUC_class12": 61.636298421807744,
    "AUC/AUC_class13": 58.4235370717018,
    "AUC/AUC_class14": 51.51826346099634,
    "AUC/AUC_class15": 54.12585638162902,
    "AUC/AUC_class16": 86.82296231375986,
    "AUC/AUC_class17": 55.192977753953365,
    "AUC/AUC_class18": 37.51080380293863,
    "AUC/AUC_class19": 47.22947490571511,
    "MAP_class1": 0.6095889595310844,
    "MAP_class2": 0.16499853343150112,
    "MAP_class3": 0.30862092011515396,
    "MAP_class4": 0.37865650789766403,
    "MAP_class5": 0.15835872463079087,
    "MAP_class6": 0.15799852468640696,
    "MAP_class7": 0.20899565865124098,
    "MAP_class8": 0.13828579460639284,
    "MAP_class9": 0.16364267697202592,
    "MAP_class10": 0.15855862296419404,
    "MAP_class11": 0.12021641370134174,
    "MAP_class12": 0.1612560098699557,
    "MAP_class13": 0.07208019154714881,
    "MAP_class14": 0.08226471873602094,
    "MAP_class15": 0.03686441182056648,
    "MAP_class16": 0.3251319361469075,
    "MAP_class17": 0.028551402868267486,
    "MAP_class18": 0.004938240546197588,
    "MAP_class19": 0.00995826308229486,
    "Aggregate": 36.372164362135265
}