{
    "multi-label/mAP": 18.484010696411133,
    "multi-label/precision": 11.856971740722656,
    "multi-label/recall": 5.237452507019043,
    "multi-label/f1-score": 5.896018981933594,
    "multi-label/precision_micro": 22.277721405029297,
    "multi-label/recall_micro": 8.265381813049316,
    "multi-label/f1-score_micro": 12.057313919067383,
    "AUC/AUC_multilabe": 57.96208432943966,
    "AUC/AUC_class1": 72.2319618518188,
    "AUC/AUC_class2": 54.121438794805634,
    "AUC/AUC_class3": 59.752334752334754,
    "AUC/AUC_class4": 62.49015299141756,
    "AUC/AUC_class5": 59.344507546882156,
    "AUC/AUC_class6": 50.9583850931677,
    "AUC/AUC_class7": 44.97534644213373,
    "AUC/AUC_class8": 46.60478375747462,
    "AUC/AUC_class9": 60.230148842698824,
    "AUC/AUC_class10": 52.57568452305428,
    "AUC/AUC_class11": 40.35213239182506,
    "AUC/AUC_class12": 54.966284074605454,
    "AUC/AUC_class13": 48.488239602832266,
    "AUC/AUC_class14": 54.226571624179456,
    "AUC/AUC_class15": 52.56787617356,
    "AUC/AUC_class16": 92.48466257668711,
    "AUC/AUC_class17": 54.92495309568481,
    "AUC/AUC_class18": 78.11149524632671,
    "AUC/AUC_class19": 61.872642877864806,
    "MAP_class1": 0.575271288042781,
    "MAP_class2": 0.19571616897880875,
    "MAP_class3": 0.2914897454984689,
    "MAP_class4": 0.2815854265997199,
    "MAP_class5": 0.2379255779381419,
    "MAP_class6": 0.14359437637608008,
    "MAP_class7": 0.15727042664259902,
    "MAP_class8": 0.11796216405479995,
    "MAP_class9": 0.17740656383392106,
    "MAP_class10": 0.14265740698461493,
    "MAP_class11": 0.08543287549305296,
    "MAP_class12": 0.12902804735659634,
    "MAP_class13": 0.04810500570446636,
    "MAP_class14": 0.09572823242460202,
    "MAP_class15": 0.03699756516064667,
    "MAP_class16": 0.3660311895280271,
    "MAP_class17": 0.014252186462599507,
    "MAP_class18": 0.39945169878296144,
    "MAP_class19": 0.016055869455904842,
    "Aggregate": 38.22304694187455
}