{
    "multi-label/mAP": 20.82868003845215,
    "multi-label/precision": 19.71270751953125,
    "multi-label/recall": 14.446455955505371,
    "multi-label/f1-score": 15.756370544433594,
    "multi-label/precision_micro": 35.304054260253906,
    "multi-label/recall_micro": 23.239437103271484,
    "multi-label/f1-score_micro": 28.028610229492188,
    "AUC/AUC_multilabe": 60.57718541740351,
    "AUC/AUC_class1": 71.38057655773864,
    "AUC/AUC_class2": 55.84314503912494,
    "AUC/AUC_class3": 65.32439032439032,
    "AUC/AUC_class4": 81.2836353082632,
    "AUC/AUC_class5": 58.5254993139198,
    "AUC/AUC_class6": 52.38074534161491,
    "AUC/AUC_class7": 47.8597133029803,
    "AUC/AUC_class8": 71.16673619802532,
    "AUC/AUC_class9": 73.54337420497016,
    "AUC/AUC_class10": 45.550917349709444,
    "AUC/AUC_class11": 56.988210408436245,
    "AUC/AUC_class12": 47.446915351506455,
    "AUC/AUC_class13": 54.60445999837227,
    "AUC/AUC_class14": 63.87781402279409,
    "AUC/AUC_class15": 41.0733316417153,
    "AUC/AUC_class16": 96.19193689745838,
    "AUC/AUC_class17": 54.543017957652104,
    "AUC/AUC_class18": 49.87035436473639,
    "AUC/AUC_class19": 63.51174934725849,
    "MAP_class1": 0.5864674323117262,
    "MAP_class2": 0.2002107143273145,
    "MAP_class3": 0.34769174198226616,
    "MAP_class4": 0.5318212558617786,
    "MAP_class5": 0.22844459397205202,
    "MAP_class6": 0.146922235499872,
    "MAP_class7": 0.19017110821443062,
    "MAP_class8": 0.2438804841547857,
    "MAP_class9": 0.26084440356303207,
    "MAP_class10": 0.12119385546944506,
    "MAP_class11": 0.13259654954896577,
    "MAP_class12": 0.11083263633795243,
    "MAP_class13": 0.04427740313737167,
    "MAP_class14": 0.11561610319296609,
    "MAP_class15": 0.024696802784863456,
    "MAP_class16": 0.5997192173174476,
    "MAP_class17": 0.051433012744501794,
    "MAP_class18": 0.00449538431006957,
    "MAP_class19": 0.016134561763040744,
    "Aggregate": 40.702933488948815
}