{
    "multi-label/mAP": 21.238956451416016,
    "multi-label/precision": 18.69747543334961,
    "multi-label/recall": 36.802490234375,
    "multi-label/f1-score": 19.509151458740234,
    "multi-label/precision_micro": 21.163576126098633,
    "multi-label/recall_micro": 51.5400390625,
    "multi-label/f1-score_micro": 30.005977630615234,
    "AUC/AUC_multilabe": 60.02081430207258,
    "AUC/AUC_class1": 70.24728139430955,
    "AUC/AUC_class2": 66.82319648935734,
    "AUC/AUC_class3": 51.506389662311705,
    "AUC/AUC_class4": 51.506389662311705,
    "MAP_class1": 0.37289170606498884,
    "MAP_class2": 0.3790678888943888,
    "MAP_class3": 0.09759871313913497,
    "MAP_class4": -0.0,
    "Aggregate": 40.629886002267696
}