{
    "multi-label/mAP": 22.13807487487793,
    "multi-label/precision": 23.970979690551758,
    "multi-label/recall": 16.930700302124023,
    "multi-label/f1-score": 19.13591957092285,
    "multi-label/precision_micro": 33.75065231323242,
    "multi-label/recall_micro": 23.98072624206543,
    "multi-label/f1-score_micro": 28.039005279541016,
    "AUC/AUC_multilabe": 61.86355284807083,
    "AUC/AUC_class1": 75.71894403998418,
    "AUC/AUC_class2": 51.41351246878886,
    "AUC/AUC_class3": 66.28572253572254,
    "AUC/AUC_class4": 79.97139184874996,
    "AUC/AUC_class5": 60.09633709406922,
    "AUC/AUC_class6": 55.29658385093168,
    "AUC/AUC_class7": 51.89375111835696,
    "AUC/AUC_class8": 64.3825615352524,
    "AUC/AUC_class9": 72.34968198806637,
    "AUC/AUC_class10": 56.00274062983735,
    "AUC/AUC_class11": 48.05736149562946,
    "AUC/AUC_class12": 60.04949784791967,
    "AUC/AUC_class13": 72.88394237812322,
    "AUC/AUC_class14": 55.53843985340905,
    "AUC/AUC_class15": 47.183455975640705,
    "AUC/AUC_class16": 98.16827344434707,
    "AUC/AUC_class17": 45.621147145537385,
    "AUC/AUC_class18": 64.10976663785652,
    "AUC/AUC_class19": 50.3843922251233,
    "MAP_class1": 0.6365183038227982,
    "MAP_class2": 0.17687485223443805,
    "MAP_class3": 0.3775020695987865,
    "MAP_class4": 0.5068324081615426,
    "MAP_class5": 0.2810376088281822,
    "MAP_class6": 0.16356744137346374,
    "MAP_class7": 0.1908009810419236,
    "MAP_class8": 0.1953505598155211,
    "MAP_class9": 0.30057115949998,
    "MAP_class10": 0.17328920841694007,
    "MAP_class11": 0.1138092493810697,
    "MAP_class12": 0.15617738156633387,
    "MAP_class13": 0.09726816545156595,
    "MAP_class14": 0.11226318712174024,
    "MAP_class15": 0.02835471336034178,
    "MAP_class16": 0.6690242096783559,
    "MAP_class17": 0.010829323729133675,
    "MAP_class18": 0.006236784870185109,
    "MAP_class19": 0.01037416654183108,
    "Aggregate": 42.00199162007261
}