{
    "multi-label/mAP": 17.23240089416504,
    "multi-label/precision": 15.659034729003906,
    "multi-label/recall": 11.109123229980469,
    "multi-label/f1-score": 10.389318466186523,
    "multi-label/precision_micro": 27.320953369140625,
    "multi-label/recall_micro": 19.088212966918945,
    "multi-label/f1-score_micro": 22.474361419677734,
    "AUC/AUC_multilabe": 57.09178935208089,
    "AUC/AUC_class1": 69.88881947189249,
    "AUC/AUC_class2": 53.83884077351414,
    "AUC/AUC_class3": 68.37194337194337,
    "AUC/AUC_class4": 74.30158795969982,
    "AUC/AUC_class5": 47.15372007928038,
    "AUC/AUC_class6": 50.7751552795031,
    "AUC/AUC_class7": 50.66504960534425,
    "AUC/AUC_class8": 64.01682658879155,
    "AUC/AUC_class9": 70.8943675824536,
    "AUC/AUC_class10": 44.2389676960946,
    "AUC/AUC_class11": 54.01126077083398,
    "AUC/AUC_class12": 37.611908177905306,
    "AUC/AUC_class13": 52.10588426792544,
    "AUC/AUC_class14": 54.07253030486087,
    "AUC/AUC_class15": 47.9725957878711,
    "AUC/AUC_class16": 80.24978089395267,
    "AUC/AUC_class17": 60.96890913964085,
    "AUC/AUC_class18": 51.901469317199656,
    "AUC/AUC_class19": 51.7043806208297,
    "MAP_class1": 0.5744637162804301,
    "MAP_class2": 0.18621638911331417,
    "MAP_class3": 0.364662909633022,
    "MAP_class4": 0.48694881093132825,
    "MAP_class5": 0.17321317676349707,
    "MAP_class6": 0.14331411206791547,
    "MAP_class7": 0.18902880567970318,
    "MAP_class8": 0.20875060397497797,
    "MAP_class9": 0.223625912499018,
    "MAP_class10": 0.11652266620863096,
    "MAP_class11": 0.13271129986470365,
    "MAP_class12": 0.08783227300437245,
    "MAP_class13": 0.041818743643945125,
    "MAP_class14": 0.08683056840512723,
    "MAP_class15": 0.03160401803264274,
    "MAP_class16": 0.19172831136506324,
    "MAP_class17": 0.018051226124825254,
    "MAP_class18": 0.004250878418847124,
    "MAP_class19": 0.012581906678203515,
    "Aggregate": 37.16209554101299
}