{
    "multi-label/mAP": 22.681608200073242,
    "multi-label/precision": 28.580228805541992,
    "multi-label/recall": 14.2249174118042,
    "multi-label/f1-score": 17.400009155273438,
    "multi-label/precision_micro": 38.251365661621094,
    "multi-label/recall_micro": 23.350629806518555,
    "multi-label/f1-score_micro": 28.99884796142578,
    "AUC/AUC_multilabe": 67.40990719083686,
    "AUC/AUC_class1": 79.44722112430034,
    "AUC/AUC_class2": 59.702357943563975,
    "AUC/AUC_class3": 69.54468204468205,
    "AUC/AUC_class4": 77.30420000829223,
    "AUC/AUC_class5": 63.86310794328403,
    "AUC/AUC_class6": 58.89937888198759,
    "AUC/AUC_class7": 56.807563075332524,
    "AUC/AUC_class8": 66.43026004728132,
    "AUC/AUC_class9": 72.10281293029966,
    "AUC/AUC_class10": 50.301976806151195,
    "AUC/AUC_class11": 75.43161103679971,
    "AUC/AUC_class12": 72.72022955523674,
    "AUC/AUC_class13": 79.6980548547245,
    "AUC/AUC_class14": 60.04993757802747,
    "AUC/AUC_class15": 53.94316163410302,
    "AUC/AUC_class16": 90.50394390885188,
    "AUC/AUC_class17": 62.96569284374163,
    "AUC/AUC_class18": 61.23595505617978,
    "AUC/AUC_class19": 69.83608935306064,
    "MAP_class1": 0.6653116869121312,
    "MAP_class2": 0.23458590899828963,
    "MAP_class3": 0.38941267019654346,
    "MAP_class4": 0.5052600892638341,
    "MAP_class5": 0.2871523439409548,
    "MAP_class6": 0.19017954956417793,
    "MAP_class7": 0.2170566940958731,
    "MAP_class8": 0.21817100392200955,
    "MAP_class9": 0.27173188025675354,
    "MAP_class10": 0.13029611037991667,
    "MAP_class11": 0.3351189735147585,
    "MAP_class12": 0.2949328202833209,
    "MAP_class13": 0.15938040496907602,
    "MAP_class14": 0.10985109221849049,
    "MAP_class15": 0.03798536093247613,
    "MAP_class16": 0.19559704516013648,
    "MAP_class17": 0.03765354805004985,
    "MAP_class18": 0.0061162407692501005,
    "MAP_class19": 0.023712274308226033,
    "Aggregate": 45.045758063145456
}