{
    "multi-label/mAP": 21.533750534057617,
    "multi-label/precision": 15.865645408630371,
    "multi-label/recall": 59.92026901245117,
    "multi-label/f1-score": 24.406204223632812,
    "multi-label/precision_micro": 19.303682327270508,
    "multi-label/recall_micro": 78.50259399414062,
    "multi-label/f1-score_micro": 30.987565994262695,
    "AUC/AUC_multilabe": 60.72154097879591,
    "AUC/AUC_class1": 77.9994517473958,
    "AUC/AUC_class2": 56.33729980463649,
    "AUC/AUC_class3": 67.4095799095799,
    "AUC/AUC_class4": 72.22231435797504,
    "AUC/AUC_class5": 57.96138893123951,
    "AUC/AUC_class6": 51.44534161490682,
    "AUC/AUC_class7": 51.153647334831106,
    "AUC/AUC_class8": 64.64539007092198,
    "AUC/AUC_class9": 64.80820929775096,
    "AUC/AUC_class10": 53.694775039967524,
    "AUC/AUC_class11": 47.81628145705664,
    "AUC/AUC_class12": 73.85150645624104,
    "AUC/AUC_class13": 70.97745584764385,
    "AUC/AUC_class14": 54.26583705851555,
    "AUC/AUC_class15": 54.1563055062167,
    "AUC/AUC_class16": 93.38737949167397,
    "AUC/AUC_class17": 36.63227016885553,
    "AUC/AUC_class18": 65.83837510803802,
    "AUC/AUC_class19": 39.10646939367566,
    "MAP_class1": 0.6560049388398537,
    "MAP_class2": 0.2040359669232913,
    "MAP_class3": 0.3649006247066866,
    "MAP_class4": 0.48982713700619657,
    "MAP_class5": 0.24822584995994007,
    "MAP_class6": 0.15319033888260208,
    "MAP_class7": 0.20370394475258105,
    "MAP_class8": 0.20438392415716922,
    "MAP_class9": 0.24010715301035326,
    "MAP_class10": 0.15188137558129228,
    "MAP_class11": 0.10737890688363827,
    "MAP_class12": 0.3083393678830068,
    "MAP_class13": 0.09382666899860441,
    "MAP_class14": 0.09779678095002373,
    "MAP_class15": 0.037706268017993455,
    "MAP_class16": 0.504955057303161,
    "MAP_class17": 0.008767750793717301,
    "MAP_class18": 0.007880539151116674,
    "MAP_class19": 0.008499756961417417,
    "Aggregate": 41.127645096668076
}