{
    "multi-label/mAP": 21.16717529296875,
    "multi-label/precision": 24.131763458251953,
    "multi-label/recall": 19.670373916625977,
    "multi-label/f1-score": 19.350492477416992,
    "multi-label/precision_micro": 32.307090759277344,
    "multi-label/recall_micro": 30.726463317871094,
    "multi-label/f1-score_micro": 31.496957778930664,
    "AUC/AUC_multilabe": 62.31857785404563,
    "AUC/AUC_class1": 75.98334842090499,
    "AUC/AUC_class2": 53.21200597582507,
    "AUC/AUC_class3": 72.00091575091577,
    "AUC/AUC_class4": 62.70575065301214,
    "AUC/AUC_class5": 55.15322457691722,
    "AUC/AUC_class6": 50.89378881987577,
    "AUC/AUC_class7": 51.130286100562664,
    "AUC/AUC_class8": 64.42080378250591,
    "AUC/AUC_class9": 65.2514589207265,
    "AUC/AUC_class10": 53.44672266348618,
    "AUC/AUC_class11": 64.1902821414129,
    "AUC/AUC_class12": 74.17073170731706,
    "AUC/AUC_class13": 61.951656222023274,
    "AUC/AUC_class14": 67.08851838427772,
    "AUC/AUC_class15": 48.949505201725444,
    "AUC/AUC_class16": 95.51270815074496,
    "AUC/AUC_class17": 49.953095684803,
    "AUC/AUC_class18": 49.89196197061365,
    "AUC/AUC_class19": 68.14621409921672,
    "MAP_class1": 0.6172976089985663,
    "MAP_class2": 0.19316464778886372,
    "MAP_class3": 0.44075326544621996,
    "MAP_class4": 0.3271128941810839,
    "MAP_class5": 0.2251405497940495,
    "MAP_class6": 0.13979350915535477,
    "MAP_class7": 0.19999098737712026,
    "MAP_class8": 0.24060810033765104,
    "MAP_class9": 0.23044436790630543,
    "MAP_class10": 0.1495447476314628,
    "MAP_class11": 0.19934001940184534,
    "MAP_class12": 0.27328161045961014,
    "MAP_class13": 0.06240100324009518,
    "MAP_class14": 0.14937477690273043,
    "MAP_class15": 0.03333249996687787,
    "MAP_class16": 0.4496047402866254,
    "MAP_class17": 0.012265360113205906,
    "MAP_class18": 0.0045444541522473006,
    "MAP_class19": 0.07339139816845086,
    "Aggregate": 41.74188508836062
}