{
    "multi-label/mAP": 20.09971809387207,
    "multi-label/precision": 17.28005027770996,
    "multi-label/recall": 51.49758529663086,
    "multi-label/f1-score": 25.44853973388672,
    "multi-label/precision_micro": 24.489795684814453,
    "multi-label/recall_micro": 73.9219741821289,
    "multi-label/f1-score_micro": 36.7910041809082,
    "AUC/AUC_multilabe": 62.44015928402949,
    "AUC/AUC_class1": 62.37189036198421,
    "AUC/AUC_class2": 60.72707760871645,
    "AUC/AUC_class3": 63.33083458270865,
    "AUC/AUC_class4": 63.33083458270865,
    "MAP_class1": 0.3389497867761585,
    "MAP_class2": 0.3083584502125142,
    "MAP_class3": 0.1518083260977224,
    "MAP_class4": -0.0,
    "Aggregate": 41.209036680594686
}