{
    "multi-label/mAP": 19.366439819335938,
    "multi-label/precision": 18.631628036499023,
    "multi-label/recall": 11.035797119140625,
    "multi-label/f1-score": 12.326568603515625,
    "multi-label/precision_micro": 38.0,
    "multi-label/recall_micro": 20.422534942626953,
    "multi-label/f1-score_micro": 26.567020416259766,
    "AUC/AUC_multilabe": 59.17144147869793,
    "AUC/AUC_class1": 73.52306485955809,
    "AUC/AUC_class2": 58.22981853132606,
    "AUC/AUC_class3": 71.66575916575917,
    "AUC/AUC_class4": 74.14735270948213,
    "AUC/AUC_class5": 50.847118463180365,
    "AUC/AUC_class6": 55.351552795031054,
    "AUC/AUC_class7": 50.12525597948188,
    "AUC/AUC_class8": 61.81268251981644,
    "AUC/AUC_class9": 68.62369680676676,
    "AUC/AUC_class10": 46.42639632552592,
    "AUC/AUC_class11": 57.051202289482696,
    "AUC/AUC_class12": 36.12984218077475,
    "AUC/AUC_class13": 69.73630666558151,
    "AUC/AUC_class14": 59.45390842092545,
    "AUC/AUC_class15": 45.19665059629535,
    "AUC/AUC_class16": 90.2979842243646,
    "AUC/AUC_class17": 41.9190565532029,
    "AUC/AUC_class18": 57.627484874675886,
    "AUC/AUC_class19": 56.092254134029595,
    "MAP_class1": 0.5783189946874192,
    "MAP_class2": 0.21744060982240976,
    "MAP_class3": 0.4168379422195342,
    "MAP_class4": 0.4601551233182914,
    "MAP_class5": 0.20124109575833052,
    "MAP_class6": 0.1673974805842498,
    "MAP_class7": 0.19775658367265947,
    "MAP_class8": 0.19905897215190396,
    "MAP_class9": 0.213464876220323,
    "MAP_class10": 0.12530016596878663,
    "MAP_class11": 0.15919228921191977,
    "MAP_class12": 0.08569657554339598,
    "MAP_class13": 0.08001120674643195,
    "MAP_class14": 0.11689564454503631,
    "MAP_class15": 0.03156928732213623,
    "MAP_class16": 0.38683067527186943,
    "MAP_class17": 0.01375096930216568,
    "MAP_class18": 0.010378972665799123,
    "MAP_class19": 0.018320640407808883,
    "Aggregate": 39.26892627992915
}