{
    "multi-label/mAP": 20.469728469848633,
    "multi-label/precision": 25.93528175354004,
    "multi-label/recall": 9.996342658996582,
    "multi-label/f1-score": 12.02755355834961,
    "multi-label/precision_micro": 36.78844451904297,
    "multi-label/recall_micro": 16.048925399780273,
    "multi-label/f1-score_micro": 22.348384857177734,
    "AUC/AUC_multilabe": 60.351300415651906,
    "AUC/AUC_class1": 69.78745649041834,
    "AUC/AUC_class2": 53.80540958430405,
    "AUC/AUC_class3": 65.08555258555259,
    "AUC/AUC_class4": 77.72544467017704,
    "AUC/AUC_class5": 52.93394572343345,
    "AUC/AUC_class6": 53.77018633540372,
    "AUC/AUC_class7": 54.03354076783904,
    "AUC/AUC_class8": 60.76136837713808,
    "AUC/AUC_class9": 55.867811946757584,
    "AUC/AUC_class10": 54.091278199304696,
    "AUC/AUC_class11": 68.7288082869319,
    "AUC/AUC_class12": 58.508608321377324,
    "AUC/AUC_class13": 47.76186213070725,
    "AUC/AUC_class14": 53.04961540010471,
    "AUC/AUC_class15": 53.9913727480335,
    "AUC/AUC_class16": 95.12269938650306,
    "AUC/AUC_class17": 62.918788528544624,
    "AUC/AUC_class18": 42.89109766637856,
    "AUC/AUC_class19": 65.83986074847694,
    "MAP_class1": 0.5935769895125786,
    "MAP_class2": 0.20551926785448385,
    "MAP_class3": 0.34089018697825174,
    "MAP_class4": 0.5482967135251993,
    "MAP_class5": 0.21115328914354112,
    "MAP_class6": 0.15352302133978518,
    "MAP_class7": 0.2184125494041083,
    "MAP_class8": 0.18954632386239142,
    "MAP_class9": 0.1741901170264104,
    "MAP_class10": 0.15187786515037305,
    "MAP_class11": 0.23592193413578808,
    "MAP_class12": 0.1807866124652966,
    "MAP_class13": 0.047247260046358874,
    "MAP_class14": 0.08554432789346032,
    "MAP_class15": 0.03351172716433287,
    "MAP_class16": 0.46028836180680316,
    "MAP_class17": 0.014833469870869916,
    "MAP_class18": 0.0037859129114836457,
    "MAP_class19": 0.04034249037805389,
    "Aggregate": 40.41051447221956
}