{
    "multi-label/mAP": 24.255422592163086,
    "multi-label/precision": 25.292455673217773,
    "multi-label/recall": 24.716379165649414,
    "multi-label/f1-score": 23.643198013305664,
    "multi-label/precision_micro": 33.86187744140625,
    "multi-label/recall_micro": 35.61897659301758,
    "multi-label/f1-score_micro": 34.71820831298828,
    "AUC/AUC_multilabe": 66.12940241734104,
    "AUC/AUC_class1": 83.52245923168134,
    "AUC/AUC_class2": 60.64940085040587,
    "AUC/AUC_class3": 66.85847935847936,
    "AUC/AUC_class4": 80.98843235623366,
    "AUC/AUC_class5": 62.04499542613203,
    "AUC/AUC_class6": 52.59689440993789,
    "AUC/AUC_class7": 56.90945782054596,
    "AUC/AUC_class8": 71.42122097065777,
    "AUC/AUC_class9": 74.61412366402203,
    "AUC/AUC_class10": 52.771715685030586,
    "AUC/AUC_class11": 66.74106448502192,
    "AUC/AUC_class12": 64.18651362984218,
    "AUC/AUC_class13": 70.67428989989419,
    "AUC/AUC_class14": 67.80133703837944,
    "AUC/AUC_class15": 51.52753108348135,
    "AUC/AUC_class16": 98.26029798422437,
    "AUC/AUC_class17": 52.21790404717234,
    "AUC/AUC_class18": 56.15816767502161,
    "AUC/AUC_class19": 66.51436031331592,
    "MAP_class1": 0.7324245658398154,
    "MAP_class2": 0.22324246671441594,
    "MAP_class3": 0.3550174146767431,
    "MAP_class4": 0.5277914192311415,
    "MAP_class5": 0.2888306473116631,
    "MAP_class6": 0.17941027158079792,
    "MAP_class7": 0.22676698206974125,
    "MAP_class8": 0.22488711513200899,
    "MAP_class9": 0.3258125100758922,
    "MAP_class10": 0.15416166830306732,
    "MAP_class11": 0.1955630095266692,
    "MAP_class12": 0.194637056251646,
    "MAP_class13": 0.125740745839029,
    "MAP_class14": 0.15005344401092283,
    "MAP_class15": 0.03186682083693827,
    "MAP_class16": 0.5515940280115563,
    "MAP_class17": 0.01461432579438678,
    "MAP_class18": 0.005574876829926625,
    "MAP_class19": 0.10054059541407101,
    "Aggregate": 45.192411638803236
}