{
    "multi-label/mAP": 17.3779296875,
    "multi-label/precision": 19.48994255065918,
    "multi-label/recall": 9.793013572692871,
    "multi-label/f1-score": 10.79128360748291,
    "multi-label/precision_micro": 24.336870193481445,
    "multi-label/recall_micro": 13.602667808532715,
    "multi-label/f1-score_micro": 17.45125961303711,
    "AUC/AUC_multilabe": 56.90840150265677,
    "AUC/AUC_class1": 63.9402787163239,
    "AUC/AUC_class2": 50.98569771936605,
    "AUC/AUC_class3": 56.0893310893311,
    "AUC/AUC_class4": 60.564285418135086,
    "AUC/AUC_class5": 42.808069065406315,
    "AUC/AUC_class6": 59.809316770186335,
    "AUC/AUC_class7": 56.262301926556255,
    "AUC/AUC_class8": 51.70490891392018,
    "AUC/AUC_class9": 51.03534194479052,
    "AUC/AUC_class10": 53.291927830080944,
    "AUC/AUC_class11": 55.51917752822969,
    "AUC/AUC_class12": 56.86298421807747,
    "AUC/AUC_class13": 63.07682916904045,
    "AUC/AUC_class14": 56.30461922596754,
    "AUC/AUC_class15": 49.62446079675209,
    "AUC/AUC_class16": 89.75021910604733,
    "AUC/AUC_class17": 59.52827660144734,
    "AUC/AUC_class18": 36.94900605012965,
    "AUC/AUC_class19": 67.15259646069043,
    "MAP_class1": 0.49518570363558684,
    "MAP_class2": 0.1821325821550892,
    "MAP_class3": 0.2758526670639362,
    "MAP_class4": 0.33024760024276417,
    "MAP_class5": 0.16611484263124549,
    "MAP_class6": 0.1795098816803773,
    "MAP_class7": 0.21092054259033638,
    "MAP_class8": 0.13457116997261187,
    "MAP_class9": 0.14306253979779293,
    "MAP_class10": 0.152293417696669,
    "MAP_class11": 0.16660662858982633,
    "MAP_class12": 0.14404240912880967,
    "MAP_class13": 0.09182359295368372,
    "MAP_class14": 0.0910085572269601,
    "MAP_class15": 0.03058942408548858,
    "MAP_class16": 0.47108673641507814,
    "MAP_class17": 0.017278780851004587,
    "MAP_class18": 0.0032441233341888366,
    "MAP_class19": 0.016240113186150155,
    "Aggregate": 37.14317789142733
}