{
    "multi-label/mAP": 23.688570022583008,
    "multi-label/precision": 29.353458404541016,
    "multi-label/recall": 20.921611785888672,
    "multi-label/f1-score": 22.14299201965332,
    "multi-label/precision_micro": 37.56410217285156,
    "multi-label/recall_micro": 32.579689025878906,
    "multi-label/f1-score_micro": 34.894798278808594,
    "AUC/AUC_multilabe": 65.59395339347247,
    "AUC/AUC_class1": 85.1573357473448,
    "AUC/AUC_class2": 59.82668017843898,
    "AUC/AUC_class3": 68.17023067023067,
    "AUC/AUC_class4": 80.65135370454827,
    "AUC/AUC_class5": 60.05631574935203,
    "AUC/AUC_class6": 61.8527950310559,
    "AUC/AUC_class7": 55.33729645903334,
    "AUC/AUC_class8": 67.34112084550131,
    "AUC/AUC_class9": 71.26090092452954,
    "AUC/AUC_class10": 45.86431344684955,
    "AUC/AUC_class11": 69.22185584969048,
    "AUC/AUC_class12": 67.90602582496415,
    "AUC/AUC_class13": 73.18710832587287,
    "AUC/AUC_class14": 63.29285973178689,
    "AUC/AUC_class15": 50.215681299162654,
    "AUC/AUC_class16": 92.89219982471516,
    "AUC/AUC_class17": 58.630393996247655,
    "AUC/AUC_class18": 47.70959377700951,
    "AUC/AUC_class19": 67.71105308964317,
    "MAP_class1": 0.7590110278997816,
    "MAP_class2": 0.2276182857846844,
    "MAP_class3": 0.3965747458398896,
    "MAP_class4": 0.5187999245572845,
    "MAP_class5": 0.2570724986379318,
    "MAP_class6": 0.2107893369763244,
    "MAP_class7": 0.2091137612347636,
    "MAP_class8": 0.21951220027873034,
    "MAP_class9": 0.253263620881009,
    "MAP_class10": 0.1251970067468291,
    "MAP_class11": 0.20599773158288748,
    "MAP_class12": 0.25902371400147334,
    "MAP_class13": 0.11705957408270147,
    "MAP_class14": 0.1429530641961951,
    "MAP_class15": 0.032122888963178345,
    "MAP_class16": 0.5075554488705843,
    "MAP_class17": 0.02069755078368498,
    "MAP_class18": 0.007408174812454989,
    "MAP_class19": 0.031057638577800698,
    "Aggregate": 44.64126141965252
}