{
    "multi-label/mAP": 23.318647384643555,
    "multi-label/precision": 26.037124633789062,
    "multi-label/recall": 18.005155563354492,
    "multi-label/f1-score": 19.897762298583984,
    "multi-label/precision_micro": 40.92058563232422,
    "multi-label/recall_micro": 29.98517417907715,
    "multi-label/f1-score_micro": 34.609622955322266,
    "AUC/AUC_multilabe": 65.86265669578563,
    "AUC/AUC_class1": 86.04888373219772,
    "AUC/AUC_class2": 55.251308517640176,
    "AUC/AUC_class3": 70.83622083622085,
    "AUC/AUC_class4": 82.62531614080186,
    "AUC/AUC_class5": 63.8905035066321,
    "AUC/AUC_class6": 53.6,
    "AUC/AUC_class7": 55.84428494741237,
    "AUC/AUC_class8": 66.79669030732862,
    "AUC/AUC_class9": 78.40469477411318,
    "AUC/AUC_class10": 56.7703707463141,
    "AUC/AUC_class11": 61.30432077643325,
    "AUC/AUC_class12": 68.21377331420373,
    "AUC/AUC_class13": 75.56563847969399,
    "AUC/AUC_class14": 61.13829487334381,
    "AUC/AUC_class15": 56.325805633088045,
    "AUC/AUC_class16": 90.26292725679228,
    "AUC/AUC_class17": 62.59715893862234,
    "AUC/AUC_class18": 55.76923076923076,
    "AUC/AUC_class19": 50.145053669857845,
    "MAP_class1": 0.7753119440559093,
    "MAP_class2": 0.197131092991791,
    "MAP_class3": 0.40809234211479595,
    "MAP_class4": 0.5606647897764894,
    "MAP_class5": 0.2936775257333343,
    "MAP_class6": 0.16098015097987156,
    "MAP_class7": 0.21481186750991246,
    "MAP_class8": 0.21894904213043756,
    "MAP_class9": 0.35861480996802736,
    "MAP_class10": 0.18347884075157578,
    "MAP_class11": 0.15932783508944406,
    "MAP_class12": 0.21563828525258613,
    "MAP_class13": 0.1040369505496704,
    "MAP_class14": 0.12533627635575378,
    "MAP_class15": 0.034874951871975354,
    "MAP_class16": 0.36570616966594266,
    "MAP_class17": 0.016638475356587766,
    "MAP_class18": 0.006553512185973612,
    "MAP_class19": 0.02270108097157847,
    "Aggregate": 44.569554514502435
}