{
    "multi-label/mAP": 20.131175994873047,
    "multi-label/precision": 17.370437622070312,
    "multi-label/recall": 50.749969482421875,
    "multi-label/f1-score": 25.433347702026367,
    "multi-label/precision_micro": 23.302871704101562,
    "multi-label/recall_micro": 73.30595397949219,
    "multi-label/f1-score_micro": 35.36404037475586,
    "AUC/AUC_multilabe": 62.40820301016787,
    "AUC/AUC_class1": 63.06345896022643,
    "AUC/AUC_class2": 61.196325308616665,
    "AUC/AUC_class3": 62.68651388591419,
    "AUC/AUC_class4": 62.68651388591419,
    "MAP_class1": 0.3329578205643511,
    "MAP_class2": 0.3360469825819594,
    "MAP_class3": 0.13625635728991448,
    "MAP_class4": -0.0,
    "Aggregate": 41.269866010536745
}