{
    "multi-label/mAP": 20.873722076416016,
    "multi-label/precision": 22.424898147583008,
    "multi-label/recall": 20.43225860595703,
    "multi-label/f1-score": 20.803625106811523,
    "multi-label/precision_micro": 32.145851135253906,
    "multi-label/recall_micro": 28.428464889526367,
    "multi-label/f1-score_micro": 30.1730899810791,
    "AUC/AUC_multilabe": 64.55478291522252,
    "AUC/AUC_class1": 68.11528604760872,
    "AUC/AUC_class2": 54.67044160511497,
    "AUC/AUC_class3": 60.48658548658549,
    "AUC/AUC_class4": 78.58659148389236,
    "AUC/AUC_class5": 63.3168642323525,
    "AUC/AUC_class6": 60.18571428571428,
    "AUC/AUC_class7": 54.60017496073325,
    "AUC/AUC_class8": 64.14406897510777,
    "AUC/AUC_class9": 65.43833191266147,
    "AUC/AUC_class10": 52.778694140634904,
    "AUC/AUC_class11": 68.90534108937071,
    "AUC/AUC_class12": 58.0961262553802,
    "AUC/AUC_class13": 75.77114022951086,
    "AUC/AUC_class14": 60.64395312311224,
    "AUC/AUC_class15": 53.864501395584874,
    "AUC/AUC_class16": 91.60385626643294,
    "AUC/AUC_class17": 57.08925221120344,
    "AUC/AUC_class18": 58.25410544511668,
    "AUC/AUC_class19": 79.98984624310994,
    "MAP_class1": 0.5734224126857731,
    "MAP_class2": 0.21396709265295966,
    "MAP_class3": 0.2961560663552708,
    "MAP_class4": 0.5186720058199823,
    "MAP_class5": 0.27943276261805317,
    "MAP_class6": 0.21319144214699717,
    "MAP_class7": 0.21967096711616504,
    "MAP_class8": 0.22241048875830388,
    "MAP_class9": 0.22016552434953307,
    "MAP_class10": 0.1590360394531359,
    "MAP_class11": 0.2326520517015577,
    "MAP_class12": 0.16080256710991642,
    "MAP_class13": 0.11966956387421201,
    "MAP_class14": 0.12408576463331786,
    "MAP_class15": 0.03134188777228804,
    "MAP_class16": 0.30190646549390887,
    "MAP_class17": 0.014276822861857972,
    "MAP_class18": 0.007247063125547484,
    "MAP_class19": 0.05780211950967988,
    "Aggregate": 42.71399437350195
}