{
    "multi-label/mAP": 21.644821166992188,
    "multi-label/precision": 27.12202262878418,
    "multi-label/recall": 15.205320358276367,
    "multi-label/f1-score": 15.312459945678711,
    "multi-label/precision_micro": 32.127349853515625,
    "multi-label/recall_micro": 24.684951782226562,
    "multi-label/f1-score_micro": 27.91867446899414,
    "AUC/AUC_multilabe": 61.71633937858162,
    "AUC/AUC_class1": 73.74316278002321,
    "AUC/AUC_class2": 55.993585390570324,
    "AUC/AUC_class3": 74.97359997359997,
    "AUC/AUC_class4": 76.71503793689624,
    "AUC/AUC_class5": 51.25257280073182,
    "AUC/AUC_class6": 55.30496894409937,
    "AUC/AUC_class7": 49.94582181839871,
    "AUC/AUC_class8": 65.5138367403699,
    "AUC/AUC_class9": 67.37263130286539,
    "AUC/AUC_class10": 47.0912528231025,
    "AUC/AUC_class11": 53.65663981086881,
    "AUC/AUC_class12": 41.497130559540885,
    "AUC/AUC_class13": 71.47188084967853,
    "AUC/AUC_class14": 60.62180339092264,
    "AUC/AUC_class15": 49.13981223039838,
    "AUC/AUC_class16": 93.99211218229622,
    "AUC/AUC_class17": 51.75556151165907,
    "AUC/AUC_class18": 78.5220397579948,
    "AUC/AUC_class19": 54.04699738903395,
    "MAP_class1": 0.5819682516614295,
    "MAP_class2": 0.2048297161852233,
    "MAP_class3": 0.4647803784328638,
    "MAP_class4": 0.5180134804727912,
    "MAP_class5": 0.2076629155277419,
    "MAP_class6": 0.16842804698102243,
    "MAP_class7": 0.20513654799062214,
    "MAP_class8": 0.22761546808425573,
    "MAP_class9": 0.2112022120247809,
    "MAP_class10": 0.12441799091393185,
    "MAP_class11": 0.13926561912302893,
    "MAP_class12": 0.09427301931444765,
    "MAP_class13": 0.13656127529867407,
    "MAP_class14": 0.13085555560562842,
    "MAP_class15": 0.0336714527280764,
    "MAP_class16": 0.5447557432689837,
    "MAP_class17": 0.09367564140280067,
    "MAP_class18": 0.009495330904130095,
    "MAP_class19": 0.015907528300022917,
    "Aggregate": 41.68058067408148
}