{
    "multi-label/mAP": 23.41118621826172,
    "multi-label/precision": 27.082284927368164,
    "multi-label/recall": 18.371292114257812,
    "multi-label/f1-score": 21.418176651000977,
    "multi-label/precision_micro": 36.7283935546875,
    "multi-label/recall_micro": 26.464048385620117,
    "multi-label/f1-score_micro": 30.762601852416992,
    "AUC/AUC_multilabe": 65.48466888794871,
    "AUC/AUC_class1": 81.0789101248231,
    "AUC/AUC_class2": 59.44065441552878,
    "AUC/AUC_class3": 70.23067023067023,
    "AUC/AUC_class4": 78.69729259090344,
    "AUC/AUC_class5": 57.5440234791889,
    "AUC/AUC_class6": 51.60434782608696,
    "AUC/AUC_class7": 50.98514821957573,
    "AUC/AUC_class8": 66.85092476706994,
    "AUC/AUC_class9": 64.081043865976,
    "AUC/AUC_class10": 54.570254015783995,
    "AUC/AUC_class11": 63.36827697763398,
    "AUC/AUC_class12": 63.94763271162124,
    "AUC/AUC_class13": 67.07292260112314,
    "AUC/AUC_class14": 58.37058515565221,
    "AUC/AUC_class15": 51.55798020806901,
    "AUC/AUC_class16": 97.37072743207713,
    "AUC/AUC_class17": 60.901902975073696,
    "AUC/AUC_class18": 72.60155574762317,
    "AUC/AUC_class19": 73.93385552654482,
    "MAP_class1": 0.7117443903082696,
    "MAP_class2": 0.21253425752918928,
    "MAP_class3": 0.43457253660212114,
    "MAP_class4": 0.5215909651952376,
    "MAP_class5": 0.2723110397316002,
    "MAP_class6": 0.15428642093964792,
    "MAP_class7": 0.19933786932583822,
    "MAP_class8": 0.226256578428691,
    "MAP_class9": 0.24328777030271326,
    "MAP_class10": 0.14773192950914346,
    "MAP_class11": 0.20727971427032105,
    "MAP_class12": 0.1978973347251765,
    "MAP_class13": 0.0859490212400175,
    "MAP_class14": 0.1262886258345359,
    "MAP_class15": 0.03233043300246767,
    "MAP_class16": 0.5884889905500159,
    "MAP_class17": 0.04207180734361243,
    "MAP_class18": 0.009349650859207737,
    "MAP_class19": 0.0348162896327283,
    "Aggregate": 44.44792819484419
}