{
    "multi-label/mAP": 19.665607452392578,
    "multi-label/precision": 16.426040649414062,
    "multi-label/recall": 9.516639709472656,
    "multi-label/f1-score": 10.97404956817627,
    "multi-label/precision_micro": 35.003684997558594,
    "multi-label/recall_micro": 17.605634689331055,
    "multi-label/f1-score_micro": 23.427865982055664,
    "AUC/AUC_multilabe": 60.91121420188758,
    "AUC/AUC_class1": 72.5548571355714,
    "AUC/AUC_class2": 58.43615165223205,
    "AUC/AUC_class3": 66.3057288057288,
    "AUC/AUC_class4": 75.17973381981011,
    "AUC/AUC_class5": 58.98336255526757,
    "AUC/AUC_class6": 55.18571428571428,
    "AUC/AUC_class7": 56.27323697238404,
    "AUC/AUC_class8": 57.42386316228618,
    "AUC/AUC_class9": 49.80591436627107,
    "AUC/AUC_class10": 50.19603116197629,
    "AUC/AUC_class11": 67.7450461940461,
    "AUC/AUC_class12": 66.40459110473458,
    "AUC/AUC_class13": 53.67258077643038,
    "AUC/AUC_class14": 51.658209496194274,
    "AUC/AUC_class15": 58.17812737883785,
    "AUC/AUC_class16": 91.5512708150745,
    "AUC/AUC_class17": 65.47842401500938,
    "AUC/AUC_class18": 45.41918755401901,
    "AUC/AUC_class19": 56.86103858427618,
    "MAP_class1": 0.6073018373554344,
    "MAP_class2": 0.2271375464223841,
    "MAP_class3": 0.39604892068509967,
    "MAP_class4": 0.47904819890565703,
    "MAP_class5": 0.22848750423211525,
    "MAP_class6": 0.1575189142005355,
    "MAP_class7": 0.216857269589495,
    "MAP_class8": 0.1506234034866658,
    "MAP_class9": 0.13589527219198508,
    "MAP_class10": 0.13414728509716572,
    "MAP_class11": 0.1940661792313747,
    "MAP_class12": 0.19957210555454447,
    "MAP_class13": 0.07573745063898527,
    "MAP_class14": 0.08000662429490381,
    "MAP_class15": 0.03696178695205666,
    "MAP_class16": 0.36606993360024276,
    "MAP_class17": 0.01875219625627452,
    "MAP_class18": 0.003795425972513943,
    "MAP_class19": 0.028437739602807363,
    "Aggregate": 40.28841129639179
}