{
    "multi-label/mAP": 17.58421516418457,
    "multi-label/precision": 20.995351791381836,
    "multi-label/recall": 12.403717041015625,
    "multi-label/f1-score": 10.188281059265137,
    "multi-label/precision_micro": 24.94510269165039,
    "multi-label/recall_micro": 21.052631378173828,
    "multi-label/f1-score_micro": 22.834169387817383,
    "AUC/AUC_multilabe": 54.99554352673118,
    "AUC/AUC_class1": 70.75614234167611,
    "AUC/AUC_class2": 41.127153438711225,
    "AUC/AUC_class3": 55.45449295449295,
    "AUC/AUC_class4": 66.21170031925038,
    "AUC/AUC_class5": 38.81498704070743,
    "AUC/AUC_class6": 56.22608695652174,
    "AUC/AUC_class7": 54.911823766825066,
    "AUC/AUC_class8": 58.45223195661243,
    "AUC/AUC_class9": 51.61104189889188,
    "AUC/AUC_class10": 48.33595554089375,
    "AUC/AUC_class11": 53.6014247052602,
    "AUC/AUC_class12": 65.12123385939742,
    "AUC/AUC_class13": 53.355172133148855,
    "AUC/AUC_class14": 52.142483186339646,
    "AUC/AUC_class15": 54.33392539964477,
    "AUC/AUC_class16": 95.4382120946538,
    "AUC/AUC_class17": 57.77941570624498,
    "AUC/AUC_class18": 23.098530682800348,
    "AUC/AUC_class19": 48.14331302581956,
    "MAP_class1": 0.5759030232928812,
    "MAP_class2": 0.14048132613142267,
    "MAP_class3": 0.27722891871623845,
    "MAP_class4": 0.37478583354078715,
    "MAP_class5": 0.1566522349274875,
    "MAP_class6": 0.17064921705700514,
    "MAP_class7": 0.2109019356292028,
    "MAP_class8": 0.17280166352847987,
    "MAP_class9": 0.13620188716445514,
    "MAP_class10": 0.13437108688075833,
    "MAP_class11": 0.13925893878504178,
    "MAP_class12": 0.18907793842432435,
    "MAP_class13": 0.045851903121594095,
    "MAP_class14": 0.08925281108664126,
    "MAP_class15": 0.03456936968395429,
    "MAP_class16": 0.46082557385904965,
    "MAP_class17": 0.01868026105701802,
    "MAP_class18": 0.0026763324513691842,
    "MAP_class19": 0.010830771937001434,
    "Aggregate": 36.289879729877995
}