{
    "multi-label/mAP": 22.321109771728516,
    "multi-label/precision": 24.532005310058594,
    "multi-label/recall": 22.59971046447754,
    "multi-label/f1-score": 22.319734573364258,
    "multi-label/precision_micro": 36.40813064575195,
    "multi-label/recall_micro": 35.84136199951172,
    "multi-label/f1-score_micro": 36.122520446777344,
    "AUC/AUC_multilabe": 66.12136123001729,
    "AUC/AUC_class1": 83.87340464867208,
    "AUC/AUC_class2": 59.00813840512333,
    "AUC/AUC_class3": 71.74660924660925,
    "AUC/AUC_class4": 81.69451469795597,
    "AUC/AUC_class5": 60.38744473242872,
    "AUC/AUC_class6": 58.41801242236024,
    "AUC/AUC_class7": 54.110583136171144,
    "AUC/AUC_class8": 69.11208455013211,
    "AUC/AUC_class9": 75.33014228575176,
    "AUC/AUC_class10": 50.35843885604081,
    "AUC/AUC_class11": 68.95044638691013,
    "AUC/AUC_class12": 73.09182209469152,
    "AUC/AUC_class13": 72.91242776918693,
    "AUC/AUC_class14": 60.08819620635497,
    "AUC/AUC_class15": 51.25348896219234,
    "AUC/AUC_class16": 92.11218229623137,
    "AUC/AUC_class17": 56.31868131868132,
    "AUC/AUC_class18": 49.675885911840965,
    "AUC/AUC_class19": 67.86335944299391,
    "MAP_class1": 0.7305822113119959,
    "MAP_class2": 0.2243886717770303,
    "MAP_class3": 0.41896539593646065,
    "MAP_class4": 0.5255155494854864,
    "MAP_class5": 0.24357079221609687,
    "MAP_class6": 0.18434692544400993,
    "MAP_class7": 0.20501923143183146,
    "MAP_class8": 0.25570059411764434,
    "MAP_class9": 0.30058003755633633,
    "MAP_class10": 0.1441143909157192,
    "MAP_class11": 0.21884399790909037,
    "MAP_class12": 0.2563894200968756,
    "MAP_class13": 0.09333229102187558,
    "MAP_class14": 0.12420990588050132,
    "MAP_class15": 0.03362575595918178,
    "MAP_class16": 0.2247837908405256,
    "MAP_class17": 0.02420410795089442,
    "MAP_class18": 0.0045394792072661755,
    "MAP_class19": 0.027204303304096802,
    "Aggregate": 44.21835654227949
}