{
    "multi-label/mAP": 24.129863739013672,
    "multi-label/precision": 26.451990127563477,
    "multi-label/recall": 20.184669494628906,
    "multi-label/f1-score": 21.806013107299805,
    "multi-label/precision_micro": 41.0914192199707,
    "multi-label/recall_micro": 32.65381622314453,
    "multi-label/f1-score_micro": 36.38991928100586,
    "AUC/AUC_multilabe": 66.64308714047274,
    "AUC/AUC_class1": 86.43393556119392,
    "AUC/AUC_class2": 57.95087704635444,
    "AUC/AUC_class3": 71.73918423918423,
    "AUC/AUC_class4": 82.63236452589244,
    "AUC/AUC_class5": 64.29524317731361,
    "AUC/AUC_class6": 51.79875776397515,
    "AUC/AUC_class7": 52.12984869872954,
    "AUC/AUC_class8": 67.54554303991101,
    "AUC/AUC_class9": 78.77811291062882,
    "AUC/AUC_class10": 56.5575278503819,
    "AUC/AUC_class11": 67.10735060814385,
    "AUC/AUC_class12": 66.69225251076041,
    "AUC/AUC_class13": 74.8738504110035,
    "AUC/AUC_class14": 61.771575852764684,
    "AUC/AUC_class15": 52.385181426034,
    "AUC/AUC_class16": 89.49167397020157,
    "AUC/AUC_class17": 65.4918252479228,
    "AUC/AUC_class18": 53.34917891097666,
    "AUC/AUC_class19": 65.1943719176095,
    "MAP_class1": 0.7753609982109071,
    "MAP_class2": 0.20123559188392715,
    "MAP_class3": 0.42305874908414887,
    "MAP_class4": 0.5658216020633408,
    "MAP_class5": 0.31753928405071197,
    "MAP_class6": 0.14995900663223738,
    "MAP_class7": 0.20044442637936033,
    "MAP_class8": 0.23769451816714482,
    "MAP_class9": 0.3535111120612398,
    "MAP_class10": 0.181793560221566,
    "MAP_class11": 0.1984456230603013,
    "MAP_class12": 0.20274966885284235,
    "MAP_class13": 0.12105952820194896,
    "MAP_class14": 0.12966464459603474,
    "MAP_class15": 0.03380653535334664,
    "MAP_class16": 0.42758534571881895,
    "MAP_class17": 0.02206768860244312,
    "MAP_class18": 0.006370571863936741,
    "MAP_class19": 0.029381734078413532,
    "Aggregate": 45.367728278348665
}