{
    "multi-label/mAP": 18.711313247680664,
    "multi-label/precision": 21.182815551757812,
    "multi-label/recall": 10.427955627441406,
    "multi-label/f1-score": 11.729693412780762,
    "multi-label/precision_micro": 18.36043357849121,
    "multi-label/recall_micro": 10.044477462768555,
    "multi-label/f1-score_micro": 12.985146522521973,
    "AUC/AUC_multilabe": 60.107223633962874,
    "AUC/AUC_class1": 69.70458109676021,
    "AUC/AUC_class2": 50.912044630637595,
    "AUC/AUC_class3": 60.54186054186054,
    "AUC/AUC_class4": 62.27911604958747,
    "AUC/AUC_class5": 39.47819789602073,
    "AUC/AUC_class6": 55.06211180124223,
    "AUC/AUC_class7": 59.64968089548084,
    "AUC/AUC_class8": 55.99082186065915,
    "AUC/AUC_class9": 53.62205756999542,
    "AUC/AUC_class10": 52.123353718882434,
    "AUC/AUC_class11": 56.797290571437465,
    "AUC/AUC_class12": 61.33715925394549,
    "AUC/AUC_class13": 65.24375356067388,
    "AUC/AUC_class14": 61.173533083645445,
    "AUC/AUC_class15": 55.691448870844965,
    "AUC/AUC_class16": 93.25153374233128,
    "AUC/AUC_class17": 70.63789868667918,
    "AUC/AUC_class18": 47.493517718236824,
    "AUC/AUC_class19": 71.04728749637366,
    "MAP_class1": 0.5430810864210944,
    "MAP_class2": 0.17563561281159212,
    "MAP_class3": 0.2991102474839141,
    "MAP_class4": 0.3664280817274198,
    "MAP_class5": 0.15107643639415688,
    "MAP_class6": 0.18329704579304643,
    "MAP_class7": 0.2342943092436614,
    "MAP_class8": 0.14880228971403245,
    "MAP_class9": 0.14048127194750104,
    "MAP_class10": 0.1411336443428216,
    "MAP_class11": 0.1696502633734161,
    "MAP_class12": 0.14636984312972146,
    "MAP_class13": 0.06155302213559273,
    "MAP_class14": 0.10872463844968118,
    "MAP_class15": 0.03651608504313449,
    "MAP_class16": 0.5197275088789572,
    "MAP_class17": 0.020475290606829958,
    "MAP_class18": 0.0039036681877768543,
    "MAP_class19": 0.10431324940937917,
    "Aggregate": 39.40775285670178
}