{
    "multi-label/mAP": 20.415098190307617,
    "multi-label/precision": 25.724040985107422,
    "multi-label/recall": 10.733975410461426,
    "multi-label/f1-score": 12.647438049316406,
    "multi-label/precision_micro": 35.73033905029297,
    "multi-label/recall_micro": 17.679763793945312,
    "multi-label/f1-score_micro": 23.654850006103516,
    "AUC/AUC_multilabe": 60.201763441372385,
    "AUC/AUC_class1": 74.80460532187527,
    "AUC/AUC_class2": 61.17959861678454,
    "AUC/AUC_class3": 68.10299310299311,
    "AUC/AUC_class4": 77.61059745428915,
    "AUC/AUC_class5": 48.978979265131876,
    "AUC/AUC_class6": 57.982608695652175,
    "AUC/AUC_class7": 51.92953854106608,
    "AUC/AUC_class8": 67.29592546238354,
    "AUC/AUC_class9": 71.65300636023866,
    "AUC/AUC_class10": 43.21186591214759,
    "AUC/AUC_class11": 54.268672037826235,
    "AUC/AUC_class12": 40.13271162123387,
    "AUC/AUC_class13": 62.59461219174738,
    "AUC/AUC_class14": 57.60037855905924,
    "AUC/AUC_class15": 56.02385181426034,
    "AUC/AUC_class16": 95.37248028045573,
    "AUC/AUC_class17": 51.869471991423225,
    "AUC/AUC_class18": 51.87986171132239,
    "AUC/AUC_class19": 51.34174644618508,
    "MAP_class1": 0.623708666856694,
    "MAP_class2": 0.2529261655160183,
    "MAP_class3": 0.38595398443124396,
    "MAP_class4": 0.4989033966048791,
    "MAP_class5": 0.18750329505012406,
    "MAP_class6": 0.17183555936148193,
    "MAP_class7": 0.1931658228921726,
    "MAP_class8": 0.22643731841926135,
    "MAP_class9": 0.2315144088257258,
    "MAP_class10": 0.11366300440429539,
    "MAP_class11": 0.15140665857232444,
    "MAP_class12": 0.09874788220525825,
    "MAP_class13": 0.07010200490773894,
    "MAP_class14": 0.09573128923736068,
    "MAP_class15": 0.049832523974508436,
    "MAP_class16": 0.48977944457422307,
    "MAP_class17": 0.015359915484039286,
    "MAP_class18": 0.00809361969731312,
    "MAP_class19": 0.014203498421661166,
    "Aggregate": 40.3084302981502
}