{
    "multi-label/mAP": 32.42723846435547,
    "multi-label/precision": 22.51873207092285,
    "multi-label/recall": 47.28380584716797,
    "multi-label/f1-score": 29.859970092773438,
    "multi-label/precision_micro": 29.619312286376953,
    "multi-label/recall_micro": 65.50308227539062,
    "multi-label/f1-score_micro": 40.79283905029297,
    "AUC/AUC_multilabe": 68.56501615104816,
    "AUC/AUC_class1": 68.23960971249814,
    "AUC/AUC_class2": 71.66263380223926,
    "AUC/AUC_class3": 67.17891054472763,
    "AUC/AUC_class4": 67.17891054472763,
    "MAP_class1": 0.4946608612571073,
    "MAP_class2": 0.49625899876910334,
    "MAP_class3": 0.3059267320384128,
    "MAP_class4": -0.0,
    "Aggregate": 50.49309047633187
}