{
    "multi-label/mAP": 18.121715545654297,
    "multi-label/precision": 17.043596267700195,
    "multi-label/recall": 50.445899963378906,
    "multi-label/f1-score": 25.182411193847656,
    "multi-label/precision_micro": 23.885560989379883,
    "multi-label/recall_micro": 73.71663665771484,
    "multi-label/f1-score_micro": 36.08040237426758,
    "AUC/AUC_multilabe": 59.26446632322079,
    "AUC/AUC_class1": 61.8851482198719,
    "AUC/AUC_class2": 51.69517013219593,
    "AUC/AUC_class3": 61.73877347040766,
    "AUC/AUC_class4": 61.73877347040766,
    "MAP_class1": 0.31205864388274324,
    "MAP_class2": 0.25542121825902697,
    "MAP_class3": 0.1574017090896408,
    "MAP_class4": -0.0,
    "Aggregate": 38.69325280200303
}