{
    "multi-label/mAP": 18.547563552856445,
    "multi-label/precision": 20.2225284576416,
    "multi-label/recall": 23.185068130493164,
    "multi-label/f1-score": 19.641788482666016,
    "multi-label/precision_micro": 26.494565963745117,
    "multi-label/recall_micro": 36.13787841796875,
    "multi-label/f1-score_micro": 30.5738468170166,
    "AUC/AUC_multilabe": 60.2198714673199,
    "AUC/AUC_class1": 68.99679335976846,
    "AUC/AUC_class2": 55.69845067332504,
    "AUC/AUC_class3": 62.6072501072501,
    "AUC/AUC_class4": 70.91338778556324,
    "AUC/AUC_class5": 58.57314377191645,
    "AUC/AUC_class6": 54.59875776397516,
    "AUC/AUC_class7": 53.29343698431317,
    "AUC/AUC_class8": 57.64914476428869,
    "AUC/AUC_class9": 57.59884597731296,
    "AUC/AUC_class10": 55.51297992742407,
    "AUC/AUC_class11": 63.432824213768,
    "AUC/AUC_class12": 54.73529411764706,
    "AUC/AUC_class13": 66.68836982176285,
    "AUC/AUC_class14": 62.45217671459062,
    "AUC/AUC_class15": 47.93199695508754,
    "AUC/AUC_class16": 83.17265556529361,
    "AUC/AUC_class17": 56.45939426427231,
    "AUC/AUC_class18": 56.89282627484875,
    "AUC/AUC_class19": 56.96982883666956,
    "MAP_class1": 0.5523829242808093,
    "MAP_class2": 0.19641765141096051,
    "MAP_class3": 0.3498668733656436,
    "MAP_class4": 0.3939317781896102,
    "MAP_class5": 0.24317352119010976,
    "MAP_class6": 0.158582122582575,
    "MAP_class7": 0.19796235635360776,
    "MAP_class8": 0.17268439196573152,
    "MAP_class9": 0.164897290260065,
    "MAP_class10": 0.16535492020769194,
    "MAP_class11": 0.16895077811242962,
    "MAP_class12": 0.12824618235205015,
    "MAP_class13": 0.07737632616564927,
    "MAP_class14": 0.11646924207686551,
    "MAP_class15": 0.027798430090971712,
    "MAP_class16": 0.370985507277693,
    "MAP_class17": 0.018247728545392142,
    "MAP_class18": 0.004765136396880929,
    "MAP_class19": 0.01451234761577427,
    "Aggregate": 39.37995022955603
}