{
    "multi-label/mAP": 26.03193473815918,
    "multi-label/precision": 27.5360107421875,
    "multi-label/recall": 23.13436508178711,
    "multi-label/f1-score": 24.626659393310547,
    "multi-label/precision_micro": 41.1615104675293,
    "multi-label/recall_micro": 35.989620208740234,
    "multi-label/f1-score_micro": 38.40221405029297,
    "AUC/AUC_multilabe": 66.52981690708003,
    "AUC/AUC_class1": 87.2049954737285,
    "AUC/AUC_class2": 58.81538670483394,
    "AUC/AUC_class3": 72.93048543048543,
    "AUC/AUC_class4": 82.45884986939757,
    "AUC/AUC_class5": 65.0909056258576,
    "AUC/AUC_class6": 56.946583850931674,
    "AUC/AUC_class7": 55.29007694295882,
    "AUC/AUC_class8": 69.57794465303851,
    "AUC/AUC_class9": 75.27309684610844,
    "AUC/AUC_class10": 56.77163955642398,
    "AUC/AUC_class11": 69.07798550409059,
    "AUC/AUC_class12": 70.08464849354377,
    "AUC/AUC_class13": 68.91633433710427,
    "AUC/AUC_class14": 62.916314284563654,
    "AUC/AUC_class15": 40.9083988835321,
    "AUC/AUC_class16": 96.63453111305871,
    "AUC/AUC_class17": 43.520503886357545,
    "AUC/AUC_class18": 64.99567847882454,
    "AUC/AUC_class19": 66.65216129968087,
    "MAP_class1": 0.798959912249242,
    "MAP_class2": 0.2112210420480251,
    "MAP_class3": 0.4741760405801411,
    "MAP_class4": 0.5698655462834269,
    "MAP_class5": 0.3295858366567606,
    "MAP_class6": 0.20939150000042092,
    "MAP_class7": 0.22228762754073,
    "MAP_class8": 0.258963432908286,
    "MAP_class9": 0.31267937226073306,
    "MAP_class10": 0.18777658551959073,
    "MAP_class11": 0.25437570080426347,
    "MAP_class12": 0.23969394194678795,
    "MAP_class13": 0.07676140472855823,
    "MAP_class14": 0.14249452254748796,
    "MAP_class15": 0.02484288630256798,
    "MAP_class16": 0.5692224885672327,
    "MAP_class17": 0.02152350991549576,
    "MAP_class18": 0.017986813904801047,
    "MAP_class19": 0.024181331073971666,
    "Aggregate": 46.280670284694025
}