{
    "multi-label/mAP": 21.476953506469727,
    "multi-label/precision": 16.420053482055664,
    "multi-label/recall": 58.69633865356445,
    "multi-label/f1-score": 25.26232147216797,
    "multi-label/precision_micro": 20.61745262145996,
    "multi-label/recall_micro": 78.46553039550781,
    "multi-label/f1-score_micro": 32.65463638305664,
    "AUC/AUC_multilabe": 61.38176178312885,
    "AUC/AUC_class1": 82.74661804643573,
    "AUC/AUC_class2": 57.17830315820266,
    "AUC/AUC_class3": 68.15249315249315,
    "AUC/AUC_class4": 80.55474936771839,
    "AUC/AUC_class5": 57.79606266199116,
    "AUC/AUC_class6": 54.96211180124223,
    "AUC/AUC_class7": 48.400003976380304,
    "AUC/AUC_class8": 64.16770963704631,
    "AUC/AUC_class9": 72.1546128122746,
    "AUC/AUC_class10": 55.07714365468064,
    "AUC/AUC_class11": 63.04165240924503,
    "AUC/AUC_class12": 70.31994261119084,
    "AUC/AUC_class13": 61.71563441035241,
    "AUC/AUC_class14": 56.74459345173373,
    "AUC/AUC_class15": 55.820857650342546,
    "AUC/AUC_class16": 93.62401402278702,
    "AUC/AUC_class17": 34.59528276601448,
    "AUC/AUC_class18": 50.907519446845285,
    "AUC/AUC_class19": 38.29416884247171,
    "MAP_class1": 0.7231060499576145,
    "MAP_class2": 0.2122618167421257,
    "MAP_class3": 0.39315703675862795,
    "MAP_class4": 0.5333536041503146,
    "MAP_class5": 0.2548729408436591,
    "MAP_class6": 0.15898321751500877,
    "MAP_class7": 0.1772406123570393,
    "MAP_class8": 0.18221496464422188,
    "MAP_class9": 0.25381061448391956,
    "MAP_class10": 0.15456732540954415,
    "MAP_class11": 0.17843118516199075,
    "MAP_class12": 0.26163154078066747,
    "MAP_class13": 0.05282475270725502,
    "MAP_class14": 0.09594327065701913,
    "MAP_class15": 0.04357664686262461,
    "MAP_class16": 0.3829448247261024,
    "MAP_class17": 0.008593570987706104,
    "MAP_class18": 0.004311612087291443,
    "MAP_class19": 0.008795371269945507,
    "Aggregate": 41.42935709709779
}