{
    "multi-label/mAP": 21.263999938964844,
    "multi-label/precision": 24.353445053100586,
    "multi-label/recall": 16.248212814331055,
    "multi-label/f1-score": 17.082300186157227,
    "multi-label/precision_micro": 30.02943992614746,
    "multi-label/recall_micro": 22.683469772338867,
    "multi-label/f1-score_micro": 25.844594955444336,
    "AUC/AUC_multilabe": 59.739905956367394,
    "AUC/AUC_class1": 71.3487014063317,
    "AUC/AUC_class2": 60.08681661947995,
    "AUC/AUC_class3": 63.204138204138204,
    "AUC/AUC_class4": 74.60881462747211,
    "AUC/AUC_class5": 55.729246074096665,
    "AUC/AUC_class6": 60.44472049689441,
    "AUC/AUC_class7": 51.435473288665335,
    "AUC/AUC_class8": 67.1074954804617,
    "AUC/AUC_class9": 67.92997180512754,
    "AUC/AUC_class10": 50.433298652523675,
    "AUC/AUC_class11": 50.59958938625688,
    "AUC/AUC_class12": 41.21377331420373,
    "AUC/AUC_class13": 65.18881744933668,
    "AUC/AUC_class14": 59.55458902178729,
    "AUC/AUC_class15": 44.47855874143618,
    "AUC/AUC_class16": 97.37072743207713,
    "AUC/AUC_class17": 59.45456982042347,
    "AUC/AUC_class18": 41.11927398444252,
    "AUC/AUC_class19": 53.74963736582535,
    "MAP_class1": 0.594073826609518,
    "MAP_class2": 0.2246055686126431,
    "MAP_class3": 0.35522916575099983,
    "MAP_class4": 0.46629889225580756,
    "MAP_class5": 0.23470997595304954,
    "MAP_class6": 0.19371827829051044,
    "MAP_class7": 0.20873114746295335,
    "MAP_class8": 0.21307910526162996,
    "MAP_class9": 0.2199548012070938,
    "MAP_class10": 0.13263120283719962,
    "MAP_class11": 0.10954481306122431,
    "MAP_class12": 0.09573343315291816,
    "MAP_class13": 0.09729150613439382,
    "MAP_class14": 0.12205888720555089,
    "MAP_class15": 0.03777104214298424,
    "MAP_class16": 0.6906326768049956,
    "MAP_class17": 0.01866756194206419,
    "MAP_class18": 0.00534614811249369,
    "MAP_class19": 0.02008225376781026,
    "Aggregate": 40.50195373230433
}