{
    "multi-label/mAP": 19.693925857543945,
    "multi-label/precision": 24.957382202148438,
    "multi-label/recall": 8.402982711791992,
    "multi-label/f1-score": 11.102076530456543,
    "multi-label/precision_micro": 33.94255828857422,
    "multi-label/recall_micro": 9.636768341064453,
    "multi-label/f1-score_micro": 15.011547088623047,
    "AUC/AUC_multilabe": 60.29851976704561,
    "AUC/AUC_class1": 69.06867182619118,
    "AUC/AUC_class2": 55.26071103960552,
    "AUC/AUC_class3": 62.03222453222453,
    "AUC/AUC_class4": 69.99378083668478,
    "AUC/AUC_class5": 45.64100853788687,
    "AUC/AUC_class6": 59.0583850931677,
    "AUC/AUC_class7": 54.85416625246039,
    "AUC/AUC_class8": 65.56737588652483,
    "AUC/AUC_class9": 66.361550062291,
    "AUC/AUC_class10": 49.93021544395666,
    "AUC/AUC_class11": 49.82035648738607,
    "AUC/AUC_class12": 40.83715925394548,
    "AUC/AUC_class13": 57.05827297143322,
    "AUC/AUC_class14": 56.114332890338694,
    "AUC/AUC_class15": 52.27607206292819,
    "AUC/AUC_class16": 95.23225241016652,
    "AUC/AUC_class17": 63.515143393192176,
    "AUC/AUC_class18": 65.66551426101988,
    "AUC/AUC_class19": 67.38468233246302,
    "MAP_class1": 0.5596468618598238,
    "MAP_class2": 0.21781968252313855,
    "MAP_class3": 0.32710318129290583,
    "MAP_class4": 0.40919758731303557,
    "MAP_class5": 0.18599668490410862,
    "MAP_class6": 0.18209595326468547,
    "MAP_class7": 0.2150635123765316,
    "MAP_class8": 0.22522874762510461,
    "MAP_class9": 0.21128017767262877,
    "MAP_class10": 0.16393685079478593,
    "MAP_class11": 0.12993932298718106,
    "MAP_class12": 0.09176161203078795,
    "MAP_class13": 0.0762403169238165,
    "MAP_class14": 0.09522212228778351,
    "MAP_class15": 0.03917161551133368,
    "MAP_class16": 0.5435435912256756,
    "MAP_class17": 0.04109972710740806,
    "MAP_class18": 0.00724540606456915,
    "MAP_class19": 0.020252729318018917,
    "Aggregate": 39.996222207426285
}