{
    "multi-label/mAP": 20.773788452148438,
    "multi-label/precision": 21.3050537109375,
    "multi-label/recall": 15.37908935546875,
    "multi-label/f1-score": 15.564896583557129,
    "multi-label/precision_micro": 31.48147964477539,
    "multi-label/recall_micro": 22.683469772338867,
    "multi-label/f1-score_micro": 26.367944717407227,
    "AUC/AUC_multilabe": 58.50140104286635,
    "AUC/AUC_class1": 69.73486249059681,
    "AUC/AUC_class2": 55.391823984788815,
    "AUC/AUC_class3": 68.35338085338087,
    "AUC/AUC_class4": 76.07819561341681,
    "AUC/AUC_class5": 57.43301189205672,
    "AUC/AUC_class6": 56.307453416149066,
    "AUC/AUC_class7": 52.608505477463865,
    "AUC/AUC_class8": 67.99193436239743,
    "AUC/AUC_class9": 71.30614385941907,
    "AUC/AUC_class10": 47.39767046463827,
    "AUC/AUC_class11": 54.02137057890317,
    "AUC/AUC_class12": 43.64634146341463,
    "AUC/AUC_class13": 51.92683323838203,
    "AUC/AUC_class14": 54.723933792436874,
    "AUC/AUC_class15": 41.151991880233446,
    "AUC/AUC_class16": 98.0806310254163,
    "AUC/AUC_class17": 47.81559903511123,
    "AUC/AUC_class18": 31.0933448573898,
    "AUC/AUC_class19": 66.46359152886568,
    "MAP_class1": 0.5467209144681474,
    "MAP_class2": 0.2000950298017331,
    "MAP_class3": 0.3817386004681257,
    "MAP_class4": 0.45878756485318456,
    "MAP_class5": 0.22892057295798451,
    "MAP_class6": 0.1625671144648645,
    "MAP_class7": 0.21046501089841374,
    "MAP_class8": 0.21533409079037713,
    "MAP_class9": 0.2461003221116162,
    "MAP_class10": 0.12873532536626664,
    "MAP_class11": 0.15475241328691433,
    "MAP_class12": 0.10226912783854822,
    "MAP_class13": 0.04588621159776164,
    "MAP_class14": 0.0903660443969363,
    "MAP_class15": 0.024742610035073033,
    "MAP_class16": 0.7069377088191763,
    "MAP_class17": 0.019103847867109454,
    "MAP_class18": 0.003020257230860489,
    "MAP_class19": 0.020476706346100788,
    "Aggregate": 39.63759387301
}