{
    "multi-label/mAP": 33.5343132019043,
    "multi-label/precision": 22.44500160217285,
    "multi-label/recall": 47.055484771728516,
    "multi-label/f1-score": 29.9300537109375,
    "multi-label/precision_micro": 30.265655517578125,
    "multi-label/recall_micro": 65.50308227539062,
    "multi-label/f1-score_micro": 41.40169143676758,
    "AUC/AUC_multilabe": 70.98758694795379,
    "AUC/AUC_class1": 66.55146730224936,
    "AUC/AUC_class2": 76.03384871973643,
    "AUC/AUC_class3": 70.68251588491468,
    "AUC/AUC_class4": 70.68251588491468,
    "MAP_class1": 0.44642434516917784,
    "MAP_class2": 0.5838271654090365,
    "MAP_class3": 0.31125185069987066,
    "MAP_class4": -0.0,
    "Aggregate": 52.262585489952954
}