{
    "multi-label/mAP": 23.86630630493164,
    "multi-label/precision": 22.78936767578125,
    "multi-label/recall": 43.389930725097656,
    "multi-label/f1-score": 27.20635223388672,
    "multi-label/precision_micro": 24.5508975982666,
    "multi-label/recall_micro": 58.9322395324707,
    "multi-label/f1-score_micro": 34.661834716796875,
    "AUC/AUC_multilabe": 63.71953845226283,
    "AUC/AUC_class1": 72.50297929390734,
    "AUC/AUC_class2": 69.47805164800613,
    "AUC/AUC_class3": 56.44856143356893,
    "AUC/AUC_class4": 56.44856143356893,
    "MAP_class1": 0.39809512064638347,
    "MAP_class2": 0.42369496898395986,
    "MAP_class3": 0.1328675142850824,
    "MAP_class4": -0.0,
    "Aggregate": 43.792989275074234
}