{
    "multi-label/mAP": 16.95355987548828,
    "multi-label/precision": 12.7188081741333,
    "multi-label/recall": 7.187403678894043,
    "multi-label/f1-score": 7.685492992401123,
    "multi-label/precision_micro": 32.925682067871094,
    "multi-label/recall_micro": 12.972572326660156,
    "multi-label/f1-score_micro": 18.612071990966797,
    "AUC/AUC_multilabe": 57.405537626692144,
    "AUC/AUC_class1": 74.94549349109407,
    "AUC/AUC_class2": 50.10656191560714,
    "AUC/AUC_class3": 61.65231165231165,
    "AUC/AUC_class4": 54.422239728015256,
    "AUC/AUC_class5": 56.90463485287391,
    "AUC/AUC_class6": 54.76273291925465,
    "AUC/AUC_class7": 46.57733065590393,
    "AUC/AUC_class8": 50.312195800305936,
    "AUC/AUC_class9": 54.24496754311192,
    "AUC/AUC_class10": 57.25695942345269,
    "AUC/AUC_class11": 52.429464646778854,
    "AUC/AUC_class12": 64.84146341463413,
    "AUC/AUC_class13": 49.92064783917962,
    "AUC/AUC_class14": 51.41959647215174,
    "AUC/AUC_class15": 44.209591474245116,
    "AUC/AUC_class16": 90.93339176161261,
    "AUC/AUC_class17": 66.4433127847762,
    "AUC/AUC_class18": 51.70700086430424,
    "AUC/AUC_class19": 57.61531766753699,
    "MAP_class1": 0.6453708513290723,
    "MAP_class2": 0.17694629267444273,
    "MAP_class3": 0.3230936354555564,
    "MAP_class4": 0.2795947798924626,
    "MAP_class5": 0.24146026984363633,
    "MAP_class6": 0.1629322018342639,
    "MAP_class7": 0.1618552220702935,
    "MAP_class8": 0.12441574575885428,
    "MAP_class9": 0.1436918997275063,
    "MAP_class10": 0.1794384488532374,
    "MAP_class11": 0.12208692101696636,
    "MAP_class12": 0.18134855913571205,
    "MAP_class13": 0.039447419510499813,
    "MAP_class14": 0.08474006668509376,
    "MAP_class15": 0.02940227274435718,
    "MAP_class16": 0.24596131073908933,
    "MAP_class17": 0.05243637350936243,
    "MAP_class18": 0.0045034638790124,
    "MAP_class19": 0.022450853825625165,
    "Aggregate": 37.179549309359345
}