{
    "multi-label/mAP": 21.82083511352539,
    "multi-label/precision": 22.492904663085938,
    "multi-label/recall": 19.09087562561035,
    "multi-label/f1-score": 18.98097801208496,
    "multi-label/precision_micro": 34.825870513916016,
    "multi-label/recall_micro": 28.539657592773438,
    "multi-label/f1-score_micro": 31.370948791503906,
    "AUC/AUC_multilabe": 62.07761578390206,
    "AUC/AUC_class1": 75.34648289579374,
    "AUC/AUC_class2": 56.71392304558134,
    "AUC/AUC_class3": 73.37928587928587,
    "AUC/AUC_class4": 82.44537501554791,
    "AUC/AUC_class5": 52.541831834121055,
    "AUC/AUC_class6": 56.490683229813655,
    "AUC/AUC_class7": 48.212617054695116,
    "AUC/AUC_class8": 66.20011125017382,
    "AUC/AUC_class9": 71.60579634122352,
    "AUC/AUC_class10": 46.757555764204334,
    "AUC/AUC_class11": 53.08349146110057,
    "AUC/AUC_class12": 41.72883787661406,
    "AUC/AUC_class13": 69.43517538862211,
    "AUC/AUC_class14": 58.83874994965971,
    "AUC/AUC_class15": 50.525247399137285,
    "AUC/AUC_class16": 96.85801928133216,
    "AUC/AUC_class17": 47.842401500938095,
    "AUC/AUC_class18": 68.26923076923077,
    "AUC/AUC_class19": 63.19988395706411,
    "MAP_class1": 0.6214679973666997,
    "MAP_class2": 0.21458378220519717,
    "MAP_class3": 0.4434414460956986,
    "MAP_class4": 0.5944145361646305,
    "MAP_class5": 0.2129935200954965,
    "MAP_class6": 0.18050065594951822,
    "MAP_class7": 0.17988114265676614,
    "MAP_class8": 0.2289362391349654,
    "MAP_class9": 0.2385621634027742,
    "MAP_class10": 0.13074275139773844,
    "MAP_class11": 0.13997458793782971,
    "MAP_class12": 0.09347881852692433,
    "MAP_class13": 0.10134697810647833,
    "MAP_class14": 0.10088612833391924,
    "MAP_class15": 0.03586412879480093,
    "MAP_class16": 0.5774178268921776,
    "MAP_class17": 0.023567605841533147,
    "MAP_class18": 0.007117127496159754,
    "MAP_class19": 0.020776097137576485,
    "Aggregate": 41.94921192757441
}