{
    "multi-label/mAP": 16.397762298583984,
    "multi-label/precision": 18.937536239624023,
    "multi-label/recall": 6.434943675994873,
    "multi-label/f1-score": 7.423009872436523,
    "multi-label/precision_micro": 29.297595977783203,
    "multi-label/recall_micro": 11.749444007873535,
    "multi-label/f1-score_micro": 16.77248764038086,
    "AUC/AUC_multilabe": 57.43138818800024,
    "AUC/AUC_class1": 71.72482819293393,
    "AUC/AUC_class2": 50.80496035269905,
    "AUC/AUC_class3": 48.27203577203577,
    "AUC/AUC_class4": 70.63684232347941,
    "AUC/AUC_class5": 52.08968592773289,
    "AUC/AUC_class6": 60.37701863354037,
    "AUC/AUC_class7": 47.215042646678725,
    "AUC/AUC_class8": 56.02628285356697,
    "AUC/AUC_class9": 59.68920070815028,
    "AUC/AUC_class10": 55.825107214454285,
    "AUC/AUC_class11": 65.63054095249944,
    "AUC/AUC_class12": 60.0351506456241,
    "AUC/AUC_class13": 63.09717587694311,
    "AUC/AUC_class14": 56.479803471467115,
    "AUC/AUC_class15": 50.64450647043898,
    "AUC/AUC_class16": 80.92900964066608,
    "AUC/AUC_class17": 53.276601447333164,
    "AUC/AUC_class18": 41.184096802074336,
    "AUC/AUC_class19": 47.25848563968669,
    "MAP_class1": 0.592108638065254,
    "MAP_class2": 0.17056250687465718,
    "MAP_class3": 0.2123940752032318,
    "MAP_class4": 0.4194657562377024,
    "MAP_class5": 0.20057401520365115,
    "MAP_class6": 0.20451969087370825,
    "MAP_class7": 0.1769498313767067,
    "MAP_class8": 0.16755626528486606,
    "MAP_class9": 0.15719237398943564,
    "MAP_class10": 0.15514859033564296,
    "MAP_class11": 0.19541552803153533,
    "MAP_class12": 0.1564135449038273,
    "MAP_class13": 0.05169277770662326,
    "MAP_class14": 0.08976391077969403,
    "MAP_class15": 0.029473612149813682,
    "MAP_class16": 0.10916032027564104,
    "MAP_class17": 0.013573279628367123,
    "MAP_class18": 0.0035604034474654898,
    "MAP_class19": 0.01004960715280201,
    "Aggregate": 36.914574955896505
}