{
    "multi-label/mAP": 25.19666290283203,
    "multi-label/precision": 28.885089874267578,
    "multi-label/recall": 16.740398406982422,
    "multi-label/f1-score": 20.00752067565918,
    "multi-label/precision_micro": 41.807228088378906,
    "multi-label/recall_micro": 25.72275733947754,
    "multi-label/f1-score_micro": 31.84947395324707,
    "AUC/AUC_multilabe": 67.1829571463886,
    "AUC/AUC_class1": 80.98902219785545,
    "AUC/AUC_class2": 57.690740605313465,
    "AUC/AUC_class3": 67.41411741411741,
    "AUC/AUC_class4": 79.683237281811,
    "AUC/AUC_class5": 68.38170833968591,
    "AUC/AUC_class6": 64.14347826086957,
    "AUC/AUC_class7": 56.22800564646002,
    "AUC/AUC_class8": 71.29606452510082,
    "AUC/AUC_class9": 69.54494787227067,
    "AUC/AUC_class10": 52.22993376811227,
    "AUC/AUC_class11": 65.87239866861606,
    "AUC/AUC_class12": 68.00789096126255,
    "AUC/AUC_class13": 74.39163343371042,
    "AUC/AUC_class14": 64.41846884942211,
    "AUC/AUC_class15": 48.52068003044913,
    "AUC/AUC_class16": 99.11919368974583,
    "AUC/AUC_class17": 46.55588314124899,
    "AUC/AUC_class18": 64.15298184961107,
    "AUC/AUC_class19": 77.83579924572092,
    "MAP_class1": 0.7002280375269198,
    "MAP_class2": 0.22046866034550427,
    "MAP_class3": 0.377686534045519,
    "MAP_class4": 0.5144601242654785,
    "MAP_class5": 0.3555851115258968,
    "MAP_class6": 0.2084013655549858,
    "MAP_class7": 0.2229913336899462,
    "MAP_class8": 0.28136613783490627,
    "MAP_class9": 0.21766408616146432,
    "MAP_class10": 0.14585548227409312,
    "MAP_class11": 0.20679281858723034,
    "MAP_class12": 0.21798835223121515,
    "MAP_class13": 0.11552836212931153,
    "MAP_class14": 0.13536167733334173,
    "MAP_class15": 0.030529809325880126,
    "MAP_class16": 0.6196796494838179,
    "MAP_class17": 0.05884792796511779,
    "MAP_class18": 0.027500033129713185,
    "MAP_class19": 0.1304301020809415,
    "Aggregate": 46.189809113960834
}