{
    "multi-label/mAP": 15.464669227600098,
    "multi-label/precision": 13.517401695251465,
    "multi-label/recall": 42.6698112487793,
    "multi-label/f1-score": 16.6312313079834,
    "multi-label/precision_micro": 16.903181076049805,
    "multi-label/recall_micro": 54.74425506591797,
    "multi-label/f1-score_micro": 25.83070945739746,
    "AUC/AUC_multilabe": 55.42271645685702,
    "AUC/AUC_class1": 73.71798141041171,
    "AUC/AUC_class2": 52.58621590279881,
    "AUC/AUC_class3": 63.92477642477643,
    "AUC/AUC_class4": 63.33388614785024,
    "AUC/AUC_class5": 48.981837932611676,
    "AUC/AUC_class6": 58.372049689441,
    "AUC/AUC_class7": 48.90450722707119,
    "AUC/AUC_class8": 58.16645807259073,
    "AUC/AUC_class9": 57.5739295783883,
    "AUC/AUC_class10": 50.42314817164463,
    "AUC/AUC_class11": 61.30198774380191,
    "AUC/AUC_class12": 54.39383070301291,
    "AUC/AUC_class13": 38.79710262879466,
    "AUC/AUC_class14": 56.96810438564697,
    "AUC/AUC_class15": 53.98629789393554,
    "AUC/AUC_class16": 57.19106047326906,
    "AUC/AUC_class17": 49.16912355936746,
    "AUC/AUC_class18": 65.21175453759724,
    "AUC/AUC_class19": 40.02756019727299,
    "MAP_class1": 0.5962902565022927,
    "MAP_class2": 0.17834797095857274,
    "MAP_class3": 0.3284379717185097,
    "MAP_class4": 0.3348932819612611,
    "MAP_class5": 0.19440342580847952,
    "MAP_class6": 0.1695228456295848,
    "MAP_class7": 0.17863633398935314,
    "MAP_class8": 0.15865974061052268,
    "MAP_class9": 0.1540592262129718,
    "MAP_class10": 0.137693214146418,
    "MAP_class11": 0.1516062707334699,
    "MAP_class12": 0.14301145726519432,
    "MAP_class13": 0.03288212981294136,
    "MAP_class14": 0.09095144035203451,
    "MAP_class15": 0.036059430905022005,
    "MAP_class16": 0.025212225953792515,
    "MAP_class17": 0.011394023199913643,
    "MAP_class18": 0.0064881742639338125,
    "MAP_class19": 0.009737567229402947,
    "Aggregate": 35.44369240541185
}