{
    "multi-label/mAP": 17.118844985961914,
    "multi-label/precision": 19.412109375,
    "multi-label/recall": 17.920198440551758,
    "multi-label/f1-score": 16.833797454833984,
    "multi-label/precision_micro": 22.814983367919922,
    "multi-label/recall_micro": 22.34988784790039,
    "multi-label/f1-score_micro": 22.580041885375977,
    "AUC/AUC_multilabe": 58.164951103916984,
    "AUC/AUC_class1": 61.811656105366495,
    "AUC/AUC_class2": 52.886051881026766,
    "AUC/AUC_class3": 60.73491073491073,
    "AUC/AUC_class4": 72.14270906754011,
    "AUC/AUC_class5": 61.374637902119225,
    "AUC/AUC_class6": 52.218012422360246,
    "AUC/AUC_class7": 50.22019205916853,
    "AUC/AUC_class8": 55.78639966624947,
    "AUC/AUC_class9": 58.48206674972132,
    "AUC/AUC_class10": 51.9622148349278,
    "AUC/AUC_class11": 37.07422154477867,
    "AUC/AUC_class12": 56.609038737446205,
    "AUC/AUC_class13": 72.14739155204687,
    "AUC/AUC_class14": 57.644678023438445,
    "AUC/AUC_class15": 49.04846485663537,
    "AUC/AUC_class16": 84.45661700262927,
    "AUC/AUC_class17": 53.31010452961673,
    "AUC/AUC_class18": 51.101987899740706,
    "AUC/AUC_class19": 66.12271540469973,
    "MAP_class1": 0.46400646731568784,
    "MAP_class2": 0.19749447645287369,
    "MAP_class3": 0.30624770980306293,
    "MAP_class4": 0.43450344147708586,
    "MAP_class5": 0.25723060047995094,
    "MAP_class6": 0.14547772287409294,
    "MAP_class7": 0.17614385579884784,
    "MAP_class8": 0.14548698116870268,
    "MAP_class9": 0.19081366502693387,
    "MAP_class10": 0.152537000563867,
    "MAP_class11": 0.09131101296036372,
    "MAP_class12": 0.15803018328818053,
    "MAP_class13": 0.10210066376673271,
    "MAP_class14": 0.116090136416239,
    "MAP_class15": 0.03414235678261029,
    "MAP_class16": 0.2205488592130259,
    "MAP_class17": 0.01928541732813193,
    "MAP_class18": 0.024077015315344726,
    "MAP_class19": 0.017052920980959,
    "Aggregate": 37.64189788620242
}