{
    "multi-label/mAP": 20.347888946533203,
    "multi-label/precision": 20.24599838256836,
    "multi-label/recall": 20.240474700927734,
    "multi-label/f1-score": 17.558147430419922,
    "multi-label/precision_micro": 23.016170501708984,
    "multi-label/recall_micro": 22.683469772338867,
    "multi-label/f1-score_micro": 22.848609924316406,
    "AUC/AUC_multilabe": 59.762009078981144,
    "AUC/AUC_class1": 72.19626168224299,
    "AUC/AUC_class2": 56.37438753016642,
    "AUC/AUC_class3": 61.87217437217437,
    "AUC/AUC_class4": 71.47684398192297,
    "AUC/AUC_class5": 51.17777100167709,
    "AUC/AUC_class6": 58.64658385093168,
    "AUC/AUC_class7": 47.0644372427779,
    "AUC/AUC_class8": 60.12515644555694,
    "AUC/AUC_class9": 71.28122746049438,
    "AUC/AUC_class10": 47.55500291826325,
    "AUC/AUC_class11": 53.61075683578561,
    "AUC/AUC_class12": 43.083931133428976,
    "AUC/AUC_class13": 74.1881663546838,
    "AUC/AUC_class14": 54.10877532117112,
    "AUC/AUC_class15": 38.29738645013956,
    "AUC/AUC_class16": 96.49868536371604,
    "AUC/AUC_class17": 62.409541677834355,
    "AUC/AUC_class18": 50.34572169403631,
    "AUC/AUC_class19": 65.16536118363796,
    "MAP_class1": 0.6013164540444437,
    "MAP_class2": 0.19961635336378586,
    "MAP_class3": 0.31796349302217786,
    "MAP_class4": 0.4389191357764496,
    "MAP_class5": 0.20872346101668665,
    "MAP_class6": 0.1772533741021855,
    "MAP_class7": 0.17199033747223685,
    "MAP_class8": 0.18816621513501186,
    "MAP_class9": 0.2621254880215202,
    "MAP_class10": 0.13043879630561012,
    "MAP_class11": 0.1419057118065732,
    "MAP_class12": 0.09559276275321327,
    "MAP_class13": 0.10336354827109652,
    "MAP_class14": 0.09044760126829984,
    "MAP_class15": 0.037666246136593654,
    "MAP_class16": 0.6522472441429193,
    "MAP_class17": 0.022460430705181313,
    "MAP_class18": 0.004389665322327912,
    "MAP_class19": 0.021512692325425554,
    "Aggregate": 40.054949305258305
}