{
    "multi-label/mAP": 19.94121551513672,
    "multi-label/precision": 20.70892906188965,
    "multi-label/recall": 17.991674423217773,
    "multi-label/f1-score": 17.924306869506836,
    "multi-label/precision_micro": 33.84297561645508,
    "multi-label/recall_micro": 30.355819702148438,
    "multi-label/f1-score_micro": 32.00469207763672,
    "AUC/AUC_multilabe": 61.333893226380404,
    "AUC/AUC_class1": 73.69471254988463,
    "AUC/AUC_class2": 58.766807008013046,
    "AUC/AUC_class3": 66.20239745239745,
    "AUC/AUC_class4": 73.22401426261453,
    "AUC/AUC_class5": 60.35981094679066,
    "AUC/AUC_class6": 51.74534161490683,
    "AUC/AUC_class7": 53.971906873173346,
    "AUC/AUC_class8": 70.51800862188847,
    "AUC/AUC_class9": 68.8971215002295,
    "AUC/AUC_class10": 56.04017052807877,
    "AUC/AUC_class11": 70.66211466077704,
    "AUC/AUC_class12": 63.64490674318507,
    "AUC/AUC_class13": 65.3800765036217,
    "AUC/AUC_class14": 66.48242116708953,
    "AUC/AUC_class15": 47.290027911697536,
    "AUC/AUC_class16": 83.53198948290974,
    "AUC/AUC_class17": 47.24604663629054,
    "AUC/AUC_class18": 33.16767502160761,
    "AUC/AUC_class19": 54.51842181607195,
    "MAP_class1": 0.6036834891367938,
    "MAP_class2": 0.21096393720260814,
    "MAP_class3": 0.38256745142311954,
    "MAP_class4": 0.4126371272598651,
    "MAP_class5": 0.2754620710873008,
    "MAP_class6": 0.1433387068140497,
    "MAP_class7": 0.2052035090963561,
    "MAP_class8": 0.24236101446693875,
    "MAP_class9": 0.22798944087100015,
    "MAP_class10": 0.16546862320610933,
    "MAP_class11": 0.2105141251168422,
    "MAP_class12": 0.1928050304291135,
    "MAP_class13": 0.10649149257411483,
    "MAP_class14": 0.19207090154902193,
    "MAP_class15": 0.028572142532079278,
    "MAP_class16": 0.15404545335228617,
    "MAP_class17": 0.011917496055387396,
    "MAP_class18": 0.0030769986778634503,
    "MAP_class19": 0.012799523317445426,
    "Aggregate": 40.6194953873173
}