{
    "multi-label/mAP": 22.119287490844727,
    "multi-label/precision": 18.01746368408203,
    "multi-label/recall": 60.681941986083984,
    "multi-label/f1-score": 26.50554084777832,
    "multi-label/precision_micro": 19.97801399230957,
    "multi-label/recall_micro": 74.0919189453125,
    "multi-label/f1-score_micro": 31.47040367126465,
    "AUC/AUC_multilabe": 62.868198346136694,
    "AUC/AUC_class1": 78.11324603791869,
    "AUC/AUC_class2": 61.15086868855714,
    "AUC/AUC_class3": 61.754611754611744,
    "AUC/AUC_class4": 72.6792155562005,
    "AUC/AUC_class5": 60.266904253697206,
    "AUC/AUC_class6": 58.87080745341615,
    "AUC/AUC_class7": 54.60315724595901,
    "AUC/AUC_class8": 63.7679043248505,
    "AUC/AUC_class9": 71.16451380237362,
    "AUC/AUC_class10": 51.25929403405487,
    "AUC/AUC_class11": 64.28204809157931,
    "AUC/AUC_class12": 67.34074605451936,
    "AUC/AUC_class13": 62.47456661512166,
    "AUC/AUC_class14": 62.220611332608435,
    "AUC/AUC_class15": 51.783811215427555,
    "AUC/AUC_class16": 95.3461875547765,
    "AUC/AUC_class17": 48.19753417314393,
    "AUC/AUC_class18": 62.273120138288675,
    "AUC/AUC_class19": 46.94662024949231,
    "MAP_class1": 0.6657419418551977,
    "MAP_class2": 0.2351945699720434,
    "MAP_class3": 0.3119065406302606,
    "MAP_class4": 0.43958919105142114,
    "MAP_class5": 0.290364741296125,
    "MAP_class6": 0.18264882430533214,
    "MAP_class7": 0.2091463064726421,
    "MAP_class8": 0.20782277601354185,
    "MAP_class9": 0.28034082991508613,
    "MAP_class10": 0.14687687393261167,
    "MAP_class11": 0.20248848466798042,
    "MAP_class12": 0.22043396987980218,
    "MAP_class13": 0.059822299546545256,
    "MAP_class14": 0.11714051145311007,
    "MAP_class15": 0.032287124448384316,
    "MAP_class16": 0.5636229369255438,
    "MAP_class17": 0.01316761838251548,
    "MAP_class18": 0.009233050380287577,
    "MAP_class19": 0.01483595256103543,
    "Aggregate": 42.493742709093254
}