{
    "multi-label/mAP": 23.455385208129883,
    "multi-label/precision": 25.43633460998535,
    "multi-label/recall": 17.5301570892334,
    "multi-label/f1-score": 18.285566329956055,
    "multi-label/precision_micro": 38.3400993347168,
    "multi-label/recall_micro": 31.504817962646484,
    "multi-label/f1-score_micro": 34.58799362182617,
    "AUC/AUC_multilabe": 65.63842819152684,
    "AUC/AUC_class1": 79.31302673687699,
    "AUC/AUC_class2": 59.078657319863346,
    "AUC/AUC_class3": 74.0941490941491,
    "AUC/AUC_class4": 76.48575811600811,
    "AUC/AUC_class5": 61.28363698734562,
    "AUC/AUC_class6": 54.30434782608696,
    "AUC/AUC_class7": 52.37240789709128,
    "AUC/AUC_class8": 67.32721457377278,
    "AUC/AUC_class9": 74.59969838043408,
    "AUC/AUC_class10": 56.996218945872556,
    "AUC/AUC_class11": 73.89647556537156,
    "AUC/AUC_class12": 69.38307030129126,
    "AUC/AUC_class13": 64.58452022462767,
    "AUC/AUC_class14": 64.60875518505094,
    "AUC/AUC_class15": 46.31819335194113,
    "AUC/AUC_class16": 94.36021034180544,
    "AUC/AUC_class17": 34.22004824443849,
    "AUC/AUC_class18": 77.65773552290406,
    "AUC/AUC_class19": 66.24601102407891,
    "MAP_class1": 0.6639180372765909,
    "MAP_class2": 0.2127671787749206,
    "MAP_class3": 0.4498610646480602,
    "MAP_class4": 0.4649132271241855,
    "MAP_class5": 0.2568264168666142,
    "MAP_class6": 0.15881705271327487,
    "MAP_class7": 0.202829364494711,
    "MAP_class8": 0.24756265474827938,
    "MAP_class9": 0.3055844620121314,
    "MAP_class10": 0.17762672071375357,
    "MAP_class11": 0.30473915549902775,
    "MAP_class12": 0.22755465024868682,
    "MAP_class13": 0.0760103200333708,
    "MAP_class14": 0.13398376137734014,
    "MAP_class15": 0.027303012229473303,
    "MAP_class16": 0.5055866795775897,
    "MAP_class17": 0.008439965814793894,
    "MAP_class18": 0.013022956273235763,
    "MAP_class19": 0.019189587199589755,
    "Aggregate": 44.54694111583087
}