{
    "multi-label/mAP": 22.410348892211914,
    "multi-label/precision": 16.6649169921875,
    "multi-label/recall": 63.491607666015625,
    "multi-label/f1-score": 25.31952476501465,
    "multi-label/precision_micro": 19.463781356811523,
    "multi-label/recall_micro": 76.68643951416016,
    "multi-label/f1-score_micro": 31.04741668701172,
    "AUC/AUC_multilabe": 61.61681499003393,
    "AUC/AUC_class1": 79.47590876056661,
    "AUC/AUC_class2": 56.777651250013065,
    "AUC/AUC_class3": 68.09391809391808,
    "AUC/AUC_class4": 74.97906215017207,
    "AUC/AUC_class5": 58.405911724348215,
    "AUC/AUC_class6": 51.74906832298136,
    "AUC/AUC_class7": 51.115871721971494,
    "AUC/AUC_class8": 66.15769712140174,
    "AUC/AUC_class9": 65.85535374729525,
    "AUC/AUC_class10": 53.93584896084451,
    "AUC/AUC_class11": 47.70040750303294,
    "AUC/AUC_class12": 76.00717360114776,
    "AUC/AUC_class13": 72.27761048262391,
    "AUC/AUC_class14": 55.3974870122025,
    "AUC/AUC_class15": 53.4585130677493,
    "AUC/AUC_class16": 93.26906222611744,
    "AUC/AUC_class17": 35.687483248458854,
    "AUC/AUC_class18": 71.28349178910977,
    "AUC/AUC_class19": 39.09196402668987,
    "MAP_class1": 0.6746548292790383,
    "MAP_class2": 0.2080756064621102,
    "MAP_class3": 0.37068537486254916,
    "MAP_class4": 0.5246515820831911,
    "MAP_class5": 0.2648638403265166,
    "MAP_class6": 0.15831075422789487,
    "MAP_class7": 0.19968449886431433,
    "MAP_class8": 0.21711480943993156,
    "MAP_class9": 0.25534338667434425,
    "MAP_class10": 0.15281200425396885,
    "MAP_class11": 0.10961945418919009,
    "MAP_class12": 0.3396785338586501,
    "MAP_class13": 0.0866544878943853,
    "MAP_class14": 0.09910869154649442,
    "MAP_class15": 0.03470129805650552,
    "MAP_class16": 0.533728241282823,
    "MAP_class17": 0.00884070243690972,
    "MAP_class18": 0.010899662333059893,
    "MAP_class19": 0.008537867494008125,
    "Aggregate": 42.01358019387456
}