{
    "multi-label/mAP": 17.08855628967285,
    "multi-label/precision": 18.14974594116211,
    "multi-label/recall": 9.820950508117676,
    "multi-label/f1-score": 11.737348556518555,
    "multi-label/precision_micro": 27.669525146484375,
    "multi-label/recall_micro": 13.1578950881958,
    "multi-label/f1-score_micro": 17.834716796875,
    "AUC/AUC_multilabe": 57.66487482170487,
    "AUC/AUC_class1": 66.4096466958218,
    "AUC/AUC_class2": 50.416322778131814,
    "AUC/AUC_class3": 60.38964788964789,
    "AUC/AUC_class4": 77.53928438160787,
    "AUC/AUC_class5": 51.096298978502816,
    "AUC/AUC_class6": 49.11490683229813,
    "AUC/AUC_class7": 51.04628506670378,
    "AUC/AUC_class8": 65.66958698372967,
    "AUC/AUC_class9": 60.716674316438265,
    "AUC/AUC_class10": 54.046869845458936,
    "AUC/AUC_class11": 58.593336858804875,
    "AUC/AUC_class12": 45.90817790530847,
    "AUC/AUC_class13": 46.83506958574103,
    "AUC/AUC_class14": 66.72204099714068,
    "AUC/AUC_class15": 47.34077645267698,
    "AUC/AUC_class16": 86.02541630148993,
    "AUC/AUC_class17": 59.66898954703832,
    "AUC/AUC_class18": 44.684528954191876,
    "AUC/AUC_class19": 53.408761241659406,
    "MAP_class1": 0.5603344770665118,
    "MAP_class2": 0.17553579851483764,
    "MAP_class3": 0.3007960082682176,
    "MAP_class4": 0.49577886535775445,
    "MAP_class5": 0.21340011751942198,
    "MAP_class6": 0.13592174053584424,
    "MAP_class7": 0.1937916380169772,
    "MAP_class8": 0.21527428665975343,
    "MAP_class9": 0.17086798622365773,
    "MAP_class10": 0.1636746726276372,
    "MAP_class11": 0.13866505393060494,
    "MAP_class12": 0.11537579835344883,
    "MAP_class13": 0.03738276107295074,
    "MAP_class14": 0.13184764253268355,
    "MAP_class15": 0.028240735958891358,
    "MAP_class16": 0.12690761745380563,
    "MAP_class17": 0.025713893857933393,
    "MAP_class18": 0.004272750527245854,
    "MAP_class19": 0.013043838350648358,
    "Aggregate": 37.376715523559874
}