{
    "multi-label/mAP": 17.345876693725586,
    "multi-label/precision": 19.461341857910156,
    "multi-label/recall": 7.5427656173706055,
    "multi-label/f1-score": 9.351183891296387,
    "multi-label/precision_micro": 40.08620834350586,
    "multi-label/recall_micro": 13.78799057006836,
    "multi-label/f1-score_micro": 20.518476486206055,
    "AUC/AUC_multilabe": 56.37723194580987,
    "AUC/AUC_class1": 67.66967143093929,
    "AUC/AUC_class2": 56.0614924936533,
    "AUC/AUC_class3": 57.65229515229515,
    "AUC/AUC_class4": 70.08416601019944,
    "AUC/AUC_class5": 47.28426589419119,
    "AUC/AUC_class6": 56.257763975155285,
    "AUC/AUC_class7": 50.63572380062429,
    "AUC/AUC_class8": 66.70769016826588,
    "AUC/AUC_class9": 74.60822241164514,
    "AUC/AUC_class10": 43.29370416423478,
    "AUC/AUC_class11": 61.66516315674868,
    "AUC/AUC_class12": 40.070301291248214,
    "AUC/AUC_class13": 66.8999755839505,
    "AUC/AUC_class14": 47.74777495872095,
    "AUC/AUC_class15": 48.38112154275564,
    "AUC/AUC_class16": 86.48992112182296,
    "AUC/AUC_class17": 50.187617260787995,
    "AUC/AUC_class18": 45.41918755401901,
    "AUC/AUC_class19": 34.05134899912968,
    "MAP_class1": 0.5465643928316332,
    "MAP_class2": 0.20642798943917004,
    "MAP_class3": 0.29394591021117866,
    "MAP_class4": 0.4088837346516029,
    "MAP_class5": 0.1840021095191221,
    "MAP_class6": 0.17249000021912217,
    "MAP_class7": 0.20092860920211306,
    "MAP_class8": 0.211614365287959,
    "MAP_class9": 0.2773899995306386,
    "MAP_class10": 0.11709589783676352,
    "MAP_class11": 0.1461233955326975,
    "MAP_class12": 0.10394243721131366,
    "MAP_class13": 0.08784792031380699,
    "MAP_class14": 0.07954640252888827,
    "MAP_class15": 0.03394907535725301,
    "MAP_class16": 0.12319346510173579,
    "MAP_class17": 0.08912038163153989,
    "MAP_class18": 0.0037441579016564337,
    "MAP_class19": 0.008906471624312233,
    "Aggregate": 36.86155469904311
}