{
    "multi-label/mAP": 17.363435745239258,
    "multi-label/precision": 12.994668960571289,
    "multi-label/recall": 13.493928909301758,
    "multi-label/f1-score": 12.111812591552734,
    "multi-label/precision_micro": 28.927791595458984,
    "multi-label/recall_micro": 24.499629974365234,
    "multi-label/f1-score_micro": 26.53020477294922,
    "AUC/AUC_multilabe": 58.38776706912143,
    "AUC/AUC_class1": 61.861700093075434,
    "AUC/AUC_class2": 56.886302614945826,
    "AUC/AUC_class3": 56.82729432729432,
    "AUC/AUC_class4": 67.6209627264812,
    "AUC/AUC_class5": 57.15381536819637,
    "AUC/AUC_class6": 59.06956521739131,
    "AUC/AUC_class7": 56.840368212815875,
    "AUC/AUC_class8": 58.45292727019886,
    "AUC/AUC_class9": 54.076454003016195,
    "AUC/AUC_class10": 52.57695333316417,
    "AUC/AUC_class11": 67.73649174106448,
    "AUC/AUC_class12": 64.21305595408894,
    "AUC/AUC_class13": 40.96809636200863,
    "AUC/AUC_class14": 52.98014578551005,
    "AUC/AUC_class15": 48.77696016239533,
    "AUC/AUC_class16": 89.29447852760735,
    "AUC/AUC_class17": 56.968641114982574,
    "AUC/AUC_class18": 50.10803802938635,
    "AUC/AUC_class19": 56.95532346968378,
    "MAP_class1": 0.5149747532078726,
    "MAP_class2": 0.2122925567343148,
    "MAP_class3": 0.2932670280027937,
    "MAP_class4": 0.3727597318101078,
    "MAP_class5": 0.23593295782879423,
    "MAP_class6": 0.17647107145626167,
    "MAP_class7": 0.22247480347120874,
    "MAP_class8": 0.15245442716811913,
    "MAP_class9": 0.14172978384255103,
    "MAP_class10": 0.15842811702185067,
    "MAP_class11": 0.1930731403423478,
    "MAP_class12": 0.2050339669057996,
    "MAP_class13": 0.03213393753453146,
    "MAP_class14": 0.087469193276232,
    "MAP_class15": 0.03196556339391245,
    "MAP_class16": 0.22591101962979265,
    "MAP_class17": 0.016630668950662633,
    "MAP_class18": 0.004262238783479129,
    "MAP_class19": 0.0217875604718687,
    "Aggregate": 37.875600692014665
}