{
    "multi-label/mAP": 22.489973068237305,
    "multi-label/precision": 22.703222274780273,
    "multi-label/recall": 13.48584270477295,
    "multi-label/f1-score": 16.402219772338867,
    "multi-label/precision_micro": 35.47770690917969,
    "multi-label/recall_micro": 20.644922256469727,
    "multi-label/f1-score_micro": 26.101219177246094,
    "AUC/AUC_multilabe": 66.30547840695698,
    "AUC/AUC_class1": 76.71042062449797,
    "AUC/AUC_class2": 60.35426613316061,
    "AUC/AUC_class3": 69.39989439989441,
    "AUC/AUC_class4": 77.69600729715162,
    "AUC/AUC_class5": 63.30185622808355,
    "AUC/AUC_class6": 62.473913043478255,
    "AUC/AUC_class7": 57.88665327951965,
    "AUC/AUC_class8": 68.21026282853566,
    "AUC/AUC_class9": 69.760015736673,
    "AUC/AUC_class10": 52.03770903646559,
    "AUC/AUC_class11": 74.17410644850217,
    "AUC/AUC_class12": 70.10688665710185,
    "AUC/AUC_class13": 74.24106779523073,
    "AUC/AUC_class14": 61.44436389996375,
    "AUC/AUC_class15": 47.244354224816036,
    "AUC/AUC_class16": 92.84399649430325,
    "AUC/AUC_class17": 69.88072902707049,
    "AUC/AUC_class18": 48.18496110630942,
    "AUC/AUC_class19": 63.85262547142442,
    "MAP_class1": 0.6406228066877605,
    "MAP_class2": 0.23639453326329332,
    "MAP_class3": 0.3989565298621838,
    "MAP_class4": 0.4924839186917731,
    "MAP_class5": 0.2658951765925117,
    "MAP_class6": 0.2107835429390889,
    "MAP_class7": 0.21253811537673992,
    "MAP_class8": 0.2431960768279868,
    "MAP_class9": 0.2242275504875546,
    "MAP_class10": 0.13688378606732965,
    "MAP_class11": 0.32136018448779347,
    "MAP_class12": 0.2511556156264496,
    "MAP_class13": 0.1508630950179023,
    "MAP_class14": 0.11347039403534925,
    "MAP_class15": 0.029989094257076125,
    "MAP_class16": 0.25345472058238544,
    "MAP_class17": 0.0696101315059114,
    "MAP_class18": 0.0046313532120582,
    "MAP_class19": 0.016578498681915795,
    "Aggregate": 44.39772637243392
}