{
    "multi-label/mAP": 15.424442291259766,
    "multi-label/precision": 19.15902328491211,
    "multi-label/recall": 8.009912490844727,
    "multi-label/f1-score": 8.108548164367676,
    "multi-label/precision_micro": 29.7979793548584,
    "multi-label/recall_micro": 15.307635307312012,
    "multi-label/f1-score_micro": 20.225269317626953,
    "AUC/AUC_multilabe": 55.86924504225455,
    "AUC/AUC_class1": 67.89853501804133,
    "AUC/AUC_class2": 49.52465027841912,
    "AUC/AUC_class3": 50.634013134013124,
    "AUC/AUC_class4": 54.9276504000995,
    "AUC/AUC_class5": 56.69118768104894,
    "AUC/AUC_class6": 58.67577639751552,
    "AUC/AUC_class7": 46.15384615384615,
    "AUC/AUC_class8": 58.308302044221946,
    "AUC/AUC_class9": 62.01494983935479,
    "AUC/AUC_class10": 56.11566472961657,
    "AUC/AUC_class11": 61.94746010514201,
    "AUC/AUC_class12": 61.391678622668586,
    "AUC/AUC_class13": 50.559534467323196,
    "AUC/AUC_class14": 61.25307075832629,
    "AUC/AUC_class15": 52.29637147931997,
    "AUC/AUC_class16": 55.14022787028922,
    "AUC/AUC_class17": 58.429375502546236,
    "AUC/AUC_class18": 40.190146931719966,
    "AUC/AUC_class19": 59.36321438932406,
    "MAP_class1": 0.5545761917883985,
    "MAP_class2": 0.16790088299039715,
    "MAP_class3": 0.24060787756725002,
    "MAP_class4": 0.27918449442165366,
    "MAP_class5": 0.21914627504532938,
    "MAP_class6": 0.18113205132541008,
    "MAP_class7": 0.1659454645135622,
    "MAP_class8": 0.1604239846293123,
    "MAP_class9": 0.181247853935765,
    "MAP_class10": 0.1546421257682415,
    "MAP_class11": 0.21738842237110065,
    "MAP_class12": 0.1743794002336091,
    "MAP_class13": 0.036664829538732374,
    "MAP_class14": 0.10892383975290576,
    "MAP_class15": 0.03384431636146805,
    "MAP_class16": 0.022619857187252564,
    "MAP_class17": 0.013836307664677238,
    "MAP_class18": 0.003525481107720279,
    "MAP_class19": 0.014658783239175134,
    "Aggregate": 35.64685525650086
}