{
    "multi-label/mAP": 96.40233612060547,
    "accuracy/top1": 92.11164855957031,
    "single-label/precision": 90.50105285644531,
    "single-label/recall": 90.95121765136719,
    "MAP_class1": 0.9809587534871107,
    "MAP_class2": 0.9470870473838392,
    "Aggregate": 96.55669271341138,
    "AUC/AUC_multiclass": 96.71109538327526,
    "AUC/AUC_class1": 96.16570121951219,
    "AUC/AUC_class2": 97.25648954703834
}