{
    "multi-label/mAP": 21.9209041595459,
    "multi-label/precision": 23.286510467529297,
    "multi-label/recall": 13.039881706237793,
    "multi-label/f1-score": 15.720372200012207,
    "multi-label/precision_micro": 36.484771728515625,
    "multi-label/recall_micro": 21.312084197998047,
    "multi-label/f1-score_micro": 26.906879425048828,
    "AUC/AUC_multilabe": 66.14015397940335,
    "AUC/AUC_class1": 79.30760796113782,
    "AUC/AUC_class2": 60.300985175357035,
    "AUC/AUC_class3": 70.68277068277068,
    "AUC/AUC_class4": 75.87296322401427,
    "AUC/AUC_class5": 59.914811709102,
    "AUC/AUC_class6": 60.701863354037265,
    "AUC/AUC_class7": 54.185140266815125,
    "AUC/AUC_class8": 69.11069392295926,
    "AUC/AUC_class9": 71.01567110353419,
    "AUC/AUC_class10": 51.66499606668866,
    "AUC/AUC_class11": 70.32771331695025,
    "AUC/AUC_class12": 71.55595408895266,
    "AUC/AUC_class13": 75.57784650443558,
    "AUC/AUC_class14": 58.09874753332529,
    "AUC/AUC_class15": 53.65643237756915,
    "AUC/AUC_class16": 88.6327782646801,
    "AUC/AUC_class17": 72.0852318413294,
    "AUC/AUC_class18": 52.83059636992221,
    "AUC/AUC_class19": 61.14012184508268,
    "MAP_class1": 0.6902967162953555,
    "MAP_class2": 0.23571475463939173,
    "MAP_class3": 0.40506897789578733,
    "MAP_class4": 0.44986549712203405,
    "MAP_class5": 0.24974103763658337,
    "MAP_class6": 0.20691107743707549,
    "MAP_class7": 0.1957363847923294,
    "MAP_class8": 0.2347069804381673,
    "MAP_class9": 0.2478156725520136,
    "MAP_class10": 0.13650770592738193,
    "MAP_class11": 0.24752961037645113,
    "MAP_class12": 0.27918574113725475,
    "MAP_class13": 0.1333758579260264,
    "MAP_class14": 0.10362672341680838,
    "MAP_class15": 0.035194856085259574,
    "MAP_class16": 0.24866729261677945,
    "MAP_class17": 0.04387128067945109,
    "MAP_class18": 0.0050955143243918465,
    "MAP_class19": 0.01605975629364326,
    "Aggregate": 44.030528141260056
}