{
    "multi-label/mAP": 20.91126823425293,
    "multi-label/precision": 23.768701553344727,
    "multi-label/recall": 15.963068962097168,
    "multi-label/f1-score": 16.649507522583008,
    "multi-label/precision_micro": 33.79558181762695,
    "multi-label/recall_micro": 24.38843536376953,
    "multi-label/f1-score_micro": 28.331539154052734,
    "AUC/AUC_multilabe": 58.932710398909016,
    "AUC/AUC_class1": 67.4524422741008,
    "AUC/AUC_class2": 56.819440236525665,
    "AUC/AUC_class3": 63.61952611952613,
    "AUC/AUC_class4": 73.14565280484265,
    "AUC/AUC_class5": 54.57910885805764,
    "AUC/AUC_class6": 54.48136645962733,
    "AUC/AUC_class7": 52.71686184066644,
    "AUC/AUC_class8": 69.3450146015853,
    "AUC/AUC_class9": 71.500229493148,
    "AUC/AUC_class10": 46.553277336513815,
    "AUC/AUC_class11": 54.441316452546104,
    "AUC/AUC_class12": 41.4390243902439,
    "AUC/AUC_class13": 54.101896313176525,
    "AUC/AUC_class14": 61.37086706133462,
    "AUC/AUC_class15": 38.9545800558234,
    "AUC/AUC_class16": 96.09114811568799,
    "AUC/AUC_class17": 47.74859287054409,
    "AUC/AUC_class18": 48.962834917891094,
    "AUC/AUC_class19": 66.39831737742965,
    "MAP_class1": 0.5347570201338646,
    "MAP_class2": 0.20511678630706318,
    "MAP_class3": 0.32818696788491164,
    "MAP_class4": 0.4420002388233568,
    "MAP_class5": 0.2166289115121437,
    "MAP_class6": 0.16241584326568542,
    "MAP_class7": 0.21933675403634945,
    "MAP_class8": 0.2588537125437196,
    "MAP_class9": 0.25942474044363945,
    "MAP_class10": 0.12687883502192268,
    "MAP_class11": 0.16470826969522837,
    "MAP_class12": 0.09318716194293122,
    "MAP_class13": 0.04407566467332408,
    "MAP_class14": 0.11954249517501188,
    "MAP_class15": 0.028610134035149976,
    "MAP_class16": 0.7107667663262107,
    "MAP_class17": 0.03641092582358311,
    "MAP_class18": 0.004108188545790741,
    "MAP_class19": 0.017565926698315117,
    "Aggregate": 39.920500838633984
}