{
    "multi-label/mAP": 19.57291603088379,
    "multi-label/precision": 23.617351531982422,
    "multi-label/recall": 8.548506736755371,
    "multi-label/f1-score": 10.959754943847656,
    "multi-label/precision_micro": 33.92856979370117,
    "multi-label/recall_micro": 13.380281448364258,
    "multi-label/f1-score_micro": 19.191917419433594,
    "AUC/AUC_multilabe": 59.214717124557886,
    "AUC/AUC_class1": 69.81550662365646,
    "AUC/AUC_class2": 53.429831068022025,
    "AUC/AUC_class3": 67.10927960927962,
    "AUC/AUC_class4": 75.19051370288985,
    "AUC/AUC_class5": 51.05056029882604,
    "AUC/AUC_class6": 51.036024844720494,
    "AUC/AUC_class7": 47.578384396683695,
    "AUC/AUC_class8": 68.02809066889168,
    "AUC/AUC_class9": 73.1899547570651,
    "AUC/AUC_class10": 47.33993960463877,
    "AUC/AUC_class11": 56.21364357482813,
    "AUC/AUC_class12": 37.50717360114778,
    "AUC/AUC_class13": 64.99348905347115,
    "AUC/AUC_class14": 56.079094680037045,
    "AUC/AUC_class15": 52.819081451408266,
    "AUC/AUC_class16": 92.00701139351446,
    "AUC/AUC_class17": 49.336638970785316,
    "AUC/AUC_class18": 45.24632670700086,
    "AUC/AUC_class19": 67.1090803597331,
    "MAP_class1": 0.5831147287164395,
    "MAP_class2": 0.1943005079171107,
    "MAP_class3": 0.37170411625409744,
    "MAP_class4": 0.44456077103426206,
    "MAP_class5": 0.2078253788286532,
    "MAP_class6": 0.14552497790365543,
    "MAP_class7": 0.17878894962610858,
    "MAP_class8": 0.23098595074546172,
    "MAP_class9": 0.25157852200819864,
    "MAP_class10": 0.12652483489738,
    "MAP_class11": 0.14353393283671065,
    "MAP_class12": 0.08859415090865316,
    "MAP_class13": 0.06193476152772554,
    "MAP_class14": 0.1017260418055921,
    "MAP_class15": 0.031714646492179255,
    "MAP_class16": 0.5057675125011809,
    "MAP_class17": 0.02313897320450471,
    "MAP_class18": 0.004362817478305423,
    "MAP_class19": 0.023172318394588342,
    "Aggregate": 39.39381617564949
}