{
    "multi-label/mAP": 23.101879119873047,
    "multi-label/precision": 18.959861755371094,
    "multi-label/recall": 58.659339904785156,
    "multi-label/f1-score": 26.478548049926758,
    "multi-label/precision_micro": 20.05076026916504,
    "multi-label/recall_micro": 73.2023696899414,
    "multi-label/f1-score_micro": 31.4791202545166,
    "AUC/AUC_multilabe": 63.32786026287004,
    "AUC/AUC_class1": 76.94884675702211,
    "AUC/AUC_class2": 58.85247443036388,
    "AUC/AUC_class3": 68.51838101838102,
    "AUC/AUC_class4": 74.58766947220033,
    "AUC/AUC_class5": 58.590295776795244,
    "AUC/AUC_class6": 53.45031055900621,
    "AUC/AUC_class7": 54.45652822235918,
    "AUC/AUC_class8": 65.98039215686275,
    "AUC/AUC_class9": 69.3443052914563,
    "AUC/AUC_class10": 44.72555637323318,
    "AUC/AUC_class11": 68.96444458269822,
    "AUC/AUC_class12": 68.59756097560977,
    "AUC/AUC_class13": 58.15089118580613,
    "AUC/AUC_class14": 59.16596190246064,
    "AUC/AUC_class15": 55.50114184217204,
    "AUC/AUC_class16": 91.62138475021911,
    "AUC/AUC_class17": 54.10077727150898,
    "AUC/AUC_class18": 66.46499567847883,
    "AUC/AUC_class19": 55.207426747896726,
    "MAP_class1": 0.6511152267966843,
    "MAP_class2": 0.22178066995587598,
    "MAP_class3": 0.38386395273178037,
    "MAP_class4": 0.48289954749584085,
    "MAP_class5": 0.26725805197691027,
    "MAP_class6": 0.14906083575389556,
    "MAP_class7": 0.19955445893365548,
    "MAP_class8": 0.19929484434571276,
    "MAP_class9": 0.24481089476813067,
    "MAP_class10": 0.12269394231965597,
    "MAP_class11": 0.20757056625120965,
    "MAP_class12": 0.23154876737801378,
    "MAP_class13": 0.05892819732197699,
    "MAP_class14": 0.11753754951643186,
    "MAP_class15": 0.038790712905476164,
    "MAP_class16": 0.5175287378101289,
    "MAP_class17": 0.013113991692634835,
    "MAP_class18": 0.257703023826779,
    "MAP_class19": 0.024303439007851153,
    "Aggregate": 43.21487068614198
}