{
    "multi-label/mAP": 26.617198944091797,
    "multi-label/precision": 27.507118225097656,
    "multi-label/recall": 24.33974838256836,
    "multi-label/f1-score": 24.719961166381836,
    "multi-label/precision_micro": 41.98919677734375,
    "multi-label/recall_micro": 34.581172943115234,
    "multi-label/f1-score_micro": 37.92682647705078,
    "AUC/AUC_multilabe": 67.50291094337358,
    "AUC/AUC_class1": 85.20084532901532,
    "AUC/AUC_class2": 62.574306041642714,
    "AUC/AUC_class3": 70.53262053262054,
    "AUC/AUC_class4": 80.95319043078072,
    "AUC/AUC_class5": 65.56449153834426,
    "AUC/AUC_class6": 60.82608695652174,
    "AUC/AUC_class7": 56.14400461260115,
    "AUC/AUC_class8": 68.70324016131275,
    "AUC/AUC_class9": 74.62461477935874,
    "AUC/AUC_class10": 57.769558707843785,
    "AUC/AUC_class11": 68.44262295081968,
    "AUC/AUC_class12": 72.78048780487805,
    "AUC/AUC_class13": 66.25295027264588,
    "AUC/AUC_class14": 61.795739196971525,
    "AUC/AUC_class15": 50.61659477290028,
    "AUC/AUC_class16": 97.55039439088517,
    "AUC/AUC_class17": 49.43044760117931,
    "AUC/AUC_class18": 73.42264477095938,
    "AUC/AUC_class19": 59.37046707281694,
    "MAP_class1": 0.7626928443535025,
    "MAP_class2": 0.24601467334405502,
    "MAP_class3": 0.4432734449253622,
    "MAP_class4": 0.5915179419373535,
    "MAP_class5": 0.3333336648810525,
    "MAP_class6": 0.20126420253073207,
    "MAP_class7": 0.2231929481229985,
    "MAP_class8": 0.23615919641103628,
    "MAP_class9": 0.2906739235499057,
    "MAP_class10": 0.18805484355190838,
    "MAP_class11": 0.260972389549056,
    "MAP_class12": 0.2821441499383651,
    "MAP_class13": 0.0727955024720501,
    "MAP_class14": 0.13076516533641247,
    "MAP_class15": 0.03017897391816742,
    "MAP_class16": 0.6339276181050608,
    "MAP_class17": 0.012962331063765355,
    "MAP_class18": 0.0902460943556834,
    "MAP_class19": 0.018287962476341568,
    "Aggregate": 47.0368709212205
}