{
    "multi-label/mAP": 15.411736488342285,
    "multi-label/precision": 15.540813446044922,
    "multi-label/recall": 5.121354103088379,
    "multi-label/f1-score": 5.618976593017578,
    "multi-label/precision_micro": 30.76923179626465,
    "multi-label/recall_micro": 10.67457389831543,
    "multi-label/f1-score_micro": 15.850302696228027,
    "AUC/AUC_multilabe": 55.299833763587145,
    "AUC/AUC_class1": 63.68368374749781,
    "AUC/AUC_class2": 43.50024551029576,
    "AUC/AUC_class3": 52.310414810414805,
    "AUC/AUC_class4": 66.47041751316391,
    "AUC/AUC_class5": 53.40800808050008,
    "AUC/AUC_class6": 56.10062111801242,
    "AUC/AUC_class7": 49.49350855915859,
    "AUC/AUC_class8": 54.698233903490475,
    "AUC/AUC_class9": 58.96334666579241,
    "AUC/AUC_class10": 52.18045017382698,
    "AUC/AUC_class11": 63.48259557657012,
    "AUC/AUC_class12": 53.68723098995696,
    "AUC/AUC_class13": 67.03629852689835,
    "AUC/AUC_class14": 51.07828923523016,
    "AUC/AUC_class15": 60.92869829992388,
    "AUC/AUC_class16": 69.85539000876423,
    "AUC/AUC_class17": 50.36183328866256,
    "AUC/AUC_class18": 36.32238547968885,
    "AUC/AUC_class19": 47.13519002030751,
    "MAP_class1": 0.5031377028009252,
    "MAP_class2": 0.14658535438614628,
    "MAP_class3": 0.23849637585895034,
    "MAP_class4": 0.3980317421697426,
    "MAP_class5": 0.2275477192509443,
    "MAP_class6": 0.1776280123033151,
    "MAP_class7": 0.18068692024699368,
    "MAP_class8": 0.14240181809610875,
    "MAP_class9": 0.1728282512588612,
    "MAP_class10": 0.14509700784332172,
    "MAP_class11": 0.16947285772288054,
    "MAP_class12": 0.14505479633374826,
    "MAP_class13": 0.08388505362223915,
    "MAP_class14": 0.08405665277485355,
    "MAP_class15": 0.039369186144494195,
    "MAP_class16": 0.0489309933133478,
    "MAP_class17": 0.011332750259233242,
    "MAP_class18": 0.0032106102476264766,
    "MAP_class19": 0.010476034790995755,
    "Aggregate": 35.3557848802797
}