{
    "multi-label/mAP": 21.943286895751953,
    "multi-label/precision": 22.668622970581055,
    "multi-label/recall": 16.718965530395508,
    "multi-label/f1-score": 16.139806747436523,
    "multi-label/precision_micro": 32.02519226074219,
    "multi-label/recall_micro": 24.499629974365234,
    "multi-label/f1-score_micro": 27.761444091796875,
    "AUC/AUC_multilabe": 61.73989376860135,
    "AUC/AUC_class1": 76.0126735601994,
    "AUC/AUC_class2": 56.97876074760497,
    "AUC/AUC_class3": 72.1908721908722,
    "AUC/AUC_class4": 75.2004643641942,
    "AUC/AUC_class5": 50.02239289525843,
    "AUC/AUC_class6": 58.36459627329192,
    "AUC/AUC_class7": 49.485555798556575,
    "AUC/AUC_class8": 67.11931581143095,
    "AUC/AUC_class9": 70.46423185364894,
    "AUC/AUC_class10": 48.184649935290686,
    "AUC/AUC_class11": 50.3390674090895,
    "AUC/AUC_class12": 44.29340028694404,
    "AUC/AUC_class13": 70.05168063807275,
    "AUC/AUC_class14": 57.35069066892192,
    "AUC/AUC_class15": 49.670134483633596,
    "AUC/AUC_class16": 96.31463628396145,
    "AUC/AUC_class17": 49.97319753417315,
    "AUC/AUC_class18": 70.80812445980985,
    "AUC/AUC_class19": 60.23353640847113,
    "MAP_class1": 0.6430068246206675,
    "MAP_class2": 0.21254352589614678,
    "MAP_class3": 0.4308932273380362,
    "MAP_class4": 0.48007423638896424,
    "MAP_class5": 0.1978299184761353,
    "MAP_class6": 0.1764531888620976,
    "MAP_class7": 0.1847650980363963,
    "MAP_class8": 0.22252756705349355,
    "MAP_class9": 0.236061641188877,
    "MAP_class10": 0.13238101819269157,
    "MAP_class11": 0.13681212190430625,
    "MAP_class12": 0.1019735080740686,
    "MAP_class13": 0.11237180998868786,
    "MAP_class14": 0.1059390317449152,
    "MAP_class15": 0.03206640106420792,
    "MAP_class16": 0.6697315034336185,
    "MAP_class17": 0.0686550555163883,
    "MAP_class18": 0.0069949673775822774,
    "MAP_class19": 0.018144004054838247,
    "Aggregate": 41.84159069801677
}