{
    "multi-label/mAP": 21.8569393157959,
    "multi-label/precision": 22.46929931640625,
    "multi-label/recall": 19.018943786621094,
    "multi-label/f1-score": 18.043363571166992,
    "multi-label/precision_micro": 29.45797348022461,
    "multi-label/recall_micro": 27.798370361328125,
    "multi-label/f1-score_micro": 28.6041202545166,
    "AUC/AUC_multilabe": 62.870961741423955,
    "AUC/AUC_class1": 75.78890999732249,
    "AUC/AUC_class2": 55.50204243671579,
    "AUC/AUC_class3": 72.8195228195228,
    "AUC/AUC_class4": 80.93453294083501,
    "AUC/AUC_class5": 52.24929486202166,
    "AUC/AUC_class6": 58.23043478260869,
    "AUC/AUC_class7": 49.89263773187268,
    "AUC/AUC_class8": 63.7046307884856,
    "AUC/AUC_class9": 72.93226673660743,
    "AUC/AUC_class10": 47.30124089628746,
    "AUC/AUC_class11": 51.34693750583259,
    "AUC/AUC_class12": 42.29770444763271,
    "AUC/AUC_class13": 64.93041425897289,
    "AUC/AUC_class14": 57.64165760541259,
    "AUC/AUC_class15": 49.38848008119766,
    "AUC/AUC_class16": 98.3216476774759,
    "AUC/AUC_class17": 51.420530688823376,
    "AUC/AUC_class18": 83.6646499567848,
    "AUC/AUC_class19": 66.18073687264288,
    "MAP_class1": 0.6156270237537675,
    "MAP_class2": 0.19914872738355544,
    "MAP_class3": 0.4357182000987557,
    "MAP_class4": 0.561471561743602,
    "MAP_class5": 0.2059227781734653,
    "MAP_class6": 0.18653282892282555,
    "MAP_class7": 0.1896992299137748,
    "MAP_class8": 0.18881080101587716,
    "MAP_class9": 0.2578985969966875,
    "MAP_class10": 0.12975755908170533,
    "MAP_class11": 0.12863831586603747,
    "MAP_class12": 0.09421638403199538,
    "MAP_class13": 0.09011925619239249,
    "MAP_class14": 0.09589722213088177,
    "MAP_class15": 0.03651670415049705,
    "MAP_class16": 0.6771657705418404,
    "MAP_class17": 0.026048528296369552,
    "MAP_class18": 0.013881664851627305,
    "MAP_class19": 0.019747777402897595,
    "Aggregate": 42.363951740576596
}