{
    "multi-label/mAP": 21.162458419799805,
    "multi-label/precision": 19.182151794433594,
    "multi-label/recall": 13.926419258117676,
    "multi-label/f1-score": 12.822735786437988,
    "multi-label/precision_micro": 29.307025909423828,
    "multi-label/recall_micro": 22.572275161743164,
    "multi-label/f1-score_micro": 25.50251007080078,
    "AUC/AUC_multilabe": 60.58183683435249,
    "AUC/AUC_class1": 75.99769223903814,
    "AUC/AUC_class2": 57.37314430781768,
    "AUC/AUC_class3": 69.31986931986933,
    "AUC/AUC_class4": 68.1707367635474,
    "AUC/AUC_class5": 56.59399298673578,
    "AUC/AUC_class6": 54.384472049689435,
    "AUC/AUC_class7": 50.136191025309664,
    "AUC/AUC_class8": 67.29940203031568,
    "AUC/AUC_class9": 69.31086486132057,
    "AUC/AUC_class10": 47.01893064683939,
    "AUC/AUC_class11": 53.45522132702896,
    "AUC/AUC_class12": 41.11621233859398,
    "AUC/AUC_class13": 71.61430780499715,
    "AUC/AUC_class14": 60.55233377632797,
    "AUC/AUC_class15": 50.10657193605683,
    "AUC/AUC_class16": 95.66170026292725,
    "AUC/AUC_class17": 51.25971589386224,
    "AUC/AUC_class18": 57.368193604148665,
    "AUC/AUC_class19": 54.315346678270956,
    "MAP_class1": 0.6535021295435516,
    "MAP_class2": 0.22009413353332394,
    "MAP_class3": 0.4045781622814912,
    "MAP_class4": 0.42757207372407524,
    "MAP_class5": 0.23020397001781906,
    "MAP_class6": 0.1732217779470442,
    "MAP_class7": 0.19074321169869307,
    "MAP_class8": 0.23844370848054317,
    "MAP_class9": 0.2231982853545877,
    "MAP_class10": 0.13880073873987825,
    "MAP_class11": 0.14734607345069411,
    "MAP_class12": 0.09381784593054379,
    "MAP_class13": 0.10961690186306358,
    "MAP_class14": 0.11179160566263832,
    "MAP_class15": 0.03243392645589861,
    "MAP_class16": 0.5550966928277945,
    "MAP_class17": 0.05281250741651357,
    "MAP_class18": 0.005142271577682951,
    "MAP_class19": 0.012451205570272217,
    "Aggregate": 40.87214794895548
}