{
    "multi-label/mAP": 25.263559341430664,
    "multi-label/precision": 27.1954402923584,
    "multi-label/recall": 24.208288192749023,
    "multi-label/f1-score": 23.82586669921875,
    "multi-label/precision_micro": 40.808509826660156,
    "multi-label/recall_micro": 35.54484939575195,
    "multi-label/f1-score_micro": 37.995243072509766,
    "AUC/AUC_multilabe": 66.32764261948005,
    "AUC/AUC_class1": 82.39423824763168,
    "AUC/AUC_class2": 61.96157502690167,
    "AUC/AUC_class3": 71.3151338151338,
    "AUC/AUC_class4": 80.38061279489199,
    "AUC/AUC_class5": 65.58402576612289,
    "AUC/AUC_class6": 55.267080745341616,
    "AUC/AUC_class7": 52.737737837246755,
    "AUC/AUC_class8": 70.05423445974134,
    "AUC/AUC_class9": 75.47308373221428,
    "AUC/AUC_class10": 53.89334382216357,
    "AUC/AUC_class11": 69.92954241453324,
    "AUC/AUC_class12": 71.20946915351509,
    "AUC/AUC_class13": 73.0955481403109,
    "AUC/AUC_class14": 66.69485723490797,
    "AUC/AUC_class15": 44.752600862725195,
    "AUC/AUC_class16": 97.61174408413672,
    "AUC/AUC_class17": 36.32404181184668,
    "AUC/AUC_class18": 71.24027657735522,
    "AUC/AUC_class19": 60.306063243400054,
    "MAP_class1": 0.6829026350430675,
    "MAP_class2": 0.2571031249820752,
    "MAP_class3": 0.4171689982353962,
    "MAP_class4": 0.5364468192210817,
    "MAP_class5": 0.30655832151353407,
    "MAP_class6": 0.16844430745243502,
    "MAP_class7": 0.21847169480160344,
    "MAP_class8": 0.22788480063679215,
    "MAP_class9": 0.3083800945924307,
    "MAP_class10": 0.1567693198527264,
    "MAP_class11": 0.23108885540351276,
    "MAP_class12": 0.26279640934480886,
    "MAP_class13": 0.14058752616060133,
    "MAP_class14": 0.1475734880006843,
    "MAP_class15": 0.02690797333466903,
    "MAP_class16": 0.6657977434464848,
    "MAP_class17": 0.009837046183707307,
    "MAP_class18": 0.017112455603504197,
    "MAP_class19": 0.018168969125454047,
    "Aggregate": 45.79540179114678
}