{
    "multi-label/mAP": 19.009626388549805,
    "multi-label/precision": 22.348175048828125,
    "multi-label/recall": 10.461898803710938,
    "multi-label/f1-score": 12.19935131072998,
    "multi-label/precision_micro": 30.580537796020508,
    "multi-label/recall_micro": 13.862119674682617,
    "multi-label/f1-score_micro": 19.076765060424805,
    "AUC/AUC_multilabe": 60.603799758629485,
    "AUC/AUC_class1": 73.29850441789598,
    "AUC/AUC_class2": 55.91523104085918,
    "AUC/AUC_class3": 70.33957033957034,
    "AUC/AUC_class4": 74.90194452506323,
    "AUC/AUC_class5": 44.89441988107943,
    "AUC/AUC_class6": 53.99751552795031,
    "AUC/AUC_class7": 46.59124798695747,
    "AUC/AUC_class8": 64.8887498261716,
    "AUC/AUC_class9": 72.11920529801326,
    "AUC/AUC_class10": 49.25647727561093,
    "AUC/AUC_class11": 54.46775748903474,
    "AUC/AUC_class12": 41.97274031563845,
    "AUC/AUC_class13": 71.20940831773419,
    "AUC/AUC_class14": 64.18791027344851,
    "AUC/AUC_class15": 51.91321999492514,
    "AUC/AUC_class16": 93.1507449605609,
    "AUC/AUC_class17": 64.73465558831411,
    "AUC/AUC_class18": 41.767502160760586,
    "AUC/AUC_class19": 61.86539019437192,
    "MAP_class1": 0.5943447882989911,
    "MAP_class2": 0.21121538483181662,
    "MAP_class3": 0.39150171538200457,
    "MAP_class4": 0.47210223564288156,
    "MAP_class5": 0.1748594853918097,
    "MAP_class6": 0.16539026601595466,
    "MAP_class7": 0.17768161785716485,
    "MAP_class8": 0.21548486284378643,
    "MAP_class9": 0.2598213921327551,
    "MAP_class10": 0.13967421178320577,
    "MAP_class11": 0.1577931388852747,
    "MAP_class12": 0.09495577618392642,
    "MAP_class13": 0.1086550630548498,
    "MAP_class14": 0.15006533521782364,
    "MAP_class15": 0.044182082246797275,
    "MAP_class16": 0.20278293593178595,
    "MAP_class17": 0.0215317612901536,
    "MAP_class18": 0.003532425688615665,
    "MAP_class19": 0.02625457538662237,
    "Aggregate": 39.80671317948901
}