{
    "multi-label/mAP": 20.063817977905273,
    "multi-label/precision": 22.087783813476562,
    "multi-label/recall": 16.395418167114258,
    "multi-label/f1-score": 16.63507080078125,
    "multi-label/precision_micro": 32.17472839355469,
    "multi-label/recall_micro": 25.389177322387695,
    "multi-label/f1-score_micro": 28.38201904296875,
    "AUC/AUC_multilabe": 58.38026857998562,
    "AUC/AUC_class1": 65.89087860667337,
    "AUC/AUC_class2": 56.57079576677566,
    "AUC/AUC_class3": 64.9057024057024,
    "AUC/AUC_class4": 69.58062108710975,
    "AUC/AUC_class5": 55.47768333587438,
    "AUC/AUC_class6": 55.183850931677014,
    "AUC/AUC_class7": 49.39161381394517,
    "AUC/AUC_class8": 65.57676261994159,
    "AUC/AUC_class9": 72.34804275129501,
    "AUC/AUC_class10": 50.0640749105489,
    "AUC/AUC_class11": 54.21423460976141,
    "AUC/AUC_class12": 39.848637015781925,
    "AUC/AUC_class13": 58.81012452185237,
    "AUC/AUC_class14": 59.8646852724417,
    "AUC/AUC_class15": 44.03450900786602,
    "AUC/AUC_class16": 93.14636283961437,
    "AUC/AUC_class17": 43.77512731171268,
    "AUC/AUC_class18": 47.45030250648228,
    "AUC/AUC_class19": 63.09109370467073,
    "MAP_class1": 0.5157342377911527,
    "MAP_class2": 0.20514853181173723,
    "MAP_class3": 0.33859895920544336,
    "MAP_class4": 0.3869277542663989,
    "MAP_class5": 0.2184420014398369,
    "MAP_class6": 0.17400601546306088,
    "MAP_class7": 0.1983431501573555,
    "MAP_class8": 0.20405504792624068,
    "MAP_class9": 0.2656347302765297,
    "MAP_class10": 0.13579822090971033,
    "MAP_class11": 0.15266640808787946,
    "MAP_class12": 0.09049834380479312,
    "MAP_class13": 0.0522754404622255,
    "MAP_class14": 0.10852144827238891,
    "MAP_class15": 0.029750011394108312,
    "MAP_class16": 0.686250643219199,
    "MAP_class17": 0.025234324306851918,
    "MAP_class18": 0.003997176603310077,
    "MAP_class19": 0.017952239742559953,
    "Aggregate": 39.21601504036329
}