{
    "multi-label/mAP": 26.471895217895508,
    "multi-label/precision": 27.386512756347656,
    "multi-label/recall": 23.797216415405273,
    "multi-label/f1-score": 24.617162704467773,
    "multi-label/precision_micro": 36.14505386352539,
    "multi-label/recall_micro": 33.98814010620117,
    "multi-label/f1-score_micro": 35.03342819213867,
    "AUC/AUC_multilabe": 66.77205843844739,
    "AUC/AUC_class1": 86.73579324501792,
    "AUC/AUC_class2": 58.9579916213082,
    "AUC/AUC_class3": 70.43774543774543,
    "AUC/AUC_class4": 81.02160122724823,
    "AUC/AUC_class5": 62.9659627992072,
    "AUC/AUC_class6": 63.25900621118012,
    "AUC/AUC_class7": 54.18911664711612,
    "AUC/AUC_class8": 67.83062161034627,
    "AUC/AUC_class9": 76.55432430660284,
    "AUC/AUC_class10": 54.28350293095136,
    "AUC/AUC_class11": 65.82962640370796,
    "AUC/AUC_class12": 75.47274031563845,
    "AUC/AUC_class13": 72.72523805648245,
    "AUC/AUC_class14": 61.777616688816394,
    "AUC/AUC_class15": 51.03273280893175,
    "AUC/AUC_class16": 97.88343558282209,
    "AUC/AUC_class17": 47.90940766550522,
    "AUC/AUC_class18": 68.3448573898012,
    "AUC/AUC_class19": 51.45778938207136,
    "MAP_class1": 0.782409439334098,
    "MAP_class2": 0.2142586129363573,
    "MAP_class3": 0.4476125065884052,
    "MAP_class4": 0.558902972146713,
    "MAP_class5": 0.2949012093267588,
    "MAP_class6": 0.22748728275338934,
    "MAP_class7": 0.2088397682230607,
    "MAP_class8": 0.2614341462059163,
    "MAP_class9": 0.31919220227246675,
    "MAP_class10": 0.1597963964700514,
    "MAP_class11": 0.21255931443735498,
    "MAP_class12": 0.2784704736719213,
    "MAP_class13": 0.13311329842745617,
    "MAP_class14": 0.1263206574727483,
    "MAP_class15": 0.03150668232045177,
    "MAP_class16": 0.6970146175536499,
    "MAP_class17": 0.02709274971762763,
    "MAP_class18": 0.01954451522888937,
    "MAP_class19": 0.029208619376289807,
    "Aggregate": 46.62199096781213
}