{
    "multi-label/mAP": 23.492046356201172,
    "multi-label/precision": 25.466506958007812,
    "multi-label/recall": 25.689294815063477,
    "multi-label/f1-score": 23.637975692749023,
    "multi-label/precision_micro": 32.63790512084961,
    "multi-label/recall_micro": 34.21052551269531,
    "multi-label/f1-score_micro": 33.40571594238281,
    "AUC/AUC_multilabe": 64.5670911691403,
    "AUC/AUC_class1": 82.78136196146933,
    "AUC/AUC_class2": 57.44836448354036,
    "AUC/AUC_class3": 68.47671847671847,
    "AUC/AUC_class4": 78.13549483809446,
    "AUC/AUC_class5": 59.78093078213143,
    "AUC/AUC_class6": 53.606211180124234,
    "AUC/AUC_class7": 54.33226633795256,
    "AUC/AUC_class8": 65.46029759421499,
    "AUC/AUC_class9": 74.8790243262737,
    "AUC/AUC_class10": 53.83688177227396,
    "AUC/AUC_class11": 66.99147665412013,
    "AUC/AUC_class12": 72.71736011477762,
    "AUC/AUC_class13": 72.25522910393099,
    "AUC/AUC_class14": 64.61479602110265,
    "AUC/AUC_class15": 51.46409540725704,
    "AUC/AUC_class16": 97.62050832602979,
    "AUC/AUC_class17": 54.616724738675956,
    "AUC/AUC_class18": 46.11063094209162,
    "AUC/AUC_class19": 51.64635915288657,
    "MAP_class1": 0.7186755906212361,
    "MAP_class2": 0.20680554682052188,
    "MAP_class3": 0.3981793806986737,
    "MAP_class4": 0.5034876743012935,
    "MAP_class5": 0.25936896798425535,
    "MAP_class6": 0.17505113878150033,
    "MAP_class7": 0.21927627662931706,
    "MAP_class8": 0.19572668938498117,
    "MAP_class9": 0.2796879503038926,
    "MAP_class10": 0.1581432579488132,
    "MAP_class11": 0.19925252753456774,
    "MAP_class12": 0.24579915972062097,
    "MAP_class13": 0.1237981260311498,
    "MAP_class14": 0.12349795893916798,
    "MAP_class15": 0.048818171084707866,
    "MAP_class16": 0.48175359922694116,
    "MAP_class17": 0.018296766183555895,
    "MAP_class18": 0.008651882183862635,
    "MAP_class19": 0.0992184730268417,
    "Aggregate": 44.02956963037515
}