{
    "multi-label/mAP": 20.2327823638916,
    "multi-label/precision": 19.112014770507812,
    "multi-label/recall": 21.083858489990234,
    "multi-label/f1-score": 17.864110946655273,
    "multi-label/precision_micro": 30.839750289916992,
    "multi-label/recall_micro": 31.17123794555664,
    "multi-label/f1-score_micro": 31.004608154296875,
    "AUC/AUC_multilabe": 59.229979396442054,
    "AUC/AUC_class1": 71.97504813147862,
    "AUC/AUC_class2": 57.91640113248153,
    "AUC/AUC_class3": 65.62035937035937,
    "AUC/AUC_class4": 78.33865417305859,
    "AUC/AUC_class5": 58.73275270620522,
    "AUC/AUC_class6": 49.29378881987577,
    "AUC/AUC_class7": 48.92041274827525,
    "AUC/AUC_class8": 68.00792657488527,
    "AUC/AUC_class9": 73.72893580748803,
    "AUC/AUC_class10": 45.5052401857538,
    "AUC/AUC_class11": 48.76038199520951,
    "AUC/AUC_class12": 49.0803443328551,
    "AUC/AUC_class13": 48.74664279319606,
    "AUC/AUC_class14": 62.370625427892556,
    "AUC/AUC_class15": 38.53844201979193,
    "AUC/AUC_class16": 92.011393514461,
    "AUC/AUC_class17": 54.29509514875368,
    "AUC/AUC_class18": 55.07778738115816,
    "AUC/AUC_class19": 58.44937626921961,
    "MAP_class1": 0.5912863928147627,
    "MAP_class2": 0.20900215649442141,
    "MAP_class3": 0.3517987318506397,
    "MAP_class4": 0.4913690416542742,
    "MAP_class5": 0.22851556591469185,
    "MAP_class6": 0.14125993854701932,
    "MAP_class7": 0.20026374639918207,
    "MAP_class8": 0.2204388670164573,
    "MAP_class9": 0.2594589373531964,
    "MAP_class10": 0.11975975259050098,
    "MAP_class11": 0.11139710740982242,
    "MAP_class12": 0.11495819806962955,
    "MAP_class13": 0.04736888812289154,
    "MAP_class14": 0.11152023658824375,
    "MAP_class15": 0.02358159319767774,
    "MAP_class16": 0.5827203391995819,
    "MAP_class17": 0.021768195193554794,
    "MAP_class18": 0.004668193398143716,
    "MAP_class19": 0.013092627741335738,
    "Aggregate": 39.73138051284215
}