{
    "multi-label/mAP": 18.44196128845215,
    "multi-label/precision": 19.500762939453125,
    "multi-label/recall": 16.7041015625,
    "multi-label/f1-score": 17.122243881225586,
    "multi-label/precision_micro": 29.383697509765625,
    "multi-label/recall_micro": 27.39065933227539,
    "multi-label/f1-score_micro": 28.352197647094727,
    "AUC/AUC_multilabe": 60.99511946251019,
    "AUC/AUC_class1": 64.2851678545473,
    "AUC/AUC_class2": 58.663379266394344,
    "AUC/AUC_class3": 63.027588027588024,
    "AUC/AUC_class4": 76.39371449894274,
    "AUC/AUC_class5": 62.66937604817807,
    "AUC/AUC_class6": 55.52795031055901,
    "AUC/AUC_class7": 49.36527029445096,
    "AUC/AUC_class8": 54.99999999999999,
    "AUC/AUC_class9": 62.704740672742766,
    "AUC/AUC_class10": 49.76780774989216,
    "AUC/AUC_class11": 62.420288051762206,
    "AUC/AUC_class12": 50.822812051649926,
    "AUC/AUC_class13": 75.50866769756654,
    "AUC/AUC_class14": 57.56211993073176,
    "AUC/AUC_class15": 56.50088809946714,
    "AUC/AUC_class16": 83.54951796669587,
    "AUC/AUC_class17": 53.196194049852586,
    "AUC/AUC_class18": 60.069144338807256,
    "AUC/AUC_class19": 61.87264287786481,
    "MAP_class1": 0.5092458893603445,
    "MAP_class2": 0.20760246887029188,
    "MAP_class3": 0.34749733944790007,
    "MAP_class4": 0.48107220610276213,
    "MAP_class5": 0.2912829248461076,
    "MAP_class6": 0.1582743479092355,
    "MAP_class7": 0.18084484393337447,
    "MAP_class8": 0.14914226901751348,
    "MAP_class9": 0.214138566111662,
    "MAP_class10": 0.1500694124444606,
    "MAP_class11": 0.19003835612340786,
    "MAP_class12": 0.11626117806354022,
    "MAP_class13": 0.10583756363862559,
    "MAP_class14": 0.1043380307857402,
    "MAP_class15": 0.0370454995280773,
    "MAP_class16": 0.21142072866227934,
    "MAP_class17": 0.01674260320467636,
    "MAP_class18": 0.01214969581593547,
    "MAP_class19": 0.020934493776615826,
    "Aggregate": 39.71845030399865
}