{
    "multi-label/mAP": 17.417438507080078,
    "multi-label/precision": 12.59649658203125,
    "multi-label/recall": 7.76217794418335,
    "multi-label/f1-score": 9.016797065734863,
    "multi-label/precision_micro": 34.66440200805664,
    "multi-label/recall_micro": 15.122312545776367,
    "multi-label/f1-score_micro": 21.05806541442871,
    "AUC/AUC_multilabe": 56.18215095753652,
    "AUC/AUC_class1": 76.94055921765629,
    "AUC/AUC_class2": 58.60696413460232,
    "AUC/AUC_class3": 61.21052371052371,
    "AUC/AUC_class4": 56.016833202039884,
    "AUC/AUC_class5": 58.61697667327337,
    "AUC/AUC_class6": 52.400000000000006,
    "AUC/AUC_class7": 46.616597411376425,
    "AUC/AUC_class8": 58.63788068418856,
    "AUC/AUC_class9": 57.53294865910432,
    "AUC/AUC_class10": 56.03763290785901,
    "AUC/AUC_class11": 44.850996982611136,
    "AUC/AUC_class12": 57.34002869440459,
    "AUC/AUC_class13": 62.44201188247742,
    "AUC/AUC_class14": 47.30880753896339,
    "AUC/AUC_class15": 51.51484394823649,
    "AUC/AUC_class16": 93.11130587204207,
    "AUC/AUC_class17": 46.67649423746985,
    "AUC/AUC_class18": 26.631374243733795,
    "AUC/AUC_class19": 54.96808819263127,
    "MAP_class1": 0.66750570080083,
    "MAP_class2": 0.22080205478877984,
    "MAP_class3": 0.3114974101718621,
    "MAP_class4": 0.2799052873463631,
    "MAP_class5": 0.2517513900548696,
    "MAP_class6": 0.1485200982662358,
    "MAP_class7": 0.1684273948526047,
    "MAP_class8": 0.15994766028170893,
    "MAP_class9": 0.1583449340802307,
    "MAP_class10": 0.15491545732067089,
    "MAP_class11": 0.10047505415761562,
    "MAP_class12": 0.15871728527871865,
    "MAP_class13": 0.05900766649679299,
    "MAP_class14": 0.08204178148129915,
    "MAP_class15": 0.0496036108415079,
    "MAP_class16": 0.29225248430068856,
    "MAP_class17": 0.017309867916697558,
    "MAP_class18": 0.002890168224182402,
    "MAP_class19": 0.021296210909116806,
    "Aggregate": 36.78900052500714
}