{
    "multi-label/mAP": 19.734712600708008,
    "multi-label/precision": 20.597318649291992,
    "multi-label/recall": 14.072150230407715,
    "multi-label/f1-score": 13.12508487701416,
    "multi-label/precision_micro": 34.586463928222656,
    "multi-label/recall_micro": 25.574499130249023,
    "multi-label/f1-score_micro": 29.405494689941406,
    "AUC/AUC_multilabe": 60.376193926788645,
    "AUC/AUC_class1": 72.07896112506533,
    "AUC/AUC_class2": 60.300462813025625,
    "AUC/AUC_class3": 68.87354387354388,
    "AUC/AUC_class4": 75.57568721754633,
    "AUC/AUC_class5": 51.0100625095289,
    "AUC/AUC_class6": 57.10931677018634,
    "AUC/AUC_class7": 56.66192814680796,
    "AUC/AUC_class8": 63.931303017660966,
    "AUC/AUC_class9": 73.82007737197561,
    "AUC/AUC_class10": 43.344456568629944,
    "AUC/AUC_class11": 54.26245061747598,
    "AUC/AUC_class12": 41.00860832137733,
    "AUC/AUC_class13": 58.62700415072841,
    "AUC/AUC_class14": 57.98900567838589,
    "AUC/AUC_class15": 54.34661253488963,
    "AUC/AUC_class16": 97.05959684487291,
    "AUC/AUC_class17": 58.978826051996776,
    "AUC/AUC_class18": 45.65687121866897,
    "AUC/AUC_class19": 56.51290977661735,
    "MAP_class1": 0.6014645008845618,
    "MAP_class2": 0.24356553799213518,
    "MAP_class3": 0.38600251612823955,
    "MAP_class4": 0.475608570499506,
    "MAP_class5": 0.19482024985426522,
    "MAP_class6": 0.16536695098879317,
    "MAP_class7": 0.22438348693254087,
    "MAP_class8": 0.18977032697239893,
    "MAP_class9": 0.24285168635068646,
    "MAP_class10": 0.11589462791047886,
    "MAP_class11": 0.14827594129254418,
    "MAP_class12": 0.09898396137643069,
    "MAP_class13": 0.0546195029919208,
    "MAP_class14": 0.0969330916264296,
    "MAP_class15": 0.0419984435409332,
    "MAP_class16": 0.43621234549868804,
    "MAP_class17": 0.01511902493624519,
    "MAP_class18": 0.0038781399348968406,
    "MAP_class19": 0.013846810289757025,
    "Aggregate": 40.05545411076656
}