{
    "multi-label/mAP": 21.06552505493164,
    "multi-label/precision": 22.66777801513672,
    "multi-label/recall": 19.503616333007812,
    "multi-label/f1-score": 18.584632873535156,
    "multi-label/precision_micro": 33.652645111083984,
    "multi-label/recall_micro": 29.948108673095703,
    "multi-label/f1-score_micro": 31.692487716674805,
    "AUC/AUC_multilabe": 62.84935253653524,
    "AUC/AUC_class1": 77.21851053792506,
    "AUC/AUC_class2": 56.430802661958445,
    "AUC/AUC_class3": 66.40390390390391,
    "AUC/AUC_class4": 78.8079936979145,
    "AUC/AUC_class5": 62.36754840676932,
    "AUC/AUC_class6": 51.02546583850932,
    "AUC/AUC_class7": 52.96488856194206,
    "AUC/AUC_class8": 68.815880962314,
    "AUC/AUC_class9": 75.03311258278146,
    "AUC/AUC_class10": 58.37351232014617,
    "AUC/AUC_class11": 51.85476094192304,
    "AUC/AUC_class12": 66.29698708751793,
    "AUC/AUC_class13": 69.75665337348418,
    "AUC/AUC_class14": 49.19052796907092,
    "AUC/AUC_class15": 53.83912712509515,
    "AUC/AUC_class16": 93.15512708150744,
    "AUC/AUC_class17": 53.839453229697135,
    "AUC/AUC_class18": 52.80898876404494,
    "AUC/AUC_class19": 55.95445314766463,
    "MAP_class1": 0.6684793743454245,
    "MAP_class2": 0.1967839961281042,
    "MAP_class3": 0.3704349663923248,
    "MAP_class4": 0.5330197456435047,
    "MAP_class5": 0.2799373449044125,
    "MAP_class6": 0.15589837941215118,
    "MAP_class7": 0.2009611698213979,
    "MAP_class8": 0.21985099115794474,
    "MAP_class9": 0.316239776914554,
    "MAP_class10": 0.16088829594404422,
    "MAP_class11": 0.11159737486397543,
    "MAP_class12": 0.20626134171615026,
    "MAP_class13": 0.10983180895052662,
    "MAP_class14": 0.0857192779021437,
    "MAP_class15": 0.037364994121217646,
    "MAP_class16": 0.2820800713072604,
    "MAP_class17": 0.027945463892204946,
    "MAP_class18": 0.02387292785974016,
    "MAP_class19": 0.015282729634667105,
    "Aggregate": 41.957439507509065
}