{
    "multi-label/mAP": 22.91551399230957,
    "multi-label/precision": 24.68476104736328,
    "multi-label/recall": 18.00897789001465,
    "multi-label/f1-score": 18.3951416015625,
    "multi-label/precision_micro": 32.35451126098633,
    "multi-label/recall_micro": 22.461082458496094,
    "multi-label/f1-score_micro": 26.514986038208008,
    "AUC/AUC_multilabe": 64.85133867942983,
    "AUC/AUC_class1": 75.57949025257868,
    "AUC/AUC_class2": 58.18594009548783,
    "AUC/AUC_class3": 64.14628914628915,
    "AUC/AUC_class4": 81.53032878643394,
    "AUC/AUC_class5": 62.02450830919347,
    "AUC/AUC_class6": 53.95590062111801,
    "AUC/AUC_class7": 51.093504582778294,
    "AUC/AUC_class8": 70.00625782227785,
    "AUC/AUC_class9": 77.73982033964985,
    "AUC/AUC_class10": 57.570355520592784,
    "AUC/AUC_class11": 54.18312750801009,
    "AUC/AUC_class12": 68.80918220946914,
    "AUC/AUC_class13": 79.94221534955645,
    "AUC/AUC_class14": 57.975917200273855,
    "AUC/AUC_class15": 57.185993402689675,
    "AUC/AUC_class16": 90.94653812445223,
    "AUC/AUC_class17": 55.96354864647548,
    "AUC/AUC_class18": 58.751080380293864,
    "AUC/AUC_class19": 56.58543661154627,
    "MAP_class1": 0.6222049654524591,
    "MAP_class2": 0.20968134751178846,
    "MAP_class3": 0.32934409078479077,
    "MAP_class4": 0.5729768976961689,
    "MAP_class5": 0.2571321527570973,
    "MAP_class6": 0.15622961201091884,
    "MAP_class7": 0.18234190908924847,
    "MAP_class8": 0.2584618543940198,
    "MAP_class9": 0.31088368905233094,
    "MAP_class10": 0.17573680348449802,
    "MAP_class11": 0.14516571526731664,
    "MAP_class12": 0.20155414864223764,
    "MAP_class13": 0.24521597366017678,
    "MAP_class14": 0.11352803887819013,
    "MAP_class15": 0.03772525623704131,
    "MAP_class16": 0.4856604437279073,
    "MAP_class17": 0.01912097633846157,
    "MAP_class18": 0.018568506569484146,
    "MAP_class19": 0.012414818072569228,
    "Aggregate": 43.88342512820624
}