{
    "multi-label/mAP": 26.04638671875,
    "multi-label/precision": 27.707721710205078,
    "multi-label/recall": 24.649038314819336,
    "multi-label/f1-score": 23.820810317993164,
    "multi-label/precision_micro": 37.15890884399414,
    "multi-label/recall_micro": 34.321720123291016,
    "multi-label/f1-score_micro": 35.68400955200195,
    "AUC/AUC_multilabe": 66.53824120597955,
    "AUC/AUC_class1": 84.68669913682089,
    "AUC/AUC_class2": 58.09504904982292,
    "AUC/AUC_class3": 63.21940071940072,
    "AUC/AUC_class4": 82.99431983083875,
    "AUC/AUC_class5": 65.54495731056565,
    "AUC/AUC_class6": 58.1919254658385,
    "AUC/AUC_class7": 53.69455434717777,
    "AUC/AUC_class8": 65.87192323738006,
    "AUC/AUC_class9": 75.01606452035932,
    "AUC/AUC_class10": 53.12634811074175,
    "AUC/AUC_class11": 63.09764519239742,
    "AUC/AUC_class12": 74.46915351506456,
    "AUC/AUC_class13": 70.9387971026288,
    "AUC/AUC_class14": 65.7977930812291,
    "AUC/AUC_class15": 50.57599594011673,
    "AUC/AUC_class16": 98.13321647677476,
    "AUC/AUC_class17": 46.750201018493705,
    "AUC/AUC_class18": 66.63785652549699,
    "AUC/AUC_class19": 67.38468233246302,
    "MAP_class1": 0.7544597611869587,
    "MAP_class2": 0.20856529142924662,
    "MAP_class3": 0.3584940531443006,
    "MAP_class4": 0.5933802520611279,
    "MAP_class5": 0.32053842861927445,
    "MAP_class6": 0.19892176936157024,
    "MAP_class7": 0.19970747840868447,
    "MAP_class8": 0.2277964949203341,
    "MAP_class9": 0.2989857765136979,
    "MAP_class10": 0.16498004886216272,
    "MAP_class11": 0.21543620054489335,
    "MAP_class12": 0.26941414705709194,
    "MAP_class13": 0.11150210194515688,
    "MAP_class14": 0.13222628197298036,
    "MAP_class15": 0.03211426630186908,
    "MAP_class16": 0.739085257719079,
    "MAP_class17": 0.011185809247951838,
    "MAP_class18": 0.0881160506160506,
    "MAP_class19": 0.023841664668296014,
    "Aggregate": 46.292149904518
}