{
    "multi-label/mAP": 25.201452255249023,
    "multi-label/precision": 27.6568603515625,
    "multi-label/recall": 26.186519622802734,
    "multi-label/f1-score": 24.6132869720459,
    "multi-label/precision_micro": 39.2342529296875,
    "multi-label/recall_micro": 35.32246017456055,
    "multi-label/f1-score_micro": 37.17573547363281,
    "AUC/AUC_multilabe": 67.12198531264809,
    "AUC/AUC_class1": 85.26156749244558,
    "AUC/AUC_class2": 62.617662115149564,
    "AUC/AUC_class3": 70.54829554829554,
    "AUC/AUC_class4": 82.3607943944608,
    "AUC/AUC_class5": 64.46247522488183,
    "AUC/AUC_class6": 52.1583850931677,
    "AUC/AUC_class7": 57.497465057558095,
    "AUC/AUC_class8": 74.10652204144068,
    "AUC/AUC_class9": 76.95954363648285,
    "AUC/AUC_class10": 48.2033648844114,
    "AUC/AUC_class11": 66.79083584782406,
    "AUC/AUC_class12": 68.72955523672884,
    "AUC/AUC_class13": 73.29494587775697,
    "AUC/AUC_class14": 67.76408521606058,
    "AUC/AUC_class15": 48.162902816544026,
    "AUC/AUC_class16": 96.47677475898334,
    "AUC/AUC_class17": 35.794693111766286,
    "AUC/AUC_class18": 73.59550561797754,
    "AUC/AUC_class19": 70.5323469683783,
    "MAP_class1": 0.7570684144079528,
    "MAP_class2": 0.25348459815857416,
    "MAP_class3": 0.40479818133333173,
    "MAP_class4": 0.5787215507344812,
    "MAP_class5": 0.29787111303938363,
    "MAP_class6": 0.14768913226820954,
    "MAP_class7": 0.23095874207222958,
    "MAP_class8": 0.26468447601649603,
    "MAP_class9": 0.2926956905615996,
    "MAP_class10": 0.14330892966742992,
    "MAP_class11": 0.20207407531095306,
    "MAP_class12": 0.24198893311596226,
    "MAP_class13": 0.1240755802821181,
    "MAP_class14": 0.13213721187236396,
    "MAP_class15": 0.028018196570091455,
    "MAP_class16": 0.6132483884710042,
    "MAP_class17": 0.010464868628468241,
    "MAP_class18": 0.023204568493193283,
    "MAP_class19": 0.04088106633845627,
    "Aggregate": 46.15934454406694
}