{
    "multi-label/mAP": 20.412155151367188,
    "multi-label/precision": 17.558334350585938,
    "multi-label/recall": 47.8179931640625,
    "multi-label/f1-score": 23.167924880981445,
    "multi-label/precision_micro": 18.7989559173584,
    "multi-label/recall_micro": 59.137577056884766,
    "multi-label/f1-score_micro": 28.528976440429688,
    "AUC/AUC_multilabe": 59.75099467408429,
    "AUC/AUC_class1": 66.21778638462685,
    "AUC/AUC_class2": 61.56680200686271,
    "AUC/AUC_class3": 55.6096951524238,
    "AUC/AUC_class4": 55.6096951524238,
    "MAP_class1": 0.3848936961570008,
    "MAP_class2": 0.33502442240278374,
    "MAP_class3": 0.09654664309812891,
    "MAP_class4": -0.0,
    "Aggregate": 40.081306857766066
}