{
    "multi-label/mAP": 15.526555061340332,
    "multi-label/precision": 14.522442817687988,
    "multi-label/recall": 8.598359107971191,
    "multi-label/f1-score": 6.9927263259887695,
    "multi-label/precision_micro": 30.550724029541016,
    "multi-label/recall_micro": 19.532987594604492,
    "multi-label/f1-score_micro": 23.829978942871094,
    "AUC/AUC_multilabe": 54.68244944423544,
    "AUC/AUC_class1": 65.30055080261631,
    "AUC/AUC_class2": 51.32209906079254,
    "AUC/AUC_class3": 51.31216381216382,
    "AUC/AUC_class4": 60.867573282474396,
    "AUC/AUC_class5": 54.813519591401125,
    "AUC/AUC_class6": 56.64658385093168,
    "AUC/AUC_class7": 46.0459868381812,
    "AUC/AUC_class8": 57.77986371853706,
    "AUC/AUC_class9": 59.58625663890893,
    "AUC/AUC_class10": 54.82845687314437,
    "AUC/AUC_class11": 68.71169938096868,
    "AUC/AUC_class12": 57.46700143472023,
    "AUC/AUC_class13": 55.32269878733621,
    "AUC/AUC_class14": 54.92126777012605,
    "AUC/AUC_class15": 50.43897487947222,
    "AUC/AUC_class16": 75.53900087642418,
    "AUC/AUC_class17": 48.090324309836504,
    "AUC/AUC_class18": 34.572169403630085,
    "AUC/AUC_class19": 35.40034812880766,
    "MAP_class1": 0.5293727817512036,
    "MAP_class2": 0.1773162563792085,
    "MAP_class3": 0.23873104441263196,
    "MAP_class4": 0.3338932856217416,
    "MAP_class5": 0.21656272884894984,
    "MAP_class6": 0.20341606964051864,
    "MAP_class7": 0.16019965774538913,
    "MAP_class8": 0.14538719722879387,
    "MAP_class9": 0.17449578772374066,
    "MAP_class10": 0.1489105244550591,
    "MAP_class11": 0.2153843785392655,
    "MAP_class12": 0.14227737610552993,
    "MAP_class13": 0.040651185519913,
    "MAP_class14": 0.09982104066840052,
    "MAP_class15": 0.03014529534037632,
    "MAP_class16": 0.048080240178891384,
    "MAP_class17": 0.03034232584295534,
    "MAP_class18": 0.0032606206850599013,
    "MAP_class19": 0.008142901946029023,
    "Aggregate": 35.09488445536419
}