{
    "multi-label/mAP": 15.771333694458008,
    "multi-label/precision": 15.722604751586914,
    "multi-label/recall": 14.523609161376953,
    "multi-label/f1-score": 9.30762004852295,
    "multi-label/precision_micro": 25.017181396484375,
    "multi-label/recall_micro": 26.982952117919922,
    "multi-label/f1-score_micro": 25.96291160583496,
    "AUC/AUC_multilabe": 54.98543103811342,
    "AUC/AUC_class1": 70.90117428057783,
    "AUC/AUC_class2": 49.23421682215652,
    "AUC/AUC_class3": 48.93327393327393,
    "AUC/AUC_class4": 62.3516729549318,
    "AUC/AUC_class5": 56.027023936575695,
    "AUC/AUC_class6": 53.1167701863354,
    "AUC/AUC_class7": 44.53446527625901,
    "AUC/AUC_class8": 54.99582811848143,
    "AUC/AUC_class9": 55.872401809717395,
    "AUC/AUC_class10": 58.272641916410784,
    "AUC/AUC_class11": 45.32849099449404,
    "AUC/AUC_class12": 58.483500717360116,
    "AUC/AUC_class13": 53.28395865548954,
    "AUC/AUC_class14": 44.486730296806414,
    "AUC/AUC_class15": 52.20756153260593,
    "AUC/AUC_class16": 85.49079754601226,
    "AUC/AUC_class17": 45.168855534709195,
    "AUC/AUC_class18": 61.51685393258428,
    "AUC/AUC_class19": 44.516971279373365,
    "MAP_class1": 0.5991021286275257,
    "MAP_class2": 0.1681840023060176,
    "MAP_class3": 0.22491415091271658,
    "MAP_class4": 0.3081459709212935,
    "MAP_class5": 0.24413650272678053,
    "MAP_class6": 0.14246402550522966,
    "MAP_class7": 0.15525167619111663,
    "MAP_class8": 0.1339718079155458,
    "MAP_class9": 0.1702112159101255,
    "MAP_class10": 0.17413186583429902,
    "MAP_class11": 0.10153818494174983,
    "MAP_class12": 0.1859148982976529,
    "MAP_class13": 0.047329652742081924,
    "MAP_class14": 0.06749128527948212,
    "MAP_class15": 0.04265397244534122,
    "MAP_class16": 0.19175859866207082,
    "MAP_class17": 0.012902513559511577,
    "MAP_class18": 0.016744765539065867,
    "MAP_class19": 0.009698711373744109,
    "Aggregate": 35.378362702455
}