{
    "multi-label/mAP": 23.026260375976562,
    "multi-label/precision": 27.453641891479492,
    "multi-label/recall": 18.243650436401367,
    "multi-label/f1-score": 18.127511978149414,
    "multi-label/precision_micro": 36.479591369628906,
    "multi-label/recall_micro": 26.501113891601562,
    "multi-label/f1-score_micro": 30.699872970581055,
    "AUC/AUC_multilabe": 63.194706983108205,
    "AUC/AUC_class1": 81.35638331782076,
    "AUC/AUC_class2": 55.29988821446108,
    "AUC/AUC_class3": 68.3001683001683,
    "AUC/AUC_class4": 81.08006136241139,
    "AUC/AUC_class5": 63.56342430248514,
    "AUC/AUC_class6": 54.48881987577639,
    "AUC/AUC_class7": 52.12686641350379,
    "AUC/AUC_class8": 67.51355861493535,
    "AUC/AUC_class9": 77.03888269621665,
    "AUC/AUC_class10": 54.912832745451325,
    "AUC/AUC_class11": 48.238560363330954,
    "AUC/AUC_class12": 75.40315638450502,
    "AUC/AUC_class13": 73.1972816798242,
    "AUC/AUC_class14": 61.49571100640328,
    "AUC/AUC_class15": 48.627251966505966,
    "AUC/AUC_class16": 89.4127957931639,
    "AUC/AUC_class17": 39.17180380595015,
    "AUC/AUC_class18": 59.37770095073465,
    "AUC/AUC_class19": 50.09428488540759,
    "MAP_class1": 0.7164006909249051,
    "MAP_class2": 0.20893016274690046,
    "MAP_class3": 0.4039834053855853,
    "MAP_class4": 0.5639966047146522,
    "MAP_class5": 0.29982364747690426,
    "MAP_class6": 0.15471347348942183,
    "MAP_class7": 0.19985870634033231,
    "MAP_class8": 0.22962827075103126,
    "MAP_class9": 0.3365185384523249,
    "MAP_class10": 0.16130821007339347,
    "MAP_class11": 0.11116762391363702,
    "MAP_class12": 0.30287153659609795,
    "MAP_class13": 0.1174635530857894,
    "MAP_class14": 0.1393526945623101,
    "MAP_class15": 0.02822651811684932,
    "MAP_class16": 0.3691779855625381,
    "MAP_class17": 0.009165832314726001,
    "MAP_class18": 0.011758829656217648,
    "MAP_class19": 0.010600217112373906,
    "Aggregate": 43.11037060017513
}