{
    "multi-label/mAP": 19.496185302734375,
    "multi-label/precision": 19.085384368896484,
    "multi-label/recall": 26.143840789794922,
    "multi-label/f1-score": 18.48761558532715,
    "multi-label/precision_micro": 27.193876266479492,
    "multi-label/recall_micro": 39.510746002197266,
    "multi-label/f1-score_micro": 32.21516799926758,
    "AUC/AUC_multilabe": 59.83082490689561,
    "AUC/AUC_class1": 73.67510933176933,
    "AUC/AUC_class2": 56.97771602294215,
    "AUC/AUC_class3": 68.75515625515625,
    "AUC/AUC_class4": 71.08710974750197,
    "AUC/AUC_class5": 57.88372846470499,
    "AUC/AUC_class6": 56.60993788819874,
    "AUC/AUC_class7": 52.18502097540609,
    "AUC/AUC_class8": 67.69642608816575,
    "AUC/AUC_class9": 71.40187528686643,
    "AUC/AUC_class10": 45.96074301520034,
    "AUC/AUC_class11": 57.05197996702647,
    "AUC/AUC_class12": 51.3845050215208,
    "AUC/AUC_class13": 57.65850085456174,
    "AUC/AUC_class14": 54.251741774394915,
    "AUC/AUC_class15": 41.69500126871352,
    "AUC/AUC_class16": 88.97896581945662,
    "AUC/AUC_class17": 48.23773787188422,
    "AUC/AUC_class18": 60.630942091616255,
    "AUC/AUC_class19": 54.663475485929794,
    "MAP_class1": 0.6113434795531987,
    "MAP_class2": 0.20921319417778317,
    "MAP_class3": 0.38556697507733917,
    "MAP_class4": 0.41383515924969044,
    "MAP_class5": 0.22623694848568782,
    "MAP_class6": 0.16199972988819256,
    "MAP_class7": 0.20008380330052558,
    "MAP_class8": 0.2109465406237763,
    "MAP_class9": 0.2233116001658123,
    "MAP_class10": 0.12491897841007027,
    "MAP_class11": 0.13964082604594064,
    "MAP_class12": 0.1237845658038931,
    "MAP_class13": 0.04849852653511585,
    "MAP_class14": 0.09985297563980439,
    "MAP_class15": 0.027213686550771374,
    "MAP_class16": 0.4581938419697815,
    "MAP_class17": 0.01942004916684648,
    "MAP_class18": 0.006459293398315659,
    "MAP_class19": 0.013102227605162293,
    "Aggregate": 39.66178719462598
}