{
    "multi-label/mAP": 13.42591381072998,
    "multi-label/precision": 14.647547721862793,
    "multi-label/recall": 14.232773780822754,
    "multi-label/f1-score": 10.50211238861084,
    "multi-label/precision_micro": 13.064460754394531,
    "multi-label/recall_micro": 14.047442436218262,
    "multi-label/f1-score_micro": 13.538131713867188,
    "AUC/AUC_multilabe": 49.902825937849016,
    "AUC/AUC_class1": 50.730578470247735,
    "AUC/AUC_class2": 53.02343317418694,
    "AUC/AUC_class3": 51.32660132660132,
    "AUC/AUC_class4": 54.10879389692774,
    "AUC/AUC_class5": 46.03312242719927,
    "AUC/AUC_class6": 42.924223602484474,
    "AUC/AUC_class7": 47.391494522536135,
    "AUC/AUC_class8": 57.96551244611321,
    "AUC/AUC_class9": 54.761654973444365,
    "AUC/AUC_class10": 50.31212728703023,
    "AUC/AUC_class11": 54.32077643325971,
    "AUC/AUC_class12": 39.878766140602586,
    "AUC/AUC_class13": 38.941564254903554,
    "AUC/AUC_class14": 46.67049252949942,
    "AUC/AUC_class15": 44.46079675209338,
    "AUC/AUC_class16": 85.38562664329535,
    "AUC/AUC_class17": 46.63629053872957,
    "AUC/AUC_class18": 45.937770095073475,
    "AUC/AUC_class19": 37.344067304902815,
    "MAP_class1": 0.39690597011400264,
    "MAP_class2": 0.1846878717756013,
    "MAP_class3": 0.2577376495631263,
    "MAP_class4": 0.2691030226123806,
    "MAP_class5": 0.19194738414360032,
    "MAP_class6": 0.12041419501660816,
    "MAP_class7": 0.16574083734816164,
    "MAP_class8": 0.15009103961785086,
    "MAP_class9": 0.17278901410140152,
    "MAP_class10": 0.14177819498566505,
    "MAP_class11": 0.12615525562576202,
    "MAP_class12": 0.09236392481002312,
    "MAP_class13": 0.030634013766515318,
    "MAP_class14": 0.07234682892815447,
    "MAP_class15": 0.026509727318587677,
    "MAP_class16": 0.12570039881351003,
    "MAP_class17": 0.011588506405219653,
    "MAP_class18": 0.0060948443621273475,
    "MAP_class19": 0.008335153983463385,
    "Aggregate": 31.664370424955457
}