{
    "multi-label/mAP": 21.781848907470703,
    "multi-label/precision": 17.020313262939453,
    "multi-label/recall": 60.274593353271484,
    "multi-label/f1-score": 25.11158561706543,
    "multi-label/precision_micro": 19.135690689086914,
    "multi-label/recall_micro": 78.61378479003906,
    "multi-label/f1-score_micro": 30.779277801513672,
    "AUC/AUC_multilabe": 62.87184388980023,
    "AUC/AUC_class1": 74.6917672858946,
    "AUC/AUC_class2": 60.27643414578089,
    "AUC/AUC_class3": 60.49524799524799,
    "AUC/AUC_class4": 74.44628715950083,
    "AUC/AUC_class5": 59.74757966153377,
    "AUC/AUC_class6": 57.446583850931674,
    "AUC/AUC_class7": 54.27808815635127,
    "AUC/AUC_class8": 62.14643304130163,
    "AUC/AUC_class9": 69.9777063799095,
    "AUC/AUC_class10": 49.49755119648793,
    "AUC/AUC_class11": 66.79239120291163,
    "AUC/AUC_class12": 67.13199426111908,
    "AUC/AUC_class13": 70.46675347928705,
    "AUC/AUC_class14": 62.7652933832709,
    "AUC/AUC_class15": 55.11545293072824,
    "AUC/AUC_class16": 93.98334794040315,
    "AUC/AUC_class17": 49.08201554543019,
    "AUC/AUC_class18": 58.14606741573034,
    "AUC/AUC_class19": 48.078038874383516,
    "MAP_class1": 0.6197017140263948,
    "MAP_class2": 0.2256256006187476,
    "MAP_class3": 0.3140633887215863,
    "MAP_class4": 0.4942546741358774,
    "MAP_class5": 0.26106655844166904,
    "MAP_class6": 0.17202851499116265,
    "MAP_class7": 0.21189706511486905,
    "MAP_class8": 0.1968216510596042,
    "MAP_class9": 0.26639977966886497,
    "MAP_class10": 0.13662080072807586,
    "MAP_class11": 0.22644194198780018,
    "MAP_class12": 0.20232707043959708,
    "MAP_class13": 0.12346666903513076,
    "MAP_class14": 0.15426621429794282,
    "MAP_class15": 0.03597968629098789,
    "MAP_class16": 0.4583253318330485,
    "MAP_class17": 0.012452929268526272,
    "MAP_class18": 0.005562048180326094,
    "MAP_class19": 0.02124956315756977,
    "Aggregate": 42.32684616068375
}