{
    "multi-label/mAP": 20.7392520904541,
    "multi-label/precision": 22.932382583618164,
    "multi-label/recall": 16.659770965576172,
    "multi-label/f1-score": 15.996386528015137,
    "multi-label/precision_micro": 32.01246643066406,
    "multi-label/recall_micro": 26.649370193481445,
    "multi-label/f1-score_micro": 29.08576202392578,
    "AUC/AUC_multilabe": 59.763849582355256,
    "AUC/AUC_class1": 69.58664303655442,
    "AUC/AUC_class2": 55.63890136754459,
    "AUC/AUC_class3": 70.25335775335776,
    "AUC/AUC_class4": 78.05381649322112,
    "AUC/AUC_class5": 54.12172206128984,
    "AUC/AUC_class6": 52.97142857142857,
    "AUC/AUC_class7": 50.298725570113525,
    "AUC/AUC_class8": 71.4831038798498,
    "AUC/AUC_class9": 71.70087207396236,
    "AUC/AUC_class10": 45.93409800289289,
    "AUC/AUC_class11": 61.31054219678352,
    "AUC/AUC_class12": 45.459827833572454,
    "AUC/AUC_class13": 60.20997802555546,
    "AUC/AUC_class14": 57.66481414361082,
    "AUC/AUC_class15": 46.46536412078153,
    "AUC/AUC_class16": 96.1262050832603,
    "AUC/AUC_class17": 49.43714821763602,
    "AUC/AUC_class18": 47.839239412273116,
    "AUC/AUC_class19": 50.95735422106179,
    "MAP_class1": 0.549892451682351,
    "MAP_class2": 0.205223296043401,
    "MAP_class3": 0.3952967177138543,
    "MAP_class4": 0.49827875668233085,
    "MAP_class5": 0.20892973032816894,
    "MAP_class6": 0.1483621040010203,
    "MAP_class7": 0.20276339166817858,
    "MAP_class8": 0.23969334603887468,
    "MAP_class9": 0.239072495219753,
    "MAP_class10": 0.12477110178729735,
    "MAP_class11": 0.16182254032989768,
    "MAP_class12": 0.108319082792359,
    "MAP_class13": 0.06359662961315318,
    "MAP_class14": 0.10082903463786067,
    "MAP_class15": 0.03107260496371074,
    "MAP_class16": 0.5595104913775419,
    "MAP_class17": 0.08777633790227385,
    "MAP_class18": 0.0044236520368318814,
    "MAP_class19": 0.011034479109605682,
    "Aggregate": 40.25210438046306
}