{
    "multi-label/mAP": 14.771228790283203,
    "multi-label/precision": 13.16946792602539,
    "multi-label/recall": 30.826528549194336,
    "multi-label/f1-score": 16.205913543701172,
    "multi-label/precision_micro": 20.678085327148438,
    "multi-label/recall_micro": 43.40251922607422,
    "multi-label/f1-score_micro": 28.011003494262695,
    "AUC/AUC_multilabe": 54.56308411412601,
    "AUC/AUC_class1": 64.68360724713442,
    "AUC/AUC_class2": 54.179943375923266,
    "AUC/AUC_class3": 47.38928488928489,
    "AUC/AUC_class4": 69.85281313487293,
    "AUC/AUC_class5": 45.00209635615185,
    "AUC/AUC_class6": 48.26770186335403,
    "AUC/AUC_class7": 50.418016979143886,
    "AUC/AUC_class8": 52.86816854401335,
    "AUC/AUC_class9": 61.665464559701,
    "AUC/AUC_class10": 48.66774938462709,
    "AUC/AUC_class11": 55.15911282545806,
    "AUC/AUC_class12": 46.52439024390244,
    "AUC/AUC_class13": 54.66753479287051,
    "AUC/AUC_class14": 51.40852160605696,
    "AUC/AUC_class15": 45.42501903070287,
    "AUC/AUC_class16": 79.25942156003507,
    "AUC/AUC_class17": 47.28625033503083,
    "AUC/AUC_class18": 64.93085566119274,
    "AUC/AUC_class19": 49.04264577893821,
    "MAP_class1": 0.5072020329415557,
    "MAP_class2": 0.19229871829430983,
    "MAP_class3": 0.222560552282145,
    "MAP_class4": 0.3826805697141754,
    "MAP_class5": 0.18052332330221227,
    "MAP_class6": 0.1278331434050491,
    "MAP_class7": 0.18841157272974787,
    "MAP_class8": 0.13870153839728847,
    "MAP_class9": 0.1767313117049014,
    "MAP_class10": 0.13552947529641732,
    "MAP_class11": 0.13138936446477717,
    "MAP_class12": 0.11478747655280061,
    "MAP_class13": 0.05027443802666137,
    "MAP_class14": 0.0913437378150643,
    "MAP_class15": 0.026649349125422897,
    "MAP_class16": 0.10857270246893266,
    "MAP_class17": 0.011012164211981956,
    "MAP_class18": 0.00952086509440811,
    "MAP_class19": 0.010511199470165385,
    "Aggregate": 34.667156623636735
}