{
    "multi-label/mAP": 17.48845672607422,
    "multi-label/precision": 16.061216354370117,
    "multi-label/recall": 9.373445510864258,
    "multi-label/f1-score": 9.604290962219238,
    "multi-label/precision_micro": 28.89165496826172,
    "multi-label/recall_micro": 17.197925567626953,
    "multi-label/f1-score_micro": 21.561338424682617,
    "AUC/AUC_multilabe": 55.89199421393627,
    "AUC/AUC_class1": 73.67303744692788,
    "AUC/AUC_class2": 51.03688922784399,
    "AUC/AUC_class3": 56.338068838068835,
    "AUC/AUC_class4": 68.0998383017538,
    "AUC/AUC_class5": 38.117948620216495,
    "AUC/AUC_class6": 58.56211180124223,
    "AUC/AUC_class7": 53.780543571187145,
    "AUC/AUC_class8": 52.55458211653456,
    "AUC/AUC_class9": 51.06025834371517,
    "AUC/AUC_class10": 45.81482985256427,
    "AUC/AUC_class11": 56.11021246150496,
    "AUC/AUC_class12": 60.4770444763271,
    "AUC/AUC_class13": 52.11605762187678,
    "AUC/AUC_class14": 54.22455801216222,
    "AUC/AUC_class15": 48.9089063689419,
    "AUC/AUC_class16": 91.22699386503068,
    "AUC/AUC_class17": 51.60814794961137,
    "AUC/AUC_class18": 43.71218668971478,
    "AUC/AUC_class19": 54.525674499564836,
    "MAP_class1": 0.6125216671279488,
    "MAP_class2": 0.18460438693183742,
    "MAP_class3": 0.28356522864471456,
    "MAP_class4": 0.39646164961083097,
    "MAP_class5": 0.1523624574480147,
    "MAP_class6": 0.18899970713694347,
    "MAP_class7": 0.19860422081083906,
    "MAP_class8": 0.14578008512643256,
    "MAP_class9": 0.14258919104480852,
    "MAP_class10": 0.12972245114215017,
    "MAP_class11": 0.13681520116097046,
    "MAP_class12": 0.16093556354406507,
    "MAP_class13": 0.052894186053097494,
    "MAP_class14": 0.09192170572208821,
    "MAP_class15": 0.031330258620955106,
    "MAP_class16": 0.3667342367722891,
    "MAP_class17": 0.02898077584397512,
    "MAP_class18": 0.004123508485177129,
    "MAP_class19": 0.013860154170236913,
    "Aggregate": 36.69022509485596
}