{
    "multi-label/mAP": 16.16201400756836,
    "multi-label/precision": 17.399829864501953,
    "multi-label/recall": 47.06633377075195,
    "multi-label/f1-score": 16.626907348632812,
    "multi-label/precision_micro": 16.47576332092285,
    "multi-label/recall_micro": 59.71089553833008,
    "multi-label/f1-score_micro": 25.825586318969727,
    "AUC/AUC_multilabe": 56.29190170692134,
    "AUC/AUC_class1": 73.78491922836633,
    "AUC/AUC_class2": 54.20031550684817,
    "AUC/AUC_class3": 66.35770385770385,
    "AUC/AUC_class4": 65.58232099174924,
    "AUC/AUC_class5": 49.82609772831225,
    "AUC/AUC_class6": 53.881987577639755,
    "AUC/AUC_class7": 52.43453883929459,
    "AUC/AUC_class8": 61.54846335697399,
    "AUC/AUC_class9": 54.239066290735025,
    "AUC/AUC_class10": 46.10094653234197,
    "AUC/AUC_class11": 60.69034435561639,
    "AUC/AUC_class12": 57.724533715925396,
    "AUC/AUC_class13": 32.17221453568812,
    "AUC/AUC_class14": 55.162901212194434,
    "AUC/AUC_class15": 55.74473483887339,
    "AUC/AUC_class16": 67.33128834355828,
    "AUC/AUC_class17": 49.551058697400165,
    "AUC/AUC_class18": 68.99308556611928,
    "AUC/AUC_class19": 44.21961125616478,
    "MAP_class1": 0.5974757092424863,
    "MAP_class2": 0.19860579468689696,
    "MAP_class3": 0.350590024173004,
    "MAP_class4": 0.3615149776430553,
    "MAP_class5": 0.19637312541319504,
    "MAP_class6": 0.14322470072771065,
    "MAP_class7": 0.2045055475173907,
    "MAP_class8": 0.1750695744887834,
    "MAP_class9": 0.14988068335575058,
    "MAP_class10": 0.12684899734446867,
    "MAP_class11": 0.14912163854866803,
    "MAP_class12": 0.15663728038385574,
    "MAP_class13": 0.02600549043353203,
    "MAP_class14": 0.10418495582984527,
    "MAP_class15": 0.04095959159883321,
    "MAP_class16": 0.03478548001249014,
    "MAP_class17": 0.011658659602425243,
    "MAP_class18": 0.006835594783905348,
    "MAP_class19": 0.03649958638868804,
    "Aggregate": 36.22694404339484
}