{
    "multi-label/mAP": 18.793264389038086,
    "multi-label/precision": 16.653995513916016,
    "multi-label/recall": 14.971783638000488,
    "multi-label/f1-score": 13.110729217529297,
    "multi-label/precision_micro": 30.326133728027344,
    "multi-label/recall_micro": 26.538175582885742,
    "multi-label/f1-score_micro": 28.305986404418945,
    "AUC/AUC_multilabe": 61.35473812010986,
    "AUC/AUC_class1": 73.02087184914127,
    "AUC/AUC_class2": 54.30792214711813,
    "AUC/AUC_class3": 62.18319968319969,
    "AUC/AUC_class4": 70.75459181558108,
    "AUC/AUC_class5": 60.60660923921329,
    "AUC/AUC_class6": 51.515527950310556,
    "AUC/AUC_class7": 50.65113227429071,
    "AUC/AUC_class8": 57.158948685857325,
    "AUC/AUC_class9": 63.39190872729657,
    "AUC/AUC_class10": 56.05603065445226,
    "AUC/AUC_class11": 48.32954863595359,
    "AUC/AUC_class12": 58.3493543758967,
    "AUC/AUC_class13": 63.758443883779606,
    "AUC/AUC_class14": 53.73827070999959,
    "AUC/AUC_class15": 48.56889114437959,
    "AUC/AUC_class16": 96.95004382120945,
    "AUC/AUC_class17": 59.287054409005634,
    "AUC/AUC_class18": 69.83578219533277,
    "AUC/AUC_class19": 67.27589208006964,
    "MAP_class1": 0.6091506200840358,
    "MAP_class2": 0.19656033768865122,
    "MAP_class3": 0.3211020196307933,
    "MAP_class4": 0.3833133550747694,
    "MAP_class5": 0.2723502661496699,
    "MAP_class6": 0.15140897609149395,
    "MAP_class7": 0.1767398412076308,
    "MAP_class8": 0.15252705138312855,
    "MAP_class9": 0.19575314506710442,
    "MAP_class10": 0.15754357885267023,
    "MAP_class11": 0.10173795682545653,
    "MAP_class12": 0.14110666302104435,
    "MAP_class13": 0.07920888014043168,
    "MAP_class14": 0.09693236982622133,
    "MAP_class15": 0.035041443955278764,
    "MAP_class16": 0.4319218540474971,
    "MAP_class17": 0.033614521694743035,
    "MAP_class18": 0.01750517116822398,
    "MAP_class19": 0.017202166100773228,
    "Aggregate": 40.07400121271182
}