{
    "multi-label/mAP": 18.794240951538086,
    "multi-label/precision": 17.8297176361084,
    "multi-label/recall": 20.788612365722656,
    "multi-label/f1-score": 17.270437240600586,
    "multi-label/precision_micro": 24.35671615600586,
    "multi-label/recall_micro": 25.61156463623047,
    "multi-label/f1-score_micro": 24.9683837890625,
    "AUC/AUC_multilabe": 60.370567040865595,
    "AUC/AUC_class1": 71.45452690900282,
    "AUC/AUC_class2": 54.71954366426729,
    "AUC/AUC_class3": 62.07347457347456,
    "AUC/AUC_class4": 67.72876155727849,
    "AUC/AUC_class5": 54.77445113584388,
    "AUC/AUC_class6": 54.217391304347814,
    "AUC/AUC_class7": 46.88202079646897,
    "AUC/AUC_class8": 64.21081907940481,
    "AUC/AUC_class9": 66.13140121959216,
    "AUC/AUC_class10": 52.408835993605194,
    "AUC/AUC_class11": 48.677948175568474,
    "AUC/AUC_class12": 45.845050215208026,
    "AUC/AUC_class13": 62.7614551965492,
    "AUC/AUC_class14": 61.287302162619305,
    "AUC/AUC_class15": 43.34179142349657,
    "AUC/AUC_class16": 97.03330411919369,
    "AUC/AUC_class17": 60.54677030286787,
    "AUC/AUC_class18": 70.2247191011236,
    "AUC/AUC_class19": 62.72120684653322,
    "MAP_class1": 0.5793778352036785,
    "MAP_class2": 0.21310116276904173,
    "MAP_class3": 0.3068393186150787,
    "MAP_class4": 0.3560385470981781,
    "MAP_class5": 0.2212346807328786,
    "MAP_class6": 0.16275233261276956,
    "MAP_class7": 0.1774888744308996,
    "MAP_class8": 0.18392677869355323,
    "MAP_class9": 0.21430431872193398,
    "MAP_class10": 0.15135316975652638,
    "MAP_class11": 0.1099692889488201,
    "MAP_class12": 0.11076848847849599,
    "MAP_class13": 0.0680646652794705,
    "MAP_class14": 0.10449762669665869,
    "MAP_class15": 0.025624459744115046,
    "MAP_class16": 0.5261401593968668,
    "MAP_class17": 0.025388312276121046,
    "MAP_class18": 0.013458770961743314,
    "MAP_class19": 0.020576729793757572,
    "Aggregate": 39.582403310460656
}