{
    "multi-label/mAP": 18.367843627929688,
    "multi-label/precision": 19.82708168029785,
    "multi-label/recall": 23.703336715698242,
    "multi-label/f1-score": 21.048660278320312,
    "multi-label/precision_micro": 28.249095916748047,
    "multi-label/recall_micro": 34.803558349609375,
    "multi-label/f1-score_micro": 31.185651779174805,
    "AUC/AUC_multilabe": 63.06219195612166,
    "AUC/AUC_class1": 71.8239599138096,
    "AUC/AUC_class2": 57.765438418704754,
    "AUC/AUC_class3": 61.1878361878362,
    "AUC/AUC_class4": 78.05195074422654,
    "AUC/AUC_class5": 57.36249809422168,
    "AUC/AUC_class6": 60.032298136645956,
    "AUC/AUC_class7": 56.97457104797503,
    "AUC/AUC_class8": 63.318731748018344,
    "AUC/AUC_class9": 62.807029047275584,
    "AUC/AUC_class10": 54.2746212601822,
    "AUC/AUC_class11": 58.09951161850251,
    "AUC/AUC_class12": 52.05667144906744,
    "AUC/AUC_class13": 71.09546675347929,
    "AUC/AUC_class14": 55.11256091176352,
    "AUC/AUC_class15": 49.22100989596549,
    "AUC/AUC_class16": 86.07361963190183,
    "AUC/AUC_class17": 67.20718306084159,
    "AUC/AUC_class18": 68.10717372515126,
    "AUC/AUC_class19": 67.60951552074268,
    "MAP_class1": 0.5877804242701783,
    "MAP_class2": 0.228453079975655,
    "MAP_class3": 0.32383036856583874,
    "MAP_class4": 0.458520463850872,
    "MAP_class5": 0.24036948507575379,
    "MAP_class6": 0.19860217199213942,
    "MAP_class7": 0.20748249410702604,
    "MAP_class8": 0.2001788671716465,
    "MAP_class9": 0.22601576863304396,
    "MAP_class10": 0.15315724432239478,
    "MAP_class11": 0.1546000772262589,
    "MAP_class12": 0.126451251334389,
    "MAP_class13": 0.08344850725400481,
    "MAP_class14": 0.09272827550387897,
    "MAP_class15": 0.03707037915226838,
    "MAP_class16": 0.11316233655154054,
    "MAP_class17": 0.02258109401285767,
    "MAP_class18": 0.012368018265133868,
    "MAP_class19": 0.021379483863692258,
    "Aggregate": 40.71051648103076
}