{
    "multi-label/mAP": 20.235578536987305,
    "multi-label/precision": 20.280254364013672,
    "multi-label/recall": 15.97934627532959,
    "multi-label/f1-score": 15.745030403137207,
    "multi-label/precision_micro": 30.11224937438965,
    "multi-label/recall_micro": 22.868791580200195,
    "multi-label/f1-score_micro": 25.995365142822266,
    "AUC/AUC_multilabe": 57.905777036197016,
    "AUC/AUC_class1": 69.4228047583226,
    "AUC/AUC_class2": 54.531493224960556,
    "AUC/AUC_class3": 69.45021945021945,
    "AUC/AUC_class4": 76.43268792238484,
    "AUC/AUC_class5": 55.511510901051984,
    "AUC/AUC_class6": 54.59875776397515,
    "AUC/AUC_class7": 49.801180984949404,
    "AUC/AUC_class8": 69.8303434849117,
    "AUC/AUC_class9": 72.20051144187266,
    "AUC/AUC_class10": 46.17326870860507,
    "AUC/AUC_class11": 54.390767412200205,
    "AUC/AUC_class12": 42.43974175035868,
    "AUC/AUC_class13": 52.974688695369075,
    "AUC/AUC_class14": 55.83041359590833,
    "AUC/AUC_class15": 41.882770870337474,
    "AUC/AUC_class16": 97.32690622261175,
    "AUC/AUC_class17": 45.798713481640306,
    "AUC/AUC_class18": 28.543647363872083,
    "AUC/AUC_class19": 63.06933565419205,
    "MAP_class1": 0.5343885496977666,
    "MAP_class2": 0.20030158123000513,
    "MAP_class3": 0.3906510154799663,
    "MAP_class4": 0.45469382907952194,
    "MAP_class5": 0.2141161447216408,
    "MAP_class6": 0.15909009994217033,
    "MAP_class7": 0.1977376662858309,
    "MAP_class8": 0.2274621244523391,
    "MAP_class9": 0.2600796988401477,
    "MAP_class10": 0.12746700773392325,
    "MAP_class11": 0.15342808729299084,
    "MAP_class12": 0.10045260295762184,
    "MAP_class13": 0.04662947602670752,
    "MAP_class14": 0.10056122423855252,
    "MAP_class15": 0.025508247953827924,
    "MAP_class16": 0.6176744272421344,
    "MAP_class17": 0.013665978938361724,
    "MAP_class18": 0.002894402136478861,
    "MAP_class19": 0.01795784308020655,
    "Aggregate": 39.0706780110727
}