{
    "multi-label/mAP": 20.11797332763672,
    "multi-label/precision": 21.538162231445312,
    "multi-label/recall": 19.074264526367188,
    "multi-label/f1-score": 17.5238094329834,
    "multi-label/precision_micro": 25.74875259399414,
    "multi-label/recall_micro": 22.942920684814453,
    "multi-label/f1-score_micro": 24.26499366760254,
    "AUC/AUC_multilabe": 59.99854466452901,
    "AUC/AUC_class1": 73.2688605270875,
    "AUC/AUC_class2": 55.740500841003346,
    "AUC/AUC_class3": 63.55888855888857,
    "AUC/AUC_class4": 74.68676147435632,
    "AUC/AUC_class5": 54.432363927427964,
    "AUC/AUC_class6": 57.57950310559006,
    "AUC/AUC_class7": 50.19832196751297,
    "AUC/AUC_class8": 63.465442914754554,
    "AUC/AUC_class9": 69.43347977181824,
    "AUC/AUC_class10": 49.59080873956405,
    "AUC/AUC_class11": 49.47740069057765,
    "AUC/AUC_class12": 40.86657101865137,
    "AUC/AUC_class13": 67.47985675917637,
    "AUC/AUC_class14": 56.41536788691555,
    "AUC/AUC_class15": 48.56635371733063,
    "AUC/AUC_class16": 94.04907975460122,
    "AUC/AUC_class17": 65.45162154918252,
    "AUC/AUC_class18": 44.317199654278305,
    "AUC/AUC_class19": 61.39396576733391,
    "MAP_class1": 0.6058686590583238,
    "MAP_class2": 0.21491322807601898,
    "MAP_class3": 0.3413521260452888,
    "MAP_class4": 0.4325208646680407,
    "MAP_class5": 0.22389633673325682,
    "MAP_class6": 0.21549025887195938,
    "MAP_class7": 0.1988661079467155,
    "MAP_class8": 0.18202401687667832,
    "MAP_class9": 0.23125420356848647,
    "MAP_class10": 0.1364132511771135,
    "MAP_class11": 0.11567081657814143,
    "MAP_class12": 0.09401824684358276,
    "MAP_class13": 0.09629164000251249,
    "MAP_class14": 0.11145046199777597,
    "MAP_class15": 0.02980670396692004,
    "MAP_class16": 0.5442303783345585,
    "MAP_class17": 0.02458273258377982,
    "MAP_class18": 0.00370682267535014,
    "MAP_class19": 0.020036851359080808,
    "Aggregate": 40.05820314111604
}