{
    "multi-label/mAP": 18.542987823486328,
    "multi-label/precision": 16.675048828125,
    "multi-label/recall": 32.24382781982422,
    "multi-label/f1-score": 21.608333587646484,
    "multi-label/precision_micro": 23.828920364379883,
    "multi-label/recall_micro": 48.049278259277344,
    "multi-label/f1-score_micro": 31.85840606689453,
    "AUC/AUC_multilabe": 54.545317929085414,
    "AUC/AUC_class1": 61.36563384477879,
    "AUC/AUC_class2": 53.57797099071758,
    "AUC/AUC_class3": 51.61883344042264,
    "AUC/AUC_class4": 51.61883344042264,
    "MAP_class1": 0.3240505389613829,
    "MAP_class2": 0.27551093210169947,
    "MAP_class3": 0.1420810374967773,
    "MAP_class4": -0.0,
    "Aggregate": 36.543190321540955
}