{
    "multi-label/mAP": 18.902027130126953,
    "multi-label/precision": 19.659122467041016,
    "multi-label/recall": 20.073564529418945,
    "multi-label/f1-score": 18.876571655273438,
    "multi-label/precision_micro": 28.87527084350586,
    "multi-label/recall_micro": 29.68865966796875,
    "multi-label/f1-score_micro": 29.276315689086914,
    "AUC/AUC_multilabe": 61.48882515034993,
    "AUC/AUC_class1": 63.52382986319185,
    "AUC/AUC_class2": 59.44378858951724,
    "AUC/AUC_class3": 59.649828399828394,
    "AUC/AUC_class4": 71.83879928686927,
    "AUC/AUC_class5": 63.698734563195615,
    "AUC/AUC_class6": 54.85465838509316,
    "AUC/AUC_class7": 49.52134322126568,
    "AUC/AUC_class8": 56.71881518564873,
    "AUC/AUC_class9": 63.120451117959476,
    "AUC/AUC_class10": 52.1855254142665,
    "AUC/AUC_class11": 61.70793542165677,
    "AUC/AUC_class12": 47.62625538020086,
    "AUC/AUC_class13": 73.22780174167819,
    "AUC/AUC_class14": 52.49184487133019,
    "AUC/AUC_class15": 62.91550367926922,
    "AUC/AUC_class16": 86.69588080631024,
    "AUC/AUC_class17": 60.01742160278746,
    "AUC/AUC_class18": 79.88331892826275,
    "AUC/AUC_class19": 49.16594139831738,
    "MAP_class1": 0.5191119575042411,
    "MAP_class2": 0.20982726784782466,
    "MAP_class3": 0.3103587216732856,
    "MAP_class4": 0.4219983544405357,
    "MAP_class5": 0.29281175320272185,
    "MAP_class6": 0.15941332698036542,
    "MAP_class7": 0.17758945005350502,
    "MAP_class8": 0.16028160005479447,
    "MAP_class9": 0.22523568945496952,
    "MAP_class10": 0.1502368987159063,
    "MAP_class11": 0.15525874800190043,
    "MAP_class12": 0.13124176941371246,
    "MAP_class13": 0.09559354954867319,
    "MAP_class14": 0.09152416366464257,
    "MAP_class15": 0.044305081368871416,
    "MAP_class16": 0.4056666373606468,
    "MAP_class17": 0.01849352539671942,
    "MAP_class18": 0.01108782529017964,
    "MAP_class19": 0.011278303455661002,
    "Aggregate": 40.195240531567485
}