{
    "multi-label/mAP": 21.605337142944336,
    "multi-label/precision": 21.177030563354492,
    "multi-label/recall": 15.220417022705078,
    "multi-label/f1-score": 15.989102363586426,
    "multi-label/precision_micro": 32.15469741821289,
    "multi-label/recall_micro": 21.571535110473633,
    "multi-label/f1-score_micro": 25.820762634277344,
    "AUC/AUC_multilabe": 61.94127836752491,
    "AUC/AUC_class1": 73.8136068646326,
    "AUC/AUC_class2": 56.50863464933816,
    "AUC/AUC_class3": 74.46251196251195,
    "AUC/AUC_class4": 78.07952236825739,
    "AUC/AUC_class5": 53.24696981247141,
    "AUC/AUC_class6": 57.831055900621124,
    "AUC/AUC_class7": 49.393602004095676,
    "AUC/AUC_class8": 62.69294952023362,
    "AUC/AUC_class9": 71.3127008065045,
    "AUC/AUC_class10": 48.799705636054505,
    "AUC/AUC_class11": 54.13724453292688,
    "AUC/AUC_class12": 40.78048780487805,
    "AUC/AUC_class13": 71.11784813217221,
    "AUC/AUC_class14": 58.47529298054851,
    "AUC/AUC_class15": 46.55671149454454,
    "AUC/AUC_class16": 97.23488168273444,
    "AUC/AUC_class17": 57.41758241758242,
    "AUC/AUC_class18": 65.4494382022472,
    "AUC/AUC_class19": 59.57354221061792,
    "MAP_class1": 0.6005575747183353,
    "MAP_class2": 0.20186422729353412,
    "MAP_class3": 0.44855729753716417,
    "MAP_class4": 0.5197601661276524,
    "MAP_class5": 0.21418794861190965,
    "MAP_class6": 0.18891097371844867,
    "MAP_class7": 0.18437832491101175,
    "MAP_class8": 0.2105182369043816,
    "MAP_class9": 0.23432212066757185,
    "MAP_class10": 0.1377163673651514,
    "MAP_class11": 0.1489622657466858,
    "MAP_class12": 0.09229371289148264,
    "MAP_class13": 0.1380063976157956,
    "MAP_class14": 0.12230428266505051,
    "MAP_class15": 0.03350645550563468,
    "MAP_class16": 0.5730727311140701,
    "MAP_class17": 0.028133464766720184,
    "MAP_class18": 0.006488220303570693,
    "MAP_class19": 0.02147345603365104,
    "Aggregate": 41.77330819559883
}