{
    "multi-label/mAP": 17.462562561035156,
    "multi-label/precision": 17.030216217041016,
    "multi-label/recall": 7.7247843742370605,
    "multi-label/f1-score": 8.812469482421875,
    "multi-label/precision_micro": 28.514375686645508,
    "multi-label/recall_micro": 13.232024192810059,
    "multi-label/f1-score_micro": 18.075950622558594,
    "AUC/AUC_multilabe": 56.71066268924296,
    "AUC/AUC_class1": 74.10590200303452,
    "AUC/AUC_class2": 50.68011575549265,
    "AUC/AUC_class3": 57.96208296208296,
    "AUC/AUC_class4": 67.99328330361956,
    "AUC/AUC_class5": 37.89449611221223,
    "AUC/AUC_class6": 57.58012422360248,
    "AUC/AUC_class7": 54.55842296757262,
    "AUC/AUC_class8": 53.90488110137672,
    "AUC/AUC_class9": 48.00931086486132,
    "AUC/AUC_class10": 52.63151216788895,
    "AUC/AUC_class11": 54.34099604939807,
    "AUC/AUC_class12": 64.53658536585365,
    "AUC/AUC_class13": 55.20061853992024,
    "AUC/AUC_class14": 53.29829648423342,
    "AUC/AUC_class15": 57.185993402689675,
    "AUC/AUC_class16": 87.64241893076247,
    "AUC/AUC_class17": 62.23532564995979,
    "AUC/AUC_class18": 35.522904062229905,
    "AUC/AUC_class19": 52.21932114882506,
    "MAP_class1": 0.6035458485603162,
    "MAP_class2": 0.18935564409692518,
    "MAP_class3": 0.30275915499355194,
    "MAP_class4": 0.3994928079718563,
    "MAP_class5": 0.15574357125639843,
    "MAP_class6": 0.18770595961038883,
    "MAP_class7": 0.20870733431360808,
    "MAP_class8": 0.13935604715579897,
    "MAP_class9": 0.12948419589352841,
    "MAP_class10": 0.14327471201140055,
    "MAP_class11": 0.15642068166136391,
    "MAP_class12": 0.1680325407162547,
    "MAP_class13": 0.06229477947759159,
    "MAP_class14": 0.08840809867570278,
    "MAP_class15": 0.038194907085301315,
    "MAP_class16": 0.29752619328954477,
    "MAP_class17": 0.023404163444551776,
    "MAP_class18": 0.003204390344739795,
    "MAP_class19": 0.020975919049547754,
    "Aggregate": 37.0866127909593
}