{
    "multi-label/mAP": 17.485076904296875,
    "multi-label/precision": 12.690948486328125,
    "multi-label/recall": 7.5948100090026855,
    "multi-label/f1-score": 7.414024829864502,
    "multi-label/precision_micro": 30.643848419189453,
    "multi-label/recall_micro": 13.936248779296875,
    "multi-label/f1-score_micro": 19.159236907958984,
    "AUC/AUC_multilabe": 57.460942599274844,
    "AUC/AUC_class1": 73.819981894914,
    "AUC/AUC_class2": 52.340705607037265,
    "AUC/AUC_class3": 66.01904101904103,
    "AUC/AUC_class4": 65.18346531779925,
    "AUC/AUC_class5": 61.184536514712605,
    "AUC/AUC_class6": 52.774534161490685,
    "AUC/AUC_class7": 45.30240372189196,
    "AUC/AUC_class8": 54.72187456542902,
    "AUC/AUC_class9": 67.59360041964462,
    "AUC/AUC_class10": 53.951709087218006,
    "AUC/AUC_class11": 55.50129094472268,
    "AUC/AUC_class12": 61.34361549497848,
    "AUC/AUC_class13": 44.23984699275657,
    "AUC/AUC_class14": 49.96878901373283,
    "AUC/AUC_class15": 46.81299162649074,
    "AUC/AUC_class16": 87.83523225241017,
    "AUC/AUC_class17": 49.296435272045024,
    "AUC/AUC_class18": 31.979256698357826,
    "AUC/AUC_class19": 71.88859878154918,
    "MAP_class1": 0.6192881050317639,
    "MAP_class2": 0.1807319891865077,
    "MAP_class3": 0.3671431963708299,
    "MAP_class4": 0.33321206665720066,
    "MAP_class5": 0.2743383614304499,
    "MAP_class6": 0.15834208460215987,
    "MAP_class7": 0.15623764655925368,
    "MAP_class8": 0.14154316112356852,
    "MAP_class9": 0.22478404228110277,
    "MAP_class10": 0.15431802108511747,
    "MAP_class11": 0.12422414252470002,
    "MAP_class12": 0.18952619841499208,
    "MAP_class13": 0.03777622334876028,
    "MAP_class14": 0.08598601023779172,
    "MAP_class15": 0.03166484187669296,
    "MAP_class16": 0.18653001714863812,
    "MAP_class17": 0.03189151871328722,
    "MAP_class18": 0.0031120101442283564,
    "MAP_class19": 0.021522380884000346,
    "Aggregate": 37.47302924074543
}