{
    "multi-label/mAP": 15.641868591308594,
    "multi-label/precision": 19.11272621154785,
    "multi-label/recall": 6.469300746917725,
    "multi-label/f1-score": 7.241621971130371,
    "multi-label/precision_micro": 30.60836410522461,
    "multi-label/recall_micro": 11.934765815734863,
    "multi-label/f1-score_micro": 17.17333221435547,
    "AUC/AUC_multilabe": 54.812226798650556,
    "AUC/AUC_class1": 63.25687547015848,
    "AUC/AUC_class2": 44.447810779469066,
    "AUC/AUC_class3": 54.092829092829085,
    "AUC/AUC_class4": 62.00257058750363,
    "AUC/AUC_class5": 56.292880012196974,
    "AUC/AUC_class6": 57.91614906832297,
    "AUC/AUC_class7": 50.25597948187765,
    "AUC/AUC_class8": 58.14559866499792,
    "AUC/AUC_class9": 60.14818700413087,
    "AUC/AUC_class10": 54.54741543380618,
    "AUC/AUC_class11": 63.57980526954303,
    "AUC/AUC_class12": 54.77116212338593,
    "AUC/AUC_class13": 55.76422234882396,
    "AUC/AUC_class14": 52.51802182755427,
    "AUC/AUC_class15": 54.74752600862723,
    "AUC/AUC_class16": 57.50657318141981,
    "AUC/AUC_class17": 55.23318145269365,
    "AUC/AUC_class18": 29.14866032843561,
    "AUC/AUC_class19": 57.05686103858427,
    "MAP_class1": 0.5086167356600351,
    "MAP_class2": 0.14916411802101906,
    "MAP_class3": 0.24385698177818876,
    "MAP_class4": 0.37673670398769454,
    "MAP_class5": 0.23059423195907458,
    "MAP_class6": 0.18891957959593264,
    "MAP_class7": 0.1954394387712247,
    "MAP_class8": 0.16469903524524881,
    "MAP_class9": 0.18270052301877154,
    "MAP_class10": 0.15384520064073265,
    "MAP_class11": 0.19873375020723316,
    "MAP_class12": 0.14626299291554332,
    "MAP_class13": 0.05546844556407077,
    "MAP_class14": 0.0838741301261036,
    "MAP_class15": 0.04096426500474514,
    "MAP_class16": 0.022982485913461477,
    "MAP_class17": 0.013589141475938038,
    "MAP_class18": 0.002885581055718312,
    "MAP_class19": 0.012621421074224287,
    "Aggregate": 35.22704698357517
}