{
    "multi-label/mAP": 21.66571617126465,
    "multi-label/precision": 21.53702735900879,
    "multi-label/recall": 14.540459632873535,
    "multi-label/f1-score": 15.659334182739258,
    "multi-label/precision_micro": 34.51131820678711,
    "multi-label/recall_micro": 23.165307998657227,
    "multi-label/f1-score_micro": 27.722332000732422,
    "AUC/AUC_multilabe": 61.550561104351594,
    "AUC/AUC_class1": 73.30742946028992,
    "AUC/AUC_class2": 60.416427250598105,
    "AUC/AUC_class3": 68.74360624360624,
    "AUC/AUC_class4": 78.8013599237116,
    "AUC/AUC_class5": 55.63872160390304,
    "AUC/AUC_class6": 54.61304347826087,
    "AUC/AUC_class7": 48.949241505457586,
    "AUC/AUC_class8": 66.25643165067446,
    "AUC/AUC_class9": 70.18490590780932,
    "AUC/AUC_class10": 46.83241556068719,
    "AUC/AUC_class11": 58.4105826360158,
    "AUC/AUC_class12": 44.85222381635581,
    "AUC/AUC_class13": 62.90184748107757,
    "AUC/AUC_class14": 58.116870041480404,
    "AUC/AUC_class15": 44.00152245622939,
    "AUC/AUC_class16": 98.57142857142857,
    "AUC/AUC_class17": 52.774055213079606,
    "AUC/AUC_class18": 61.36560069144339,
    "AUC/AUC_class19": 64.72294749057151,
    "MAP_class1": 0.5961593864369934,
    "MAP_class2": 0.2264151691205497,
    "MAP_class3": 0.38049964923746527,
    "MAP_class4": 0.5151988764008942,
    "MAP_class5": 0.2141528636555308,
    "MAP_class6": 0.16889964479179823,
    "MAP_class7": 0.19488090585437945,
    "MAP_class8": 0.23044844804388023,
    "MAP_class9": 0.21820577951328723,
    "MAP_class10": 0.1289501136792089,
    "MAP_class11": 0.15260868405677447,
    "MAP_class12": 0.1040337104443279,
    "MAP_class13": 0.0650362510957817,
    "MAP_class14": 0.09696054693367279,
    "MAP_class15": 0.030140735140950795,
    "MAP_class16": 0.7275454759245594,
    "MAP_class17": 0.03863851566859108,
    "MAP_class18": 0.01020931309705546,
    "MAP_class19": 0.01750223721456276,
    "Aggregate": 41.60813925299228
}