{
    "multi-label/mAP": 20.286968231201172,
    "multi-label/precision": 19.612451553344727,
    "multi-label/recall": 15.112648010253906,
    "multi-label/f1-score": 15.161871910095215,
    "multi-label/precision_micro": 32.88557052612305,
    "multi-label/recall_micro": 24.499629974365234,
    "multi-label/f1-score_micro": 28.079864501953125,
    "AUC/AUC_multilabe": 57.21982584612228,
    "AUC/AUC_class1": 71.49309584220525,
    "AUC/AUC_class2": 56.264691440570836,
    "AUC/AUC_class3": 67.08329208329208,
    "AUC/AUC_class4": 77.79717235374602,
    "AUC/AUC_class5": 49.767018600396405,
    "AUC/AUC_class6": 51.924223602484474,
    "AUC/AUC_class7": 52.00260452909716,
    "AUC/AUC_class8": 66.84883882631067,
    "AUC/AUC_class9": 71.68579109566586,
    "AUC/AUC_class10": 46.113000228385815,
    "AUC/AUC_class11": 54.54085917815037,
    "AUC/AUC_class12": 37.467718794835,
    "AUC/AUC_class13": 60.34833563929356,
    "AUC/AUC_class14": 54.922274576134676,
    "AUC/AUC_class15": 49.61684851560518,
    "AUC/AUC_class16": 93.79053461875547,
    "AUC/AUC_class17": 45.745108549986604,
    "AUC/AUC_class18": 23.919619706136565,
    "AUC/AUC_class19": 55.84566289527125,
    "MAP_class1": 0.5998404442524986,
    "MAP_class2": 0.21581730476529043,
    "MAP_class3": 0.3667746156887514,
    "MAP_class4": 0.5109751561521587,
    "MAP_class5": 0.19257155600478046,
    "MAP_class6": 0.15048778285635478,
    "MAP_class7": 0.19641074914739548,
    "MAP_class8": 0.2202151836294427,
    "MAP_class9": 0.24577758593796598,
    "MAP_class10": 0.12403805624868897,
    "MAP_class11": 0.1288150624790681,
    "MAP_class12": 0.08966195559888071,
    "MAP_class13": 0.04822404698349648,
    "MAP_class14": 0.09554266561667142,
    "MAP_class15": 0.03710876157755792,
    "MAP_class16": 0.6014993750169199,
    "MAP_class17": 0.010935928402141755,
    "MAP_class18": 0.002758451305045019,
    "MAP_class19": 0.017069013436472186,
    "Aggregate": 38.753396331217935
}