{
    "multi-label/mAP": 18.001811981201172,
    "multi-label/precision": 16.73197364807129,
    "multi-label/recall": 9.665140151977539,
    "multi-label/f1-score": 9.229889869689941,
    "multi-label/precision_micro": 30.330524444580078,
    "multi-label/recall_micro": 17.346181869506836,
    "multi-label/f1-score_micro": 22.070266723632812,
    "AUC/AUC_multilabe": 58.292912470223605,
    "AUC/AUC_class1": 76.56793869770881,
    "AUC/AUC_class2": 52.871425735747344,
    "AUC/AUC_class3": 57.96249546249547,
    "AUC/AUC_class4": 66.74696297524774,
    "AUC/AUC_class5": 41.160523707882305,
    "AUC/AUC_class6": 60.74596273291925,
    "AUC/AUC_class7": 55.41582996997833,
    "AUC/AUC_class8": 63.034348491169524,
    "AUC/AUC_class9": 52.742770965838304,
    "AUC/AUC_class10": 53.062273200192855,
    "AUC/AUC_class11": 55.87535384328242,
    "AUC/AUC_class12": 66.51219512195121,
    "AUC/AUC_class13": 51.89427850573778,
    "AUC/AUC_class14": 57.07885304659499,
    "AUC/AUC_class15": 56.13296117736615,
    "AUC/AUC_class16": 87.90534618755477,
    "AUC/AUC_class17": 59.689091396408465,
    "AUC/AUC_class18": 37.554019014693175,
    "AUC/AUC_class19": 54.61270670147955,
    "MAP_class1": 0.6557914148489508,
    "MAP_class2": 0.18671201638432475,
    "MAP_class3": 0.2939092880919342,
    "MAP_class4": 0.370449189938714,
    "MAP_class5": 0.15774546528005595,
    "MAP_class6": 0.21070288589449632,
    "MAP_class7": 0.2156888180105211,
    "MAP_class8": 0.16515221492678445,
    "MAP_class9": 0.14640849630364994,
    "MAP_class10": 0.15087513770825783,
    "MAP_class11": 0.13298019617897744,
    "MAP_class12": 0.18687299451285,
    "MAP_class13": 0.06461286053471826,
    "MAP_class14": 0.10227351743209742,
    "MAP_class15": 0.03670877564442006,
    "MAP_class16": 0.270544605165215,
    "MAP_class17": 0.056826121908373974,
    "MAP_class18": 0.0038646987748778747,
    "MAP_class19": 0.012241298704561317,
    "Aggregate": 38.147403593648065
}