{
    "multi-label/mAP": 18.015562057495117,
    "multi-label/precision": 18.951950073242188,
    "multi-label/recall": 16.28893280029297,
    "multi-label/f1-score": 15.075420379638672,
    "multi-label/precision_micro": 21.85950469970703,
    "multi-label/recall_micro": 19.60711669921875,
    "multi-label/f1-score_micro": 20.672138214111328,
    "AUC/AUC_multilabe": 58.900472921866296,
    "AUC/AUC_class1": 66.0679450727391,
    "AUC/AUC_class2": 53.41520492274261,
    "AUC/AUC_class3": 62.72976272976274,
    "AUC/AUC_class4": 73.80820100335835,
    "AUC/AUC_class5": 62.31228083549322,
    "AUC/AUC_class6": 52.49937888198758,
    "AUC/AUC_class7": 50.155078831739466,
    "AUC/AUC_class8": 55.92824363788069,
    "AUC/AUC_class9": 61.57301160579634,
    "AUC/AUC_class10": 51.50353998020656,
    "AUC/AUC_class11": 36.05079789715992,
    "AUC/AUC_class12": 56.8142037302726,
    "AUC/AUC_class13": 68.27643037356556,
    "AUC/AUC_class14": 56.72647094357859,
    "AUC/AUC_class15": 51.59096675970566,
    "AUC/AUC_class16": 94.00525854513585,
    "AUC/AUC_class17": 51.09890109890111,
    "AUC/AUC_class18": 51.447709593777006,
    "AUC/AUC_class19": 63.10559907165651,
    "MAP_class1": 0.4857249828357643,
    "MAP_class2": 0.2042000525546016,
    "MAP_class3": 0.31697890212264207,
    "MAP_class4": 0.48429029471951013,
    "MAP_class5": 0.26063263712837426,
    "MAP_class6": 0.146380217087355,
    "MAP_class7": 0.18338114664464966,
    "MAP_class8": 0.14455084893920872,
    "MAP_class9": 0.17876158051206426,
    "MAP_class10": 0.14165265963828305,
    "MAP_class11": 0.08185343700384563,
    "MAP_class12": 0.15045037753582102,
    "MAP_class13": 0.08679968460154061,
    "MAP_class14": 0.09296688482285738,
    "MAP_class15": 0.035494904119711415,
    "MAP_class16": 0.3890323836258646,
    "MAP_class17": 0.017697667432405452,
    "MAP_class18": 0.005184625199854816,
    "MAP_class19": 0.016923212462447264,
    "Aggregate": 38.45801672142473
}