{
    "multi-label/mAP": 20.922298431396484,
    "multi-label/precision": 25.4553279876709,
    "multi-label/recall": 17.1246337890625,
    "multi-label/f1-score": 17.190900802612305,
    "multi-label/precision_micro": 33.1662483215332,
    "multi-label/recall_micro": 29.42920684814453,
    "multi-label/f1-score_micro": 31.186174392700195,
    "AUC/AUC_multilabe": 63.62261186538971,
    "AUC/AUC_class1": 73.76579413752215,
    "AUC/AUC_class2": 56.608928216968415,
    "AUC/AUC_class3": 68.8046563046563,
    "AUC/AUC_class4": 66.52804842655168,
    "AUC/AUC_class5": 60.9248742186309,
    "AUC/AUC_class6": 58.94223602484473,
    "AUC/AUC_class7": 52.60701433485097,
    "AUC/AUC_class8": 66.85301070782923,
    "AUC/AUC_class9": 60.13113894170874,
    "AUC/AUC_class10": 56.49821097774507,
    "AUC/AUC_class11": 74.508507792329,
    "AUC/AUC_class12": 57.47847919655668,
    "AUC/AUC_class13": 70.0313339301701,
    "AUC/AUC_class14": 71.74801659216303,
    "AUC/AUC_class15": 51.97665567114945,
    "AUC/AUC_class16": 87.54601226993866,
    "AUC/AUC_class17": 49.77217904047171,
    "AUC/AUC_class18": 57.77873811581677,
    "AUC/AUC_class19": 66.32579054250073,
    "MAP_class1": 0.6119150370124747,
    "MAP_class2": 0.19517663547171343,
    "MAP_class3": 0.4038932147858513,
    "MAP_class4": 0.36195189193248367,
    "MAP_class5": 0.2595998176624391,
    "MAP_class6": 0.1661650455408279,
    "MAP_class7": 0.2072356423263971,
    "MAP_class8": 0.2179034653961714,
    "MAP_class9": 0.1922244616988424,
    "MAP_class10": 0.16721656320612288,
    "MAP_class11": 0.2924191842441776,
    "MAP_class12": 0.1571994358034453,
    "MAP_class13": 0.11364118631535514,
    "MAP_class14": 0.1933897856465109,
    "MAP_class15": 0.03223349536664931,
    "MAP_class16": 0.35696465907948677,
    "MAP_class17": 0.011634230761023625,
    "MAP_class18": 0.007690290674547294,
    "MAP_class19": 0.026782897167589005,
    "Aggregate": 42.27245577504251
}