{
    "multi-label/mAP": 26.041259765625,
    "multi-label/precision": 28.2183837890625,
    "multi-label/recall": 22.00572967529297,
    "multi-label/f1-score": 22.932809829711914,
    "multi-label/precision_micro": 36.18538284301758,
    "multi-label/recall_micro": 30.09636688232422,
    "multi-label/f1-score_micro": 32.86118698120117,
    "AUC/AUC_multilabe": 67.41536082183508,
    "AUC/AUC_class1": 83.33407708686616,
    "AUC/AUC_class2": 60.93304359636017,
    "AUC/AUC_class3": 71.67607167607169,
    "AUC/AUC_class4": 83.37431070939924,
    "AUC/AUC_class5": 58.0838351882909,
    "AUC/AUC_class6": 58.61490683229813,
    "AUC/AUC_class7": 53.14879615086387,
    "AUC/AUC_class8": 74.26296759838687,
    "AUC/AUC_class9": 75.57012654907874,
    "AUC/AUC_class10": 52.768543659755885,
    "AUC/AUC_class11": 73.03791955703487,
    "AUC/AUC_class12": 73.51865136298422,
    "AUC/AUC_class13": 72.04362334174331,
    "AUC/AUC_class14": 62.53574161330594,
    "AUC/AUC_class15": 53.783303730017764,
    "AUC/AUC_class16": 94.16301489921123,
    "AUC/AUC_class17": 64.41972661484856,
    "AUC/AUC_class18": 60.285220397579955,
    "AUC/AUC_class19": 55.33797505076878,
    "MAP_class1": 0.7405141432325485,
    "MAP_class2": 0.22652452416013835,
    "MAP_class3": 0.4466107365239519,
    "MAP_class4": 0.6124510488464517,
    "MAP_class5": 0.2555878543824043,
    "MAP_class6": 0.2028860392026508,
    "MAP_class7": 0.21577517168824928,
    "MAP_class8": 0.2869048996332627,
    "MAP_class9": 0.31233173050533736,
    "MAP_class10": 0.14551384587320765,
    "MAP_class11": 0.2780249854580395,
    "MAP_class12": 0.28312754586370603,
    "MAP_class13": 0.08828592316703752,
    "MAP_class14": 0.11633160366459427,
    "MAP_class15": 0.03875848645522266,
    "MAP_class16": 0.6400903163240881,
    "MAP_class17": 0.015973671596201968,
    "MAP_class18": 0.005534386003521127,
    "MAP_class19": 0.03617800529423562,
    "Aggregate": 46.727167036903985
}