{
    "multi-label/mAP": 23.848430633544922,
    "multi-label/precision": 26.1182918548584,
    "multi-label/recall": 19.907991409301758,
    "multi-label/f1-score": 21.81953239440918,
    "multi-label/precision_micro": 41.15662384033203,
    "multi-label/recall_micro": 31.653076171875,
    "multi-label/f1-score_micro": 35.78462219238281,
    "AUC/AUC_multilabe": 65.56789382080285,
    "AUC/AUC_class1": 88.5185704632097,
    "AUC/AUC_class2": 51.977141424377606,
    "AUC/AUC_class3": 69.83755733755736,
    "AUC/AUC_class4": 81.02657655790043,
    "AUC/AUC_class5": 63.944579966458306,
    "AUC/AUC_class6": 54.98136645962733,
    "AUC/AUC_class7": 51.66013877567251,
    "AUC/AUC_class8": 67.6088165762759,
    "AUC/AUC_class9": 75.33473214871155,
    "AUC/AUC_class10": 55.04225137665897,
    "AUC/AUC_class11": 65.57843655706598,
    "AUC/AUC_class12": 69.69942611190817,
    "AUC/AUC_class13": 76.796614307805,
    "AUC/AUC_class14": 60.411380935121414,
    "AUC/AUC_class15": 54.2019791930982,
    "AUC/AUC_class16": 88.64592462751972,
    "AUC/AUC_class17": 54.36880192977755,
    "AUC/AUC_class18": 66.09766637856525,
    "AUC/AUC_class19": 50.058021467943135,
    "MAP_class1": 0.7968942988681246,
    "MAP_class2": 0.18565221071172183,
    "MAP_class3": 0.41472478612895064,
    "MAP_class4": 0.5424867744355227,
    "MAP_class5": 0.3203805099630551,
    "MAP_class6": 0.1710261322463314,
    "MAP_class7": 0.19415572384886587,
    "MAP_class8": 0.21632967201030345,
    "MAP_class9": 0.30418533989652247,
    "MAP_class10": 0.16690414338009357,
    "MAP_class11": 0.18992604675794328,
    "MAP_class12": 0.2559715305708168,
    "MAP_class13": 0.15175838023066934,
    "MAP_class14": 0.10915092380325159,
    "MAP_class15": 0.036439040705266226,
    "MAP_class16": 0.42599843125217157,
    "MAP_class17": 0.014763587181047113,
    "MAP_class18": 0.02295869459747089,
    "MAP_class19": 0.011500389215689884,
    "Aggregate": 44.70817484672726
}