{
    "multi-label/mAP": 18.07794952392578,
    "multi-label/precision": 17.633241653442383,
    "multi-label/recall": 9.000312805175781,
    "multi-label/f1-score": 10.210409164428711,
    "multi-label/precision_micro": 29.69576644897461,
    "multi-label/recall_micro": 16.641956329345703,
    "multi-label/f1-score_micro": 21.33016586303711,
    "AUC/AUC_multilabe": 55.80982584968335,
    "AUC/AUC_class1": 67.79239076385612,
    "AUC/AUC_class2": 54.88774433498052,
    "AUC/AUC_class3": 59.56794706794707,
    "AUC/AUC_class4": 74.3733156432688,
    "AUC/AUC_class5": 50.15960893428877,
    "AUC/AUC_class6": 54.73788819875776,
    "AUC/AUC_class7": 49.2067121299481,
    "AUC/AUC_class8": 53.753302739535535,
    "AUC/AUC_class9": 62.38148318143072,
    "AUC/AUC_class10": 50.55510442307204,
    "AUC/AUC_class11": 57.09086384421563,
    "AUC/AUC_class12": 42.27833572453372,
    "AUC/AUC_class13": 61.504028648164734,
    "AUC/AUC_class14": 53.68994402158591,
    "AUC/AUC_class15": 54.3491499619386,
    "AUC/AUC_class16": 94.58369851007888,
    "AUC/AUC_class17": 45.76521039935674,
    "AUC/AUC_class18": 31.11495246326707,
    "AUC/AUC_class19": 42.59501015375689,
    "MAP_class1": 0.5520480374516038,
    "MAP_class2": 0.20022346341118527,
    "MAP_class3": 0.3158888819190312,
    "MAP_class4": 0.4681520606448104,
    "MAP_class5": 0.1952864002686669,
    "MAP_class6": 0.1536326047902385,
    "MAP_class7": 0.170463590362821,
    "MAP_class8": 0.14592581476005106,
    "MAP_class9": 0.18458980982571632,
    "MAP_class10": 0.1418526417900951,
    "MAP_class11": 0.13270998195872566,
    "MAP_class12": 0.09935074384677779,
    "MAP_class13": 0.09548979182222064,
    "MAP_class14": 0.08632964104095842,
    "MAP_class15": 0.03693057685210583,
    "MAP_class16": 0.4296625206800962,
    "MAP_class17": 0.013793040337105197,
    "MAP_class18": 0.002984418072969569,
    "MAP_class19": 0.009496571301014762,
    "Aggregate": 36.943888164673766
}