{
    "multi-label/mAP": 18.3572940826416,
    "multi-label/precision": 20.08381462097168,
    "multi-label/recall": 12.140353202819824,
    "multi-label/f1-score": 11.958924293518066,
    "multi-label/precision_micro": 30.838775634765625,
    "multi-label/recall_micro": 22.757598876953125,
    "multi-label/f1-score_micro": 26.188953399658203,
    "AUC/AUC_multilabe": 59.16623506262796,
    "AUC/AUC_class1": 65.47124223840063,
    "AUC/AUC_class2": 55.81128093690908,
    "AUC/AUC_class3": 58.774296274296276,
    "AUC/AUC_class4": 67.5363821053941,
    "AUC/AUC_class5": 58.93810032017076,
    "AUC/AUC_class6": 57.0055900621118,
    "AUC/AUC_class7": 56.29908344434062,
    "AUC/AUC_class8": 61.566541510221114,
    "AUC/AUC_class9": 55.5124254147269,
    "AUC/AUC_class10": 51.11655289669348,
    "AUC/AUC_class11": 68.4830621830964,
    "AUC/AUC_class12": 66.06958393113344,
    "AUC/AUC_class13": 36.288353544396514,
    "AUC/AUC_class14": 53.91546856751641,
    "AUC/AUC_class15": 51.72798782035017,
    "AUC/AUC_class16": 93.66783523225241,
    "AUC/AUC_class17": 64.01098901098901,
    "AUC/AUC_class18": 65.88159031979256,
    "AUC/AUC_class19": 36.08210037713954,
    "MAP_class1": 0.5522919328941185,
    "MAP_class2": 0.2119264484538727,
    "MAP_class3": 0.2821237192907103,
    "MAP_class4": 0.373614098760416,
    "MAP_class5": 0.2551982471690597,
    "MAP_class6": 0.16335001168311972,
    "MAP_class7": 0.21982444082664704,
    "MAP_class8": 0.1670635306796579,
    "MAP_class9": 0.15811725923354086,
    "MAP_class10": 0.14402974075840444,
    "MAP_class11": 0.21907171421309177,
    "MAP_class12": 0.24582229516654946,
    "MAP_class13": 0.030042379949268172,
    "MAP_class14": 0.08817205265642795,
    "MAP_class15": 0.031247182447082827,
    "MAP_class16": 0.30170202376469585,
    "MAP_class17": 0.024494515547504876,
    "MAP_class18": 0.007928598677981171,
    "MAP_class19": 0.011865831939934703,
    "Aggregate": 38.761764963187886
}