{
    "multi-label/mAP": 26.746957778930664,
    "multi-label/precision": 29.241968154907227,
    "multi-label/recall": 24.756929397583008,
    "multi-label/f1-score": 23.68837547302246,
    "multi-label/precision_micro": 37.084716796875,
    "multi-label/recall_micro": 33.09859085083008,
    "multi-label/f1-score_micro": 34.978458404541016,
    "AUC/AUC_multilabe": 66.45232041070678,
    "AUC/AUC_class1": 84.21956879295176,
    "AUC/AUC_class2": 60.6097013132189,
    "AUC/AUC_class3": 69.17301917301917,
    "AUC/AUC_class4": 82.39023176748621,
    "AUC/AUC_class5": 63.611545205061745,
    "AUC/AUC_class6": 56.63105590062112,
    "AUC/AUC_class7": 53.79744318746644,
    "AUC/AUC_class8": 65.62091503267973,
    "AUC/AUC_class9": 77.73523047669005,
    "AUC/AUC_class10": 51.814398457126906,
    "AUC/AUC_class11": 70.64500575481382,
    "AUC/AUC_class12": 74.58106169296988,
    "AUC/AUC_class13": 73.38854073410921,
    "AUC/AUC_class14": 65.70013289839314,
    "AUC/AUC_class15": 53.28850545546815,
    "AUC/AUC_class16": 97.72129710780018,
    "AUC/AUC_class17": 46.99812382739212,
    "AUC/AUC_class18": 62.013828867761454,
    "AUC/AUC_class19": 52.65448215839861,
    "MAP_class1": 0.7592057196955484,
    "MAP_class2": 0.22229384540268768,
    "MAP_class3": 0.42512993023164,
    "MAP_class4": 0.5620803468702724,
    "MAP_class5": 0.2823474511335451,
    "MAP_class6": 0.1767294084306088,
    "MAP_class7": 0.22259950402302256,
    "MAP_class8": 0.21723827989033218,
    "MAP_class9": 0.32223485803243895,
    "MAP_class10": 0.14749819757383684,
    "MAP_class11": 0.24824530196115852,
    "MAP_class12": 0.3039900814786689,
    "MAP_class13": 0.1367763878077058,
    "MAP_class14": 0.1580656621433797,
    "MAP_class15": 0.0329043890602214,
    "MAP_class16": 0.8090642150887467,
    "MAP_class17": 0.01915661162597532,
    "MAP_class18": 0.020542183418876488,
    "MAP_class19": 0.01568898082182735,
    "Aggregate": 46.599295349275735
}