{
    "multi-label/mAP": 16.80521583557129,
    "multi-label/precision": 14.83365535736084,
    "multi-label/recall": 10.151119232177734,
    "multi-label/f1-score": 10.47489070892334,
    "multi-label/precision_micro": 31.003040313720703,
    "multi-label/recall_micro": 18.902891159057617,
    "multi-label/f1-score_micro": 23.486072540283203,
    "AUC/AUC_multilabe": 56.910918297016316,
    "AUC/AUC_class1": 71.94508548915609,
    "AUC/AUC_class2": 51.89721998767225,
    "AUC/AUC_class3": 61.55867405867406,
    "AUC/AUC_class4": 63.95207098138398,
    "AUC/AUC_class5": 59.161552828175026,
    "AUC/AUC_class6": 50.94285714285714,
    "AUC/AUC_class7": 41.40604807443785,
    "AUC/AUC_class8": 62.27298011403142,
    "AUC/AUC_class9": 67.41918562717198,
    "AUC/AUC_class10": 51.914000050752406,
    "AUC/AUC_class11": 62.676143963666895,
    "AUC/AUC_class12": 53.59253945480631,
    "AUC/AUC_class13": 57.09896638723855,
    "AUC/AUC_class14": 41.960654021183196,
    "AUC/AUC_class15": 47.213905100228374,
    "AUC/AUC_class16": 80.25416301489922,
    "AUC/AUC_class17": 55.326990083087644,
    "AUC/AUC_class18": 55.72601555747623,
    "AUC/AUC_class19": 44.988395706411374,
    "MAP_class1": 0.5925929001631267,
    "MAP_class2": 0.18181713725273907,
    "MAP_class3": 0.32384087369358716,
    "MAP_class4": 0.3202605058483887,
    "MAP_class5": 0.26763978125135995,
    "MAP_class6": 0.1371625298092578,
    "MAP_class7": 0.14996378924508613,
    "MAP_class8": 0.18063366621042515,
    "MAP_class9": 0.2575292262828924,
    "MAP_class10": 0.14629683127672616,
    "MAP_class11": 0.1656249660144636,
    "MAP_class12": 0.14797744998703175,
    "MAP_class13": 0.05107337055610733,
    "MAP_class14": 0.06419446193082863,
    "MAP_class15": 0.03125083084749451,
    "MAP_class16": 0.14008048005125742,
    "MAP_class17": 0.019655438212485592,
    "MAP_class18": 0.005784737404109719,
    "MAP_class19": 0.009611736926275212,
    "Aggregate": 36.85806628788617
}