{
    "multi-label/mAP": 24.033939361572266,
    "multi-label/precision": 25.075668334960938,
    "multi-label/recall": 24.362199783325195,
    "multi-label/f1-score": 23.80699348449707,
    "multi-label/precision_micro": 38.155921936035156,
    "multi-label/recall_micro": 37.73165512084961,
    "multi-label/f1-score_micro": 37.942604064941406,
    "AUC/AUC_multilabe": 67.10818182794057,
    "AUC/AUC_class1": 86.04426183524372,
    "AUC/AUC_class2": 56.2202906424012,
    "AUC/AUC_class3": 68.02193677193678,
    "AUC/AUC_class4": 85.27571624030847,
    "AUC/AUC_class5": 62.30370483305382,
    "AUC/AUC_class6": 56.018633540372676,
    "AUC/AUC_class7": 56.07988548024733,
    "AUC/AUC_class8": 70.33722708941733,
    "AUC/AUC_class9": 77.4618057832273,
    "AUC/AUC_class10": 55.5231304083031,
    "AUC/AUC_class11": 63.64435250567705,
    "AUC/AUC_class12": 72.52582496413198,
    "AUC/AUC_class13": 75.53308374704972,
    "AUC/AUC_class14": 64.08420925456083,
    "AUC/AUC_class15": 56.236995686374016,
    "AUC/AUC_class16": 89.9079754601227,
    "AUC/AUC_class17": 46.68989547038328,
    "AUC/AUC_class18": 63.28867761452032,
    "AUC/AUC_class19": 69.85784740353931,
    "MAP_class1": 0.7630444583711078,
    "MAP_class2": 0.213010018974375,
    "MAP_class3": 0.39433533076235383,
    "MAP_class4": 0.5886346417135843,
    "MAP_class5": 0.2826451959874827,
    "MAP_class6": 0.1704735966965562,
    "MAP_class7": 0.21461056512964571,
    "MAP_class8": 0.23634964257779614,
    "MAP_class9": 0.34044522362042057,
    "MAP_class10": 0.16791626266317958,
    "MAP_class11": 0.16348660571124532,
    "MAP_class12": 0.24289505610715417,
    "MAP_class13": 0.11823785222756922,
    "MAP_class14": 0.1396808714300922,
    "MAP_class15": 0.03540020320328646,
    "MAP_class16": 0.43690211029556614,
    "MAP_class17": 0.029294656533851708,
    "MAP_class18": 0.007697181242493975,
    "MAP_class19": 0.028369591672399035,
    "Aggregate": 45.58943055849702
}