{
    "multi-label/mAP": 18.70171356201172,
    "multi-label/precision": 14.208874702453613,
    "multi-label/recall": 11.54544734954834,
    "multi-label/f1-score": 11.88451862335205,
    "multi-label/precision_micro": 34.969696044921875,
    "multi-label/recall_micro": 21.386211395263672,
    "multi-label/f1-score_micro": 26.540937423706055,
    "AUC/AUC_multilabe": 60.72049875204393,
    "AUC/AUC_class1": 75.13833815710625,
    "AUC/AUC_class2": 54.031592473803535,
    "AUC/AUC_class3": 66.97975447975449,
    "AUC/AUC_class4": 64.57523114556989,
    "AUC/AUC_class5": 66.83326345479493,
    "AUC/AUC_class6": 52.101863354037256,
    "AUC/AUC_class7": 47.89699186830229,
    "AUC/AUC_class8": 48.88054512585176,
    "AUC/AUC_class9": 63.38600747491968,
    "AUC/AUC_class10": 58.956530565635546,
    "AUC/AUC_class11": 46.59455003577316,
    "AUC/AUC_class12": 54.53012912482067,
    "AUC/AUC_class13": 67.56124359078702,
    "AUC/AUC_class14": 51.18501067214369,
    "AUC/AUC_class15": 49.54833798528291,
    "AUC/AUC_class16": 91.1042944785276,
    "AUC/AUC_class17": 63.03939962476548,
    "AUC/AUC_class18": 69.74935177182368,
    "AUC/AUC_class19": 61.59704090513489,
    "MAP_class1": 0.6496032896308772,
    "MAP_class2": 0.18630481321258496,
    "MAP_class3": 0.36539374383897516,
    "MAP_class4": 0.31076621699683543,
    "MAP_class5": 0.32170627912856997,
    "MAP_class6": 0.1443351027323896,
    "MAP_class7": 0.16574975407498205,
    "MAP_class8": 0.12060709303398148,
    "MAP_class9": 0.18510887268669846,
    "MAP_class10": 0.19236414353862827,
    "MAP_class11": 0.10184684824995135,
    "MAP_class12": 0.133195007429371,
    "MAP_class13": 0.09217009767610154,
    "MAP_class14": 0.09131214777508886,
    "MAP_class15": 0.043075365313175046,
    "MAP_class16": 0.39176332032400885,
    "MAP_class17": 0.019384784058454223,
    "MAP_class18": 0.018038770279549494,
    "MAP_class19": 0.020600302464639154,
    "Aggregate": 39.71110714561371
}