{
    "multi-label/mAP": 17.95761489868164,
    "multi-label/precision": 17.194557189941406,
    "multi-label/recall": 9.470124244689941,
    "multi-label/f1-score": 10.208889961242676,
    "multi-label/precision_micro": 28.886091232299805,
    "multi-label/recall_micro": 17.012601852416992,
    "multi-label/f1-score_micro": 21.413576126098633,
    "AUC/AUC_multilabe": 56.047364170777584,
    "AUC/AUC_class1": 75.02486261809742,
    "AUC/AUC_class2": 52.33913852004305,
    "AUC/AUC_class3": 54.99290499290499,
    "AUC/AUC_class4": 68.67407438119325,
    "AUC/AUC_class5": 38.761625247751184,
    "AUC/AUC_class6": 57.926708074534176,
    "AUC/AUC_class7": 53.335188977473805,
    "AUC/AUC_class8": 52.46280072312612,
    "AUC/AUC_class9": 49.901645793718444,
    "AUC/AUC_class10": 44.9958129266374,
    "AUC/AUC_class11": 56.277413133418364,
    "AUC/AUC_class12": 62.264705882352935,
    "AUC/AUC_class13": 51.42833889476683,
    "AUC/AUC_class14": 53.312391768354075,
    "AUC/AUC_class15": 51.82948490230906,
    "AUC/AUC_class16": 93.00613496932515,
    "AUC/AUC_class17": 50.54945054945055,
    "AUC/AUC_class18": 44.74935177182368,
    "AUC/AUC_class19": 53.067885117493475,
    "MAP_class1": 0.6257439635372478,
    "MAP_class2": 0.19094954419860785,
    "MAP_class3": 0.27662817943383367,
    "MAP_class4": 0.41409136227927773,
    "MAP_class5": 0.15367571082515535,
    "MAP_class6": 0.18725590486480587,
    "MAP_class7": 0.1991008454547139,
    "MAP_class8": 0.1472973674493776,
    "MAP_class9": 0.13844249405268874,
    "MAP_class10": 0.12597438543368739,
    "MAP_class11": 0.13896771429252888,
    "MAP_class12": 0.1716861124370413,
    "MAP_class13": 0.06263686740011351,
    "MAP_class14": 0.09159062506568974,
    "MAP_class15": 0.03449610685472478,
    "MAP_class16": 0.4057805802225543,
    "MAP_class17": 0.028502774203097353,
    "MAP_class18": 0.00410779393002015,
    "MAP_class19": 0.015018515838452507,
    "Aggregate": 37.00248957952989
}