{
    "multi-label/mAP": 18.66828727722168,
    "multi-label/precision": 13.131909370422363,
    "multi-label/recall": 16.105337142944336,
    "multi-label/f1-score": 12.563464164733887,
    "multi-label/precision_micro": 30.106708526611328,
    "multi-label/recall_micro": 29.280948638916016,
    "multi-label/f1-score_micro": 29.688087463378906,
    "AUC/AUC_multilabe": 60.59123228549797,
    "AUC/AUC_class1": 73.14518493962848,
    "AUC/AUC_class2": 56.204619772458976,
    "AUC/AUC_class3": 58.85968385968386,
    "AUC/AUC_class4": 71.27741614494796,
    "AUC/AUC_class5": 60.794804848300046,
    "AUC/AUC_class6": 51.696273291925465,
    "AUC/AUC_class7": 46.05543074139611,
    "AUC/AUC_class8": 54.15936587400918,
    "AUC/AUC_class9": 62.473280440626844,
    "AUC/AUC_class10": 54.77262922830969,
    "AUC/AUC_class11": 56.21442125237191,
    "AUC/AUC_class12": 61.87087517934003,
    "AUC/AUC_class13": 69.35582322780174,
    "AUC/AUC_class14": 53.399983891103865,
    "AUC/AUC_class15": 46.807916772392794,
    "AUC/AUC_class16": 91.02541630148991,
    "AUC/AUC_class17": 62.362637362637365,
    "AUC/AUC_class18": 65.55747623163353,
    "AUC/AUC_class19": 55.200174064403825,
    "MAP_class1": 0.6099394008259108,
    "MAP_class2": 0.1971036747746377,
    "MAP_class3": 0.29337048124287624,
    "MAP_class4": 0.3816367382465,
    "MAP_class5": 0.27112467225630615,
    "MAP_class6": 0.1412422165916391,
    "MAP_class7": 0.16270123898209915,
    "MAP_class8": 0.14940292599680413,
    "MAP_class9": 0.19285151022279234,
    "MAP_class10": 0.15705098071882548,
    "MAP_class11": 0.13089753033653584,
    "MAP_class12": 0.15567719040525266,
    "MAP_class13": 0.10945917669350519,
    "MAP_class14": 0.09967891454863202,
    "MAP_class15": 0.03175413967896041,
    "MAP_class16": 0.41773596707104466,
    "MAP_class17": 0.022787039531109235,
    "MAP_class18": 0.010181324243139216,
    "MAP_class19": 0.012379520666330251,
    "Aggregate": 39.62975994020399
}