{
    "multi-label/mAP": 19.12775421142578,
    "multi-label/precision": 21.982467651367188,
    "multi-label/recall": 14.62905216217041,
    "multi-label/f1-score": 14.346132278442383,
    "multi-label/precision_micro": 32.937259674072266,
    "multi-label/recall_micro": 25.685691833496094,
    "multi-label/f1-score_micro": 28.862972259521484,
    "AUC/AUC_multilabe": 57.17305228896838,
    "AUC/AUC_class1": 73.37277352067423,
    "AUC/AUC_class2": 59.427595357243604,
    "AUC/AUC_class3": 65.54384054384055,
    "AUC/AUC_class4": 74.78212197852314,
    "AUC/AUC_class5": 50.43213523402957,
    "AUC/AUC_class6": 52.98944099378882,
    "AUC/AUC_class7": 48.88412827802851,
    "AUC/AUC_class8": 65.11055486024198,
    "AUC/AUC_class9": 67.84210871418269,
    "AUC/AUC_class10": 41.57510087040374,
    "AUC/AUC_class11": 53.3650107319501,
    "AUC/AUC_class12": 33.79770444763272,
    "AUC/AUC_class13": 56.622853422316275,
    "AUC/AUC_class14": 51.121581893600734,
    "AUC/AUC_class15": 48.837858411570664,
    "AUC/AUC_class16": 91.01665205959685,
    "AUC/AUC_class17": 54.670329670329664,
    "AUC/AUC_class18": 41.6162489196197,
    "AUC/AUC_class19": 55.27995358282565,
    "MAP_class1": 0.6076850377752836,
    "MAP_class2": 0.2241197543672606,
    "MAP_class3": 0.35475148694878555,
    "MAP_class4": 0.4659548428443687,
    "MAP_class5": 0.19699197300839005,
    "MAP_class6": 0.1523718190628991,
    "MAP_class7": 0.18585730940771278,
    "MAP_class8": 0.20893890397593756,
    "MAP_class9": 0.2299430666137346,
    "MAP_class10": 0.11460092482745333,
    "MAP_class11": 0.13695076895493785,
    "MAP_class12": 0.08557994385115145,
    "MAP_class13": 0.06356723135620602,
    "MAP_class14": 0.0849142137677035,
    "MAP_class15": 0.03319201874170247,
    "MAP_class16": 0.4540699067258551,
    "MAP_class17": 0.015338888063933102,
    "MAP_class18": 0.003507033903724965,
    "MAP_class19": 0.015938206376539678,
    "Aggregate": 38.150403330204135
}