{
    "multi-label/mAP": 23.113731384277344,
    "multi-label/precision": 26.9986572265625,
    "multi-label/recall": 14.864765167236328,
    "multi-label/f1-score": 17.561513900756836,
    "multi-label/precision_micro": 35.702293395996094,
    "multi-label/recall_micro": 23.647146224975586,
    "multi-label/f1-score_micro": 28.450387954711914,
    "AUC/AUC_multilabe": 65.42757384198345,
    "AUC/AUC_class1": 74.51677270467034,
    "AUC/AUC_class2": 56.425056676312956,
    "AUC/AUC_class3": 64.47133947133948,
    "AUC/AUC_class4": 74.53791616567852,
    "AUC/AUC_class5": 63.12747751181583,
    "AUC/AUC_class6": 54.272670807453416,
    "AUC/AUC_class7": 50.3489273714138,
    "AUC/AUC_class8": 66.40627172854958,
    "AUC/AUC_class9": 72.1664153170284,
    "AUC/AUC_class10": 52.02565534042175,
    "AUC/AUC_class11": 72.01371823187233,
    "AUC/AUC_class12": 63.511477761836446,
    "AUC/AUC_class13": 60.9648408887442,
    "AUC/AUC_class14": 63.80532399017358,
    "AUC/AUC_class15": 53.818827708703374,
    "AUC/AUC_class16": 93.4487291849255,
    "AUC/AUC_class17": 60.46636290538729,
    "AUC/AUC_class18": 74.74070872947277,
    "AUC/AUC_class19": 72.0554105018857,
    "MAP_class1": 0.6103197909176291,
    "MAP_class2": 0.21744635432107218,
    "MAP_class3": 0.3213068540215804,
    "MAP_class4": 0.4534549975763717,
    "MAP_class5": 0.27051921109760124,
    "MAP_class6": 0.16329304572115586,
    "MAP_class7": 0.18995977908009642,
    "MAP_class8": 0.2157448892937881,
    "MAP_class9": 0.2595698043992686,
    "MAP_class10": 0.14364454310778252,
    "MAP_class11": 0.3397530628972959,
    "MAP_class12": 0.1952035217592603,
    "MAP_class13": 0.06759237072682743,
    "MAP_class14": 0.12838218330286552,
    "MAP_class15": 0.03429423190562609,
    "MAP_class16": 0.6069064255435497,
    "MAP_class17": 0.054098908469123,
    "MAP_class18": 0.01735110862372259,
    "MAP_class19": 0.10276554484164784,
    "Aggregate": 44.270646467324
}