{
    "multi-label/mAP": 22.60209846496582,
    "multi-label/precision": 24.169038772583008,
    "multi-label/recall": 18.569063186645508,
    "multi-label/f1-score": 19.779850006103516,
    "multi-label/precision_micro": 38.20840835571289,
    "multi-label/recall_micro": 30.985916137695312,
    "multi-label/f1-score_micro": 34.22022247314453,
    "AUC/AUC_multilabe": 63.96309376621481,
    "AUC/AUC_class1": 86.00840228991088,
    "AUC/AUC_class2": 55.024603265809304,
    "AUC/AUC_class3": 73.24027324027324,
    "AUC/AUC_class4": 77.55089348646294,
    "AUC/AUC_class5": 61.48803171215125,
    "AUC/AUC_class6": 59.674534161490676,
    "AUC/AUC_class7": 49.95228343638786,
    "AUC/AUC_class8": 62.79029342233346,
    "AUC/AUC_class9": 71.20516687430333,
    "AUC/AUC_class10": 56.141040931814146,
    "AUC/AUC_class11": 56.82023205897907,
    "AUC/AUC_class12": 71.49497847919655,
    "AUC/AUC_class13": 61.95776023439408,
    "AUC/AUC_class14": 59.1196488260642,
    "AUC/AUC_class15": 52.97132707434662,
    "AUC/AUC_class16": 93.06748466257669,
    "AUC/AUC_class17": 38.60225140712945,
    "AUC/AUC_class18": 66.8971477960242,
    "AUC/AUC_class19": 61.29242819843341,
    "MAP_class1": 0.7886223836414362,
    "MAP_class2": 0.20043614690878464,
    "MAP_class3": 0.4292631576091177,
    "MAP_class4": 0.5216009576673742,
    "MAP_class5": 0.26218629392522574,
    "MAP_class6": 0.19657355004007682,
    "MAP_class7": 0.18596421355039572,
    "MAP_class8": 0.1928692339521899,
    "MAP_class9": 0.2825690781968834,
    "MAP_class10": 0.17410346040139538,
    "MAP_class11": 0.14591061673963554,
    "MAP_class12": 0.22680733006304418,
    "MAP_class13": 0.056884381831454216,
    "MAP_class14": 0.11323607875747006,
    "MAP_class15": 0.04339396615844689,
    "MAP_class16": 0.4271737326082656,
    "MAP_class17": 0.015764149434617784,
    "MAP_class18": 0.016830532556834126,
    "MAP_class19": 0.014209260209096599,
    "Aggregate": 43.28259563113831
}