{
    "multi-label/mAP": 18.55268096923828,
    "multi-label/precision": 15.255847930908203,
    "multi-label/recall": 11.784236907958984,
    "multi-label/f1-score": 10.667546272277832,
    "multi-label/precision_micro": 31.40196418762207,
    "multi-label/recall_micro": 22.49814796447754,
    "multi-label/f1-score_micro": 26.21463966369629,
    "AUC/AUC_multilabe": 60.17192831095578,
    "AUC/AUC_class1": 64.91884586451786,
    "AUC/AUC_class2": 59.89719909317899,
    "AUC/AUC_class3": 58.25867075867076,
    "AUC/AUC_class4": 72.42422986027613,
    "AUC/AUC_class5": 60.58612212227473,
    "AUC/AUC_class6": 60.20559006211181,
    "AUC/AUC_class7": 50.546255243851526,
    "AUC/AUC_class8": 57.92657488527326,
    "AUC/AUC_class9": 59.07219198741067,
    "AUC/AUC_class10": 53.714441596670646,
    "AUC/AUC_class11": 65.7401934861729,
    "AUC/AUC_class12": 69.98565279770443,
    "AUC/AUC_class13": 56.704240253926905,
    "AUC/AUC_class14": 55.269622649107966,
    "AUC/AUC_class15": 49.63968535904593,
    "AUC/AUC_class16": 88.37423312883435,
    "AUC/AUC_class17": 55.24658268560707,
    "AUC/AUC_class18": 41.875540190146936,
    "AUC/AUC_class19": 62.88076588337685,
    "MAP_class1": 0.5233507814824971,
    "MAP_class2": 0.23324553086665128,
    "MAP_class3": 0.2936574395814473,
    "MAP_class4": 0.4689240165414622,
    "MAP_class5": 0.2443105053195677,
    "MAP_class6": 0.17407260267210944,
    "MAP_class7": 0.1848213689445724,
    "MAP_class8": 0.14515370161224755,
    "MAP_class9": 0.17634139424389875,
    "MAP_class10": 0.1450578977287164,
    "MAP_class11": 0.1829470431380701,
    "MAP_class12": 0.2713967671094855,
    "MAP_class13": 0.04972837344746543,
    "MAP_class14": 0.0946878017310287,
    "MAP_class15": 0.0344826293979691,
    "MAP_class16": 0.2684295315011319,
    "MAP_class17": 0.01341274253079712,
    "MAP_class18": 0.003668932310438075,
    "MAP_class19": 0.017320379146786184,
    "Aggregate": 39.36230478523142
}