{
    "multi-label/mAP": 23.313756942749023,
    "multi-label/precision": 24.75745964050293,
    "multi-label/recall": 19.737783432006836,
    "multi-label/f1-score": 20.544387817382812,
    "multi-label/precision_micro": 30.86319351196289,
    "multi-label/recall_micro": 28.094884872436523,
    "multi-label/f1-score_micro": 29.414047241210938,
    "AUC/AUC_multilabe": 66.62739874010344,
    "AUC/AUC_class1": 78.55886065458812,
    "AUC/AUC_class2": 58.02661958440852,
    "AUC/AUC_class3": 60.81576081576081,
    "AUC/AUC_class4": 75.13661428749118,
    "AUC/AUC_class5": 62.677713828327484,
    "AUC/AUC_class6": 55.10372670807453,
    "AUC/AUC_class7": 50.825098912459985,
    "AUC/AUC_class8": 69.61201501877346,
    "AUC/AUC_class9": 76.32089699036129,
    "AUC/AUC_class10": 53.23419697008145,
    "AUC/AUC_class11": 66.7052913180079,
    "AUC/AUC_class12": 69.66786226685797,
    "AUC/AUC_class13": 72.43631480426467,
    "AUC/AUC_class14": 60.6691232733277,
    "AUC/AUC_class15": 48.848008119766554,
    "AUC/AUC_class16": 93.5758106923751,
    "AUC/AUC_class17": 68.86223532564996,
    "AUC/AUC_class18": 75.885911840968,
    "AUC/AUC_class19": 68.95851465042065,
    "MAP_class1": 0.6616778430595139,
    "MAP_class2": 0.21513420014094212,
    "MAP_class3": 0.3035655282924673,
    "MAP_class4": 0.44716703894563603,
    "MAP_class5": 0.2989565830678582,
    "MAP_class6": 0.1554051433201795,
    "MAP_class7": 0.20295565482637,
    "MAP_class8": 0.23526612693096055,
    "MAP_class9": 0.359890944693085,
    "MAP_class10": 0.17120318991999167,
    "MAP_class11": 0.1964490507586374,
    "MAP_class12": 0.2419338428729101,
    "MAP_class13": 0.1415046073025424,
    "MAP_class14": 0.11074441595349845,
    "MAP_class15": 0.029702325532977105,
    "MAP_class16": 0.5898117405427389,
    "MAP_class17": 0.01917418791371066,
    "MAP_class18": 0.027602731408027163,
    "MAP_class19": 0.021468567825748235,
    "Aggregate": 44.97057758928276
}