{
    "multi-label/mAP": 20.63701629638672,
    "multi-label/precision": 22.18275260925293,
    "multi-label/recall": 10.604897499084473,
    "multi-label/f1-score": 12.972009658813477,
    "multi-label/precision_micro": 36.65254211425781,
    "multi-label/recall_micro": 19.23647117614746,
    "multi-label/f1-score_micro": 25.23091697692871,
    "AUC/AUC_multilabe": 63.52254407521061,
    "AUC/AUC_class1": 75.8077163366526,
    "AUC/AUC_class2": 58.93187350473783,
    "AUC/AUC_class3": 72.51798501798503,
    "AUC/AUC_class4": 72.44164351755876,
    "AUC/AUC_class5": 60.59898612593384,
    "AUC/AUC_class6": 57.07329192546584,
    "AUC/AUC_class7": 50.82112253215898,
    "AUC/AUC_class8": 65.44152412738144,
    "AUC/AUC_class9": 64.40298996787097,
    "AUC/AUC_class10": 56.707564645875095,
    "AUC/AUC_class11": 59.902168164992055,
    "AUC/AUC_class12": 69.45624103299856,
    "AUC/AUC_class13": 61.91299747700821,
    "AUC/AUC_class14": 59.48713301920986,
    "AUC/AUC_class15": 53.095660999746265,
    "AUC/AUC_class16": 95.74496056091148,
    "AUC/AUC_class17": 53.00857678906459,
    "AUC/AUC_class18": 55.077787381158174,
    "AUC/AUC_class19": 64.49811430229184,
    "MAP_class1": 0.6281842326997293,
    "MAP_class2": 0.23174851736048502,
    "MAP_class3": 0.44245852352183584,
    "MAP_class4": 0.41773259914501043,
    "MAP_class5": 0.28227715790488045,
    "MAP_class6": 0.161286760715999,
    "MAP_class7": 0.18202903352233565,
    "MAP_class8": 0.2212900855619599,
    "MAP_class9": 0.2038760412612761,
    "MAP_class10": 0.16008885209689702,
    "MAP_class11": 0.18012297059198543,
    "MAP_class12": 0.23477911572267351,
    "MAP_class13": 0.0559858779424812,
    "MAP_class14": 0.13113092219696748,
    "MAP_class15": 0.04344910299175389,
    "MAP_class16": 0.2953273803676602,
    "MAP_class17": 0.024021659624771437,
    "MAP_class18": 0.005239465744638822,
    "MAP_class19": 0.02000429168614649,
    "Aggregate": 42.07977885513027
}