{
    "multi-label/mAP": 20.462966918945312,
    "multi-label/precision": 21.354772567749023,
    "multi-label/recall": 15.819348335266113,
    "multi-label/f1-score": 16.61947250366211,
    "multi-label/precision_micro": 33.00865936279297,
    "multi-label/recall_micro": 22.609338760375977,
    "multi-label/f1-score_micro": 26.836780548095703,
    "AUC/AUC_multilabe": 59.65497138763551,
    "AUC/AUC_class1": 71.48353329678316,
    "AUC/AUC_class2": 55.05176610704249,
    "AUC/AUC_class3": 64.06626406626407,
    "AUC/AUC_class4": 77.06787180231352,
    "AUC/AUC_class5": 50.910009147735934,
    "AUC/AUC_class6": 56.82546583850932,
    "AUC/AUC_class7": 50.42497564467065,
    "AUC/AUC_class8": 67.64288694201085,
    "AUC/AUC_class9": 72.97226411382861,
    "AUC/AUC_class10": 44.83403963762783,
    "AUC/AUC_class11": 56.75724017793262,
    "AUC/AUC_class12": 38.35222381635581,
    "AUC/AUC_class13": 69.61829575974608,
    "AUC/AUC_class14": 50.102694212879065,
    "AUC/AUC_class15": 52.56280131946206,
    "AUC/AUC_class16": 95.48641542506573,
    "AUC/AUC_class17": 50.30822835700883,
    "AUC/AUC_class18": 60.60933448573898,
    "AUC/AUC_class19": 48.36814621409922,
    "MAP_class1": 0.5774167027529676,
    "MAP_class2": 0.21343749469586815,
    "MAP_class3": 0.33672401977424915,
    "MAP_class4": 0.4987318440611409,
    "MAP_class5": 0.20191695166925044,
    "MAP_class6": 0.16562990400770544,
    "MAP_class7": 0.18676542797763318,
    "MAP_class8": 0.22526424403700981,
    "MAP_class9": 0.25287754363347814,
    "MAP_class10": 0.12039912714533632,
    "MAP_class11": 0.1439899354894409,
    "MAP_class12": 0.09398593434954326,
    "MAP_class13": 0.09301306486981345,
    "MAP_class14": 0.08854854897516201,
    "MAP_class15": 0.04091641884281517,
    "MAP_class16": 0.603562138347947,
    "MAP_class17": 0.021204888886752385,
    "MAP_class18": 0.005672523446275872,
    "MAP_class19": 0.01790676151273383,
    "Aggregate": 40.058968521383875
}