{
    "multi-label/mAP": 22.696857452392578,
    "multi-label/precision": 27.4146785736084,
    "multi-label/recall": 21.92999267578125,
    "multi-label/f1-score": 21.847991943359375,
    "multi-label/precision_micro": 35.39688491821289,
    "multi-label/recall_micro": 34.544105529785156,
    "multi-label/f1-score_micro": 34.96529769897461,
    "AUC/AUC_multilabe": 66.06754538307469,
    "AUC/AUC_class1": 76.70723310935726,
    "AUC/AUC_class2": 57.861030725352336,
    "AUC/AUC_class3": 75.95782595782596,
    "AUC/AUC_class4": 75.4206227455533,
    "AUC/AUC_class5": 64.07941378258882,
    "AUC/AUC_class6": 53.49751552795031,
    "AUC/AUC_class7": 53.33419488239854,
    "AUC/AUC_class8": 66.09025170351829,
    "AUC/AUC_class9": 74.64231853648941,
    "AUC/AUC_class10": 56.4246199913721,
    "AUC/AUC_class11": 70.02053068715588,
    "AUC/AUC_class12": 67.6764705882353,
    "AUC/AUC_class13": 72.37120533897615,
    "AUC/AUC_class14": 69.40417220409971,
    "AUC/AUC_class15": 52.5222024866785,
    "AUC/AUC_class16": 91.48992112182296,
    "AUC/AUC_class17": 50.10050924685071,
    "AUC/AUC_class18": 59.39930855661193,
    "AUC/AUC_class19": 68.28401508558167,
    "MAP_class1": 0.6280518182174364,
    "MAP_class2": 0.2064305596178556,
    "MAP_class3": 0.45550369773838223,
    "MAP_class4": 0.4889150734463531,
    "MAP_class5": 0.30300676573302665,
    "MAP_class6": 0.15371659612481667,
    "MAP_class7": 0.2041779946951192,
    "MAP_class8": 0.22350269100588477,
    "MAP_class9": 0.31633328505288905,
    "MAP_class10": 0.168520238598456,
    "MAP_class11": 0.25848399125759675,
    "MAP_class12": 0.22985842956541402,
    "MAP_class13": 0.11160362619467651,
    "MAP_class14": 0.18675854695344526,
    "MAP_class15": 0.03043481278743058,
    "MAP_class16": 0.2915856477222294,
    "MAP_class17": 0.011165528692704416,
    "MAP_class18": 0.006158393358661997,
    "MAP_class19": 0.03820376404359266,
    "Aggregate": 44.38222390418464
}