{
    "multi-label/mAP": 15.536535263061523,
    "multi-label/precision": 13.855405807495117,
    "multi-label/recall": 6.6331048011779785,
    "multi-label/f1-score": 7.3164167404174805,
    "multi-label/precision_micro": 28.786611557006836,
    "multi-label/recall_micro": 12.7501859664917,
    "multi-label/f1-score_micro": 17.672746658325195,
    "AUC/AUC_multilabe": 55.23532737144927,
    "AUC/AUC_class1": 65.16810954852036,
    "AUC/AUC_class2": 49.77695128448897,
    "AUC/AUC_class3": 46.63358413358413,
    "AUC/AUC_class4": 70.38683195820722,
    "AUC/AUC_class5": 51.14966077145906,
    "AUC/AUC_class6": 61.00310559006211,
    "AUC/AUC_class7": 48.74545201503072,
    "AUC/AUC_class8": 60.31636768182451,
    "AUC/AUC_class9": 61.9893777457216,
    "AUC/AUC_class10": 56.337706498845385,
    "AUC/AUC_class11": 64.85675179643513,
    "AUC/AUC_class12": 55.89239598278336,
    "AUC/AUC_class13": 62.09815251892243,
    "AUC/AUC_class14": 56.84728766461278,
    "AUC/AUC_class15": 57.284953057599594,
    "AUC/AUC_class16": 64.75898334794041,
    "AUC/AUC_class17": 53.10908603591531,
    "AUC/AUC_class18": 24.481417458945547,
    "AUC/AUC_class19": 38.63504496663766,
    "MAP_class1": 0.5023700240645774,
    "MAP_class2": 0.17181570612313235,
    "MAP_class3": 0.20719876345174493,
    "MAP_class4": 0.3858167026823023,
    "MAP_class5": 0.20188341530207318,
    "MAP_class6": 0.20441605318061545,
    "MAP_class7": 0.18194797280149788,
    "MAP_class8": 0.17141207655408633,
    "MAP_class9": 0.18255199023693103,
    "MAP_class10": 0.16702783822753356,
    "MAP_class11": 0.18837266227312385,
    "MAP_class12": 0.1368968059650511,
    "MAP_class13": 0.052014951651384866,
    "MAP_class14": 0.10371524439483702,
    "MAP_class15": 0.035918988197335355,
    "MAP_class16": 0.03484778903476766,
    "MAP_class17": 0.012568638847113784,
    "MAP_class18": 0.002754332709525361,
    "MAP_class19": 0.008411883228823455,
    "Aggregate": 35.385931682899525
}