{
    "multi-label/mAP": 17.646387100219727,
    "multi-label/precision": 14.936433792114258,
    "multi-label/recall": 30.176584243774414,
    "multi-label/f1-score": 18.562156677246094,
    "multi-label/precision_micro": 20.747297286987305,
    "multi-label/recall_micro": 43.32648849487305,
    "multi-label/f1-score_micro": 28.05851173400879,
    "AUC/AUC_multilabe": 57.61776700071184,
    "AUC/AUC_class1": 62.894384030984654,
    "AUC/AUC_class2": 46.601457299484615,
    "AUC/AUC_class3": 60.48761333618905,
    "AUC/AUC_class4": 60.48761333618905,
    "MAP_class1": 0.30963787597280723,
    "MAP_class2": 0.22824733847800355,
    "MAP_class3": 0.16821411486916882,
    "MAP_class4": -0.0,
    "Aggregate": 37.63512511685566
}