{
    "multi-label/mAP": 19.488632202148438,
    "multi-label/precision": 16.666501998901367,
    "multi-label/recall": 12.020339012145996,
    "multi-label/f1-score": 11.999972343444824,
    "multi-label/precision_micro": 30.123180389404297,
    "multi-label/recall_micro": 19.940696716308594,
    "multi-label/f1-score_micro": 23.996431350708008,
    "AUC/AUC_multilabe": 57.01932079949742,
    "AUC/AUC_class1": 70.4934910940827,
    "AUC/AUC_class2": 55.25653214095425,
    "AUC/AUC_class3": 65.61561561561562,
    "AUC/AUC_class4": 77.48497035532152,
    "AUC/AUC_class5": 52.31885577069675,
    "AUC/AUC_class6": 53.873291925465836,
    "AUC/AUC_class7": 50.90562061355548,
    "AUC/AUC_class8": 65.03893756083994,
    "AUC/AUC_class9": 72.44574126286801,
    "AUC/AUC_class10": 46.65478214530413,
    "AUC/AUC_class11": 53.58353812175319,
    "AUC/AUC_class12": 38.18651362984218,
    "AUC/AUC_class13": 55.774395702775294,
    "AUC/AUC_class14": 52.73247150738995,
    "AUC/AUC_class15": 48.49530575995939,
    "AUC/AUC_class16": 92.67747589833479,
    "AUC/AUC_class17": 45.222460466362904,
    "AUC/AUC_class18": 27.722558340535862,
    "AUC/AUC_class19": 58.88453727879315,
    "MAP_class1": 0.5841034679073361,
    "MAP_class2": 0.2123752526183752,
    "MAP_class3": 0.36110594992022016,
    "MAP_class4": 0.4891741226583536,
    "MAP_class5": 0.21551532200426748,
    "MAP_class6": 0.15843276986085386,
    "MAP_class7": 0.18216516081591,
    "MAP_class8": 0.20931079582379386,
    "MAP_class9": 0.25564020367534857,
    "MAP_class10": 0.12387350150021693,
    "MAP_class11": 0.1155559396590406,
    "MAP_class12": 0.09045384767120393,
    "MAP_class13": 0.046552587739769516,
    "MAP_class14": 0.08743691641391363,
    "MAP_class15": 0.035115257983844524,
    "MAP_class16": 0.5024884917249163,
    "MAP_class17": 0.012926048029148773,
    "MAP_class18": 0.002869533275176221,
    "MAP_class19": 0.01774517477983014,
    "Aggregate": 38.253977094647446
}