{
    "multi-label/mAP": 21.211286544799805,
    "multi-label/precision": 25.241146087646484,
    "multi-label/recall": 21.444791793823242,
    "multi-label/f1-score": 18.779624938964844,
    "multi-label/precision_micro": 30.411170959472656,
    "multi-label/recall_micro": 29.058561325073242,
    "multi-label/f1-score_micro": 29.719484329223633,
    "AUC/AUC_multilabe": 58.968676177713576,
    "AUC/AUC_class1": 67.04619346941898,
    "AUC/AUC_class2": 57.11614204076515,
    "AUC/AUC_class3": 65.49269049269049,
    "AUC/AUC_class4": 74.9114805754799,
    "AUC/AUC_class5": 57.7303133099558,
    "AUC/AUC_class6": 53.346894409937896,
    "AUC/AUC_class7": 48.81404457522318,
    "AUC/AUC_class8": 68.26032540675845,
    "AUC/AUC_class9": 70.72257556881517,
    "AUC/AUC_class10": 46.51077219783287,
    "AUC/AUC_class11": 58.943291753507324,
    "AUC/AUC_class12": 41.801291248206596,
    "AUC/AUC_class13": 58.209896638723855,
    "AUC/AUC_class14": 59.37235713422737,
    "AUC/AUC_class15": 43.99898502918042,
    "AUC/AUC_class16": 95.36371603856266,
    "AUC/AUC_class17": 55.04556419190566,
    "AUC/AUC_class18": 41.248919619706136,
    "AUC/AUC_class19": 56.469393675659994,
    "MAP_class1": 0.5268071045036349,
    "MAP_class2": 0.20418174392594007,
    "MAP_class3": 0.3537260071411134,
    "MAP_class4": 0.4581002581652467,
    "MAP_class5": 0.23549074374463203,
    "MAP_class6": 0.16777939374457296,
    "MAP_class7": 0.17534136729772928,
    "MAP_class8": 0.2529182974548999,
    "MAP_class9": 0.24497988423183928,
    "MAP_class10": 0.13187713527265493,
    "MAP_class11": 0.17420854204508704,
    "MAP_class12": 0.0935897069594925,
    "MAP_class13": 0.051525128903826864,
    "MAP_class14": 0.1275130713696918,
    "MAP_class15": 0.03819862944101698,
    "MAP_class16": 0.7442165071142322,
    "MAP_class17": 0.021258928238150725,
    "MAP_class18": 0.0046741139944994625,
    "MAP_class19": 0.015860613242030235,
    "Aggregate": 40.069199080410186
}