{
    "multi-label/mAP": 25.401395797729492,
    "multi-label/precision": 27.454614639282227,
    "multi-label/recall": 19.834806442260742,
    "multi-label/f1-score": 21.91704750061035,
    "multi-label/precision_micro": 42.43369674682617,
    "multi-label/recall_micro": 30.244625091552734,
    "multi-label/f1-score_micro": 35.31703186035156,
    "AUC/AUC_multilabe": 68.25854124692314,
    "AUC/AUC_class1": 86.69084928153408,
    "AUC/AUC_class2": 58.453389609168504,
    "AUC/AUC_class3": 64.33150183150184,
    "AUC/AUC_class4": 79.55802479373108,
    "AUC/AUC_class5": 62.870197438633944,
    "AUC/AUC_class6": 58.29378881987577,
    "AUC/AUC_class7": 50.516929439131566,
    "AUC/AUC_class8": 66.9503546099291,
    "AUC/AUC_class9": 78.24798373877123,
    "AUC/AUC_class10": 48.328342680234485,
    "AUC/AUC_class11": 69.67757489034747,
    "AUC/AUC_class12": 73.23098995695841,
    "AUC/AUC_class13": 72.1046634654513,
    "AUC/AUC_class14": 66.33542748983126,
    "AUC/AUC_class15": 47.70362852068003,
    "AUC/AUC_class16": 98.14636283961437,
    "AUC/AUC_class17": 49.906191369606006,
    "AUC/AUC_class18": 90.36300777873811,
    "AUC/AUC_class19": 75.203075137801,
    "MAP_class1": 0.7924433182300288,
    "MAP_class2": 0.2173207645702962,
    "MAP_class3": 0.3749046746179525,
    "MAP_class4": 0.518190599945486,
    "MAP_class5": 0.306860078082923,
    "MAP_class6": 0.1824458701889668,
    "MAP_class7": 0.19026760401092885,
    "MAP_class8": 0.21283021957459303,
    "MAP_class9": 0.363248809428363,
    "MAP_class10": 0.1403550816154646,
    "MAP_class11": 0.25233293034537474,
    "MAP_class12": 0.2679874675874907,
    "MAP_class13": 0.10815023344268376,
    "MAP_class14": 0.14472941421502136,
    "MAP_class15": 0.03392936133547947,
    "MAP_class16": 0.6476645478141421,
    "MAP_class17": 0.015038887618876014,
    "MAP_class18": 0.026426024955436722,
    "MAP_class19": 0.03114416476475769,
    "Aggregate": 46.82998128752543
}