{
    "multi-label/mAP": 18.31308364868164,
    "multi-label/precision": 20.724502563476562,
    "multi-label/recall": 9.688454627990723,
    "multi-label/f1-score": 9.632413864135742,
    "multi-label/precision_micro": 29.746400833129883,
    "multi-label/recall_micro": 16.085988998413086,
    "multi-label/f1-score_micro": 20.880441665649414,
    "AUC/AUC_multilabe": 57.011010267536044,
    "AUC/AUC_class1": 72.0687610766151,
    "AUC/AUC_class2": 58.23922105329139,
    "AUC/AUC_class3": 56.56081906081907,
    "AUC/AUC_class4": 61.838384675981594,
    "AUC/AUC_class5": 59.913382375362104,
    "AUC/AUC_class6": 54.77577639751552,
    "AUC/AUC_class7": 43.93154661311807,
    "AUC/AUC_class8": 56.910026421916285,
    "AUC/AUC_class9": 62.351321224837704,
    "AUC/AUC_class10": 58.591747659045346,
    "AUC/AUC_class11": 53.570317603508876,
    "AUC/AUC_class12": 59.491391678622676,
    "AUC/AUC_class13": 57.54455929030683,
    "AUC/AUC_class14": 40.2510974185494,
    "AUC/AUC_class15": 49.84014209591474,
    "AUC/AUC_class16": 90.76687116564418,
    "AUC/AUC_class17": 71.20745108549987,
    "AUC/AUC_class18": 27.981849611063097,
    "AUC/AUC_class19": 47.37452857557296,
    "MAP_class1": 0.5751219430741166,
    "MAP_class2": 0.2112415377830425,
    "MAP_class3": 0.2822636001929699,
    "MAP_class4": 0.312754458120185,
    "MAP_class5": 0.2479979666168624,
    "MAP_class6": 0.16522128002002237,
    "MAP_class7": 0.15768440407716894,
    "MAP_class8": 0.14807643361185985,
    "MAP_class9": 0.19162646186357749,
    "MAP_class10": 0.16843768462811742,
    "MAP_class11": 0.12032823299266188,
    "MAP_class12": 0.15419266877877288,
    "MAP_class13": 0.06557100126547288,
    "MAP_class14": 0.06532811671329061,
    "MAP_class15": 0.03767911675187491,
    "MAP_class16": 0.4949153335414415,
    "MAP_class17": 0.06831148515689843,
    "MAP_class18": 0.002875936805323772,
    "MAP_class19": 0.009858271324380101,
    "Aggregate": 37.662047063552336
}