{
    "multi-label/mAP": 16.479867935180664,
    "multi-label/precision": 17.766342163085938,
    "multi-label/recall": 3.969465970993042,
    "multi-label/f1-score": 5.180957794189453,
    "multi-label/precision_micro": 34.992889404296875,
    "multi-label/recall_micro": 9.117864608764648,
    "multi-label/f1-score_micro": 14.46633243560791,
    "AUC/AUC_multilabe": 56.85306618568277,
    "AUC/AUC_class1": 64.94020221596053,
    "AUC/AUC_class2": 45.4241059768698,
    "AUC/AUC_class3": 55.59721809721809,
    "AUC/AUC_class4": 70.00165844355074,
    "AUC/AUC_class5": 58.48738374752249,
    "AUC/AUC_class6": 55.360248447204974,
    "AUC/AUC_class7": 47.49040698252381,
    "AUC/AUC_class8": 54.93950771798081,
    "AUC/AUC_class9": 57.19297095272441,
    "AUC/AUC_class10": 57.288045271144725,
    "AUC/AUC_class11": 62.78735185242792,
    "AUC/AUC_class12": 58.19440459110474,
    "AUC/AUC_class13": 64.19996744526736,
    "AUC/AUC_class14": 52.5532600378559,
    "AUC/AUC_class15": 62.39279370718091,
    "AUC/AUC_class16": 78.60648553900087,
    "AUC/AUC_class17": 54.02036987402842,
    "AUC/AUC_class18": 24.675885911840968,
    "AUC/AUC_class19": 56.05599071656513,
    "MAP_class1": 0.5385238382393125,
    "MAP_class2": 0.15274895396691265,
    "MAP_class3": 0.27422260844835666,
    "MAP_class4": 0.4272233290481873,
    "MAP_class5": 0.2502996769021729,
    "MAP_class6": 0.16731107892986297,
    "MAP_class7": 0.17842601484015744,
    "MAP_class8": 0.15353111166902267,
    "MAP_class9": 0.16392966192545277,
    "MAP_class10": 0.1658128526279954,
    "MAP_class11": 0.1723786161360772,
    "MAP_class12": 0.16894889741516356,
    "MAP_class13": 0.09512075139520129,
    "MAP_class14": 0.08187273732142486,
    "MAP_class15": 0.05947715626370081,
    "MAP_class16": 0.05437965257542609,
    "MAP_class17": 0.012254623643958757,
    "MAP_class18": 0.002725076047555496,
    "MAP_class19": 0.011988224075823378,
    "Aggregate": 36.66646693881972
}