{
    "multi-label/mAP": 25.590301513671875,
    "multi-label/precision": 26.674890518188477,
    "multi-label/recall": 25.76249885559082,
    "multi-label/f1-score": 24.416160583496094,
    "multi-label/precision_micro": 38.95658874511719,
    "multi-label/recall_micro": 37.91697692871094,
    "multi-label/f1-score_micro": 38.429752349853516,
    "AUC/AUC_multilabe": 66.55287483569235,
    "AUC/AUC_class1": 83.56262192245414,
    "AUC/AUC_class2": 62.1020904940503,
    "AUC/AUC_class3": 71.54283404283403,
    "AUC/AUC_class4": 80.55267631327999,
    "AUC/AUC_class5": 65.42441683183414,
    "AUC/AUC_class6": 54.283229813664605,
    "AUC/AUC_class7": 52.10151698908484,
    "AUC/AUC_class8": 71.73202614379086,
    "AUC/AUC_class9": 77.87489344960986,
    "AUC/AUC_class10": 52.80026391250286,
    "AUC/AUC_class11": 69.42638504370548,
    "AUC/AUC_class12": 73.08751793400286,
    "AUC/AUC_class13": 75.68161471473915,
    "AUC/AUC_class14": 67.36941726068221,
    "AUC/AUC_class15": 44.41512306521187,
    "AUC/AUC_class16": 98.35232252410167,
    "AUC/AUC_class17": 31.33208255159475,
    "AUC/AUC_class18": 70.59204840103716,
    "AUC/AUC_class19": 62.2715404699739,
    "MAP_class1": 0.6919847615687622,
    "MAP_class2": 0.2513496425726753,
    "MAP_class3": 0.4050023006228272,
    "MAP_class4": 0.5133397709060754,
    "MAP_class5": 0.300889754075429,
    "MAP_class6": 0.16703855559013558,
    "MAP_class7": 0.21772912827769103,
    "MAP_class8": 0.24335414003961095,
    "MAP_class9": 0.3364184441799416,
    "MAP_class10": 0.15308413797202938,
    "MAP_class11": 0.20784182913591973,
    "MAP_class12": 0.26949882387815605,
    "MAP_class13": 0.165588307740632,
    "MAP_class14": 0.1668461847144416,
    "MAP_class15": 0.026539928041293615,
    "MAP_class16": 0.698007207753507,
    "MAP_class17": 0.009113238389501371,
    "MAP_class18": 0.01577153014902647,
    "MAP_class19": 0.022759528456116226,
    "Aggregate": 46.07158798117189
}