{
    "multi-label/mAP": 30.125205993652344,
    "multi-label/precision": 25.65752410888672,
    "multi-label/recall": 42.51036071777344,
    "multi-label/f1-score": 30.134098052978516,
    "multi-label/precision_micro": 30.641820907592773,
    "multi-label/recall_micro": 60.78028869628906,
    "multi-label/f1-score_micro": 40.7432861328125,
    "AUC/AUC_multilabe": 69.9596968404344,
    "AUC/AUC_class1": 71.2066140324743,
    "AUC/AUC_class2": 74.16369328357189,
    "AUC/AUC_class3": 67.23424002284571,
    "AUC/AUC_class4": 67.23424002284571,
    "MAP_class1": 0.47551655834283024,
    "MAP_class2": 0.4951340044882982,
    "MAP_class3": 0.2321728624096364,
    "MAP_class4": -0.0,
    "Aggregate": 50.01514123572676
}