{
    "multi-label/mAP": 20.07624626159668,
    "multi-label/precision": 21.710674285888672,
    "multi-label/recall": 16.415119171142578,
    "multi-label/f1-score": 16.680828094482422,
    "multi-label/precision_micro": 32.87871551513672,
    "multi-label/recall_micro": 25.018531799316406,
    "multi-label/f1-score_micro": 28.415071487426758,
    "AUC/AUC_multilabe": 57.4622883923221,
    "AUC/AUC_class1": 73.3667172419069,
    "AUC/AUC_class2": 59.32260052863067,
    "AUC/AUC_class3": 64.31417681417682,
    "AUC/AUC_class4": 71.17915336456736,
    "AUC/AUC_class5": 57.27578518066778,
    "AUC/AUC_class6": 48.17701863354038,
    "AUC/AUC_class7": 50.88449609320635,
    "AUC/AUC_class8": 67.16868307606731,
    "AUC/AUC_class9": 71.48449282014295,
    "AUC/AUC_class10": 46.34963331387824,
    "AUC/AUC_class11": 52.468348523968025,
    "AUC/AUC_class12": 37.76111908177906,
    "AUC/AUC_class13": 60.23032473345813,
    "AUC/AUC_class14": 59.00789335910758,
    "AUC/AUC_class15": 40.98959654909921,
    "AUC/AUC_class16": 94.6888694127958,
    "AUC/AUC_class17": 39.801661752881266,
    "AUC/AUC_class18": 35.933448573898005,
    "AUC/AUC_class19": 61.37946040034813,
    "MAP_class1": 0.6069177667297159,
    "MAP_class2": 0.22761281075933504,
    "MAP_class3": 0.35820694188069524,
    "MAP_class4": 0.42663824505137804,
    "MAP_class5": 0.22351197116610247,
    "MAP_class6": 0.15202368925576287,
    "MAP_class7": 0.2076392267274867,
    "MAP_class8": 0.22847603291034288,
    "MAP_class9": 0.2567557767663726,
    "MAP_class10": 0.12320797093758178,
    "MAP_class11": 0.13225584538872343,
    "MAP_class12": 0.08785538921465953,
    "MAP_class13": 0.05287041457752293,
    "MAP_class14": 0.10790797368097772,
    "MAP_class15": 0.024938094273054302,
    "MAP_class16": 0.5449643190986069,
    "MAP_class17": 0.03438857258261481,
    "MAP_class18": 0.0033381022292391757,
    "MAP_class19": 0.014966693039889938,
    "Aggregate": 38.7692385021349
}