{
    "multi-label/mAP": 20.69953727722168,
    "multi-label/precision": 25.495342254638672,
    "multi-label/recall": 14.568136215209961,
    "multi-label/f1-score": 14.560957908630371,
    "multi-label/precision_micro": 31.533475875854492,
    "multi-label/recall_micro": 21.64566421508789,
    "multi-label/f1-score_micro": 25.670331954956055,
    "AUC/AUC_multilabe": 59.08247701293224,
    "AUC/AUC_class1": 70.72490469329729,
    "AUC/AUC_class2": 55.90373906956822,
    "AUC/AUC_class3": 62.46204996204996,
    "AUC/AUC_class4": 75.66565778017329,
    "AUC/AUC_class5": 56.68523212379936,
    "AUC/AUC_class6": 54.45962732919255,
    "AUC/AUC_class7": 51.40763862655825,
    "AUC/AUC_class8": 72.8792935613962,
    "AUC/AUC_class9": 74.32496229755425,
    "AUC/AUC_class10": 43.09132895170909,
    "AUC/AUC_class11": 55.05257100195974,
    "AUC/AUC_class12": 44.86872309899569,
    "AUC/AUC_class13": 65.61406364450232,
    "AUC/AUC_class14": 56.99226772985381,
    "AUC/AUC_class15": 48.34052270997209,
    "AUC/AUC_class16": 95.32427695004382,
    "AUC/AUC_class17": 42.54891450013401,
    "AUC/AUC_class18": 47.925669835782195,
    "AUC/AUC_class19": 48.2956193791703,
    "MAP_class1": 0.5906068851128257,
    "MAP_class2": 0.20949797403972392,
    "MAP_class3": 0.34603133428404825,
    "MAP_class4": 0.4659431024013479,
    "MAP_class5": 0.2128134144099618,
    "MAP_class6": 0.15806056573826913,
    "MAP_class7": 0.2009720266101839,
    "MAP_class8": 0.24035996026258305,
    "MAP_class9": 0.28002449759807707,
    "MAP_class10": 0.12142426812318155,
    "MAP_class11": 0.15227477992132196,
    "MAP_class12": 0.10174454152603107,
    "MAP_class13": 0.08231830341074939,
    "MAP_class14": 0.09660836437042711,
    "MAP_class15": 0.031477260502924286,
    "MAP_class16": 0.5936927769406793,
    "MAP_class17": 0.03480043527085534,
    "MAP_class18": 0.00398153496019927,
    "MAP_class19": 0.010074950277823076,
    "Aggregate": 39.89046739004826
}