{
    "multi-label/mAP": 19.56570816040039,
    "multi-label/precision": 20.709501266479492,
    "multi-label/recall": 17.9626407623291,
    "multi-label/f1-score": 15.739448547363281,
    "multi-label/precision_micro": 27.890295028686523,
    "multi-label/recall_micro": 24.499629974365234,
    "multi-label/f1-score_micro": 26.085241317749023,
    "AUC/AUC_multilabe": 57.37435379066121,
    "AUC/AUC_class1": 70.66147314199743,
    "AUC/AUC_class2": 54.27449095790804,
    "AUC/AUC_class3": 64.32201432201433,
    "AUC/AUC_class4": 74.91148057547991,
    "AUC/AUC_class5": 47.33000457386797,
    "AUC/AUC_class6": 54.94037267080745,
    "AUC/AUC_class7": 50.68045807901067,
    "AUC/AUC_class8": 66.47336948963982,
    "AUC/AUC_class9": 71.55924201691693,
    "AUC/AUC_class10": 46.78420077651179,
    "AUC/AUC_class11": 61.348648396428906,
    "AUC/AUC_class12": 41.333572453371595,
    "AUC/AUC_class13": 64.1185806136567,
    "AUC/AUC_class14": 55.95324392895977,
    "AUC/AUC_class15": 44.03958386196397,
    "AUC/AUC_class16": 95.81507449605608,
    "AUC/AUC_class17": 43.768426695255954,
    "AUC/AUC_class18": 35.02592912705273,
    "AUC/AUC_class19": 46.772555845662886,
    "MAP_class1": 0.5840780761276129,
    "MAP_class2": 0.1897053604111267,
    "MAP_class3": 0.36120392684144526,
    "MAP_class4": 0.47823707463187315,
    "MAP_class5": 0.1839758789062604,
    "MAP_class6": 0.1618667320193112,
    "MAP_class7": 0.19455403229636087,
    "MAP_class8": 0.21830443091275753,
    "MAP_class9": 0.2397970290996443,
    "MAP_class10": 0.12494140860155059,
    "MAP_class11": 0.16342346353128,
    "MAP_class12": 0.09660085237223436,
    "MAP_class13": 0.06490689723245452,
    "MAP_class14": 0.10638115677685445,
    "MAP_class15": 0.027821387973183644,
    "MAP_class16": 0.4542515596485562,
    "MAP_class17": 0.04870677438654524,
    "MAP_class18": 0.0033083800619767745,
    "MAP_class19": 0.010063060057958362,
    "Aggregate": 38.45593342661741
}