{
    "multi-label/mAP": 16.536340713500977,
    "multi-label/precision": 13.132472038269043,
    "multi-label/recall": 9.91835880279541,
    "multi-label/f1-score": 9.654882431030273,
    "multi-label/precision_micro": 27.84952163696289,
    "multi-label/recall_micro": 18.383989334106445,
    "multi-label/f1-score_micro": 22.14780044555664,
    "AUC/AUC_multilabe": 55.64264685883791,
    "AUC/AUC_class1": 71.21100075225357,
    "AUC/AUC_class2": 53.97778915366855,
    "AUC/AUC_class3": 59.05603405603406,
    "AUC/AUC_class4": 56.518512376135,
    "AUC/AUC_class5": 45.37110268333588,
    "AUC/AUC_class6": 56.76273291925465,
    "AUC/AUC_class7": 54.605642483647145,
    "AUC/AUC_class8": 58.34932554582116,
    "AUC/AUC_class9": 53.342075929447255,
    "AUC/AUC_class10": 55.079681274900395,
    "AUC/AUC_class11": 53.47233023299219,
    "AUC/AUC_class12": 61.53586800573889,
    "AUC/AUC_class13": 51.452754944250024,
    "AUC/AUC_class14": 59.82441303209698,
    "AUC/AUC_class15": 47.800050748540976,
    "AUC/AUC_class16": 81.21822962313759,
    "AUC/AUC_class17": 59.21334762798176,
    "AUC/AUC_class18": 37.01382886776145,
    "AUC/AUC_class19": 41.405570060922535,
    "MAP_class1": 0.5674675706692316,
    "MAP_class2": 0.18234198656783077,
    "MAP_class3": 0.2926380244056337,
    "MAP_class4": 0.2713938470911942,
    "MAP_class5": 0.16878710358595217,
    "MAP_class6": 0.17922251828722857,
    "MAP_class7": 0.20062670856438133,
    "MAP_class8": 0.14223644489789988,
    "MAP_class9": 0.1377097732998293,
    "MAP_class10": 0.15080840809766477,
    "MAP_class11": 0.12230658907063024,
    "MAP_class12": 0.15436968583707375,
    "MAP_class13": 0.05169891572079284,
    "MAP_class14": 0.10272481616078356,
    "MAP_class15": 0.028922767568649425,
    "MAP_class16": 0.34223369914297114,
    "MAP_class17": 0.020549618395808364,
    "MAP_class18": 0.003732272869108491,
    "MAP_class19": 0.022133999487339913,
    "Aggregate": 36.08949382341896
}