{
    "multi-label/mAP": 16.82303810119629,
    "multi-label/precision": 16.04835319519043,
    "multi-label/recall": 14.820789337158203,
    "multi-label/f1-score": 11.90641975402832,
    "multi-label/precision_micro": 27.66355323791504,
    "multi-label/recall_micro": 27.427724838256836,
    "multi-label/f1-score_micro": 27.545135498046875,
    "AUC/AUC_multilabe": 56.59026518929386,
    "AUC/AUC_class1": 61.65323660287386,
    "AUC/AUC_class2": 57.34180256793322,
    "AUC/AUC_class3": 55.45036795036795,
    "AUC/AUC_class4": 70.51867822049007,
    "AUC/AUC_class5": 53.34273517304467,
    "AUC/AUC_class6": 58.60434782608696,
    "AUC/AUC_class7": 56.38258743066187,
    "AUC/AUC_class8": 62.45793352802114,
    "AUC/AUC_class9": 50.64782637204117,
    "AUC/AUC_class10": 55.13043367929556,
    "AUC/AUC_class11": 65.08616667185119,
    "AUC/AUC_class12": 61.050215208034444,
    "AUC/AUC_class13": 37.348417026125176,
    "AUC/AUC_class14": 49.860053964802056,
    "AUC/AUC_class15": 54.709464602892666,
    "AUC/AUC_class16": 78.33479404031551,
    "AUC/AUC_class17": 64.03779147681587,
    "AUC/AUC_class18": 48.292999135695766,
    "AUC/AUC_class19": 34.96518711923412,
    "MAP_class1": 0.5083686255720512,
    "MAP_class2": 0.21265477100036112,
    "MAP_class3": 0.2699755995616083,
    "MAP_class4": 0.4140216383270238,
    "MAP_class5": 0.2110290712404298,
    "MAP_class6": 0.17402449505660175,
    "MAP_class7": 0.21564628146324555,
    "MAP_class8": 0.16856695038723857,
    "MAP_class9": 0.13543628787620293,
    "MAP_class10": 0.1657227031617383,
    "MAP_class11": 0.2182965162613389,
    "MAP_class12": 0.16534468021703624,
    "MAP_class13": 0.031477351297524284,
    "MAP_class14": 0.07941106615571947,
    "MAP_class15": 0.03542801215178,
    "MAP_class16": 0.1469052342231528,
    "MAP_class17": 0.03070496287131879,
    "MAP_class18": 0.004250894453398562,
    "MAP_class19": 0.00911191732489805,
    "Aggregate": 36.70665116991711
}