{
    "multi-label/mAP": 22.584129333496094,
    "multi-label/precision": 22.906923294067383,
    "multi-label/recall": 16.19266700744629,
    "multi-label/f1-score": 18.186729431152344,
    "multi-label/precision_micro": 36.33074951171875,
    "multi-label/recall_micro": 26.056337356567383,
    "multi-label/f1-score_micro": 30.34750747680664,
    "AUC/AUC_multilabe": 68.19188695453933,
    "AUC/AUC_class1": 79.76023511111677,
    "AUC/AUC_class2": 59.83869451206134,
    "AUC/AUC_class3": 70.33792033792035,
    "AUC/AUC_class4": 79.58704755586882,
    "AUC/AUC_class5": 65.01610382680286,
    "AUC/AUC_class6": 61.131055900621114,
    "AUC/AUC_class7": 54.076783903612544,
    "AUC/AUC_class8": 69.3394520928939,
    "AUC/AUC_class9": 70.9317421808406,
    "AUC/AUC_class10": 52.89796229096353,
    "AUC/AUC_class11": 68.70081189535571,
    "AUC/AUC_class12": 66.84218077474893,
    "AUC/AUC_class13": 75.75282819239847,
    "AUC/AUC_class14": 61.02855301840441,
    "AUC/AUC_class15": 45.80309566099975,
    "AUC/AUC_class16": 96.14811568799298,
    "AUC/AUC_class17": 73.01661752881266,
    "AUC/AUC_class18": 78.3275713050994,
    "AUC/AUC_class19": 67.10908035973311,
    "MAP_class1": 0.6737124813881179,
    "MAP_class2": 0.23198248877625088,
    "MAP_class3": 0.3937358222960169,
    "MAP_class4": 0.5094195181287559,
    "MAP_class5": 0.28917503332966676,
    "MAP_class6": 0.19003527325931324,
    "MAP_class7": 0.19961064870483752,
    "MAP_class8": 0.2414720029245304,
    "MAP_class9": 0.23323037407629413,
    "MAP_class10": 0.1382311400999017,
    "MAP_class11": 0.23891506474814908,
    "MAP_class12": 0.22173027831980613,
    "MAP_class13": 0.15462273549114802,
    "MAP_class14": 0.1055020472274125,
    "MAP_class15": 0.03162794829663662,
    "MAP_class16": 0.3042057713406191,
    "MAP_class17": 0.10227732513854107,
    "MAP_class18": 0.015662377174318017,
    "MAP_class19": 0.015836162909419076,
    "Aggregate": 45.38800793419002
}