{
    "multi-label/mAP": 15.894892692565918,
    "multi-label/precision": 13.064136505126953,
    "multi-label/recall": 15.535737991333008,
    "multi-label/f1-score": 9.670654296875,
    "multi-label/precision_micro": 25.402563095092773,
    "multi-label/recall_micro": 28.65085220336914,
    "multi-label/f1-score_micro": 26.929105758666992,
    "AUC/AUC_multilabe": 55.028859234987294,
    "AUC/AUC_class1": 71.15139421912255,
    "AUC/AUC_class2": 49.50636759681985,
    "AUC/AUC_class3": 50.20707520707521,
    "AUC/AUC_class4": 63.86541730585845,
    "AUC/AUC_class5": 56.11707196218936,
    "AUC/AUC_class6": 52.72857142857143,
    "AUC/AUC_class7": 44.301847028649824,
    "AUC/AUC_class8": 54.92560144625227,
    "AUC/AUC_class9": 55.264572814897384,
    "AUC/AUC_class10": 58.492146065419846,
    "AUC/AUC_class11": 46.98027809748966,
    "AUC/AUC_class12": 58.835724533715926,
    "AUC/AUC_class13": 53.9472613331163,
    "AUC/AUC_class14": 44.67198260239216,
    "AUC/AUC_class15": 53.05252473991373,
    "AUC/AUC_class16": 86.28396143733566,
    "AUC/AUC_class17": 44.880729027070494,
    "AUC/AUC_class18": 56.97925669835783,
    "AUC/AUC_class19": 43.35654192051059,
    "MAP_class1": 0.6012005902416807,
    "MAP_class2": 0.16992068664074103,
    "MAP_class3": 0.2303799338228743,
    "MAP_class4": 0.3195429983078095,
    "MAP_class5": 0.2427478578284408,
    "MAP_class6": 0.14235058494825836,
    "MAP_class7": 0.15435935652016575,
    "MAP_class8": 0.13530920764584944,
    "MAP_class9": 0.16314465780760534,
    "MAP_class10": 0.17484890595172017,
    "MAP_class11": 0.10518307018141294,
    "MAP_class12": 0.18312891361476974,
    "MAP_class13": 0.04642371834398461,
    "MAP_class14": 0.06787437726363099,
    "MAP_class15": 0.04815374721363571,
    "MAP_class16": 0.19887562477274381,
    "MAP_class17": 0.013720802858005539,
    "MAP_class18": 0.01311820080897872,
    "MAP_class19": 0.009740853110476283,
    "Aggregate": 35.4618614277115
}