{
    "multi-label/mAP": 18.148897171020508,
    "multi-label/precision": 18.33647346496582,
    "multi-label/recall": 3.9408950805664062,
    "multi-label/f1-score": 5.004626750946045,
    "multi-label/precision_micro": 28.88243865966797,
    "multi-label/recall_micro": 7.375833988189697,
    "multi-label/f1-score_micro": 11.750811576843262,
    "AUC/AUC_multilabe": 57.822207170855755,
    "AUC/AUC_class1": 69.59301806683582,
    "AUC/AUC_class2": 54.10785737418904,
    "AUC/AUC_class3": 55.05931755931756,
    "AUC/AUC_class4": 63.36083585554957,
    "AUC/AUC_class5": 62.198887025461204,
    "AUC/AUC_class6": 55.01055900621118,
    "AUC/AUC_class7": 43.72825417022884,
    "AUC/AUC_class8": 58.607982199972184,
    "AUC/AUC_class9": 64.60887810635367,
    "AUC/AUC_class10": 59.8973532621108,
    "AUC/AUC_class11": 46.840296139608675,
    "AUC/AUC_class12": 59.895265423242485,
    "AUC/AUC_class13": 54.934076666395384,
    "AUC/AUC_class14": 43.32588296886956,
    "AUC/AUC_class15": 52.52727734077644,
    "AUC/AUC_class16": 96.21384750219106,
    "AUC/AUC_class17": 59.32055749128921,
    "AUC/AUC_class18": 43.604148660328434,
    "AUC/AUC_class19": 55.787641427328104,
    "MAP_class1": 0.5562884189648852,
    "MAP_class2": 0.18907269908667718,
    "MAP_class3": 0.257668938878581,
    "MAP_class4": 0.31798790348147876,
    "MAP_class5": 0.2906579173386611,
    "MAP_class6": 0.16876655383457925,
    "MAP_class7": 0.1544570621440623,
    "MAP_class8": 0.15195831712298544,
    "MAP_class9": 0.21866712477345596,
    "MAP_class10": 0.17516917707037108,
    "MAP_class11": 0.09675248774154785,
    "MAP_class12": 0.15658897342453218,
    "MAP_class13": 0.04999164335707234,
    "MAP_class14": 0.06743057989039151,
    "MAP_class15": 0.03697114826499455,
    "MAP_class16": 0.5204842632921406,
    "MAP_class17": 0.02202202774743122,
    "MAP_class18": 0.005406477444435566,
    "MAP_class19": 0.011949073590586404,
    "Aggregate": 37.9855530260828
}