{
    "multi-label/mAP": 17.765628814697266,
    "multi-label/precision": 22.52799415588379,
    "multi-label/recall": 12.296382904052734,
    "multi-label/f1-score": 10.913973808288574,
    "multi-label/precision_micro": 34.19355010986328,
    "multi-label/recall_micro": 25.537433624267578,
    "multi-label/f1-score_micro": 29.238277435302734,
    "AUC/AUC_multilabe": 58.30242404871251,
    "AUC/AUC_class1": 72.87456490418329,
    "AUC/AUC_class2": 54.31523521975783,
    "AUC/AUC_class3": 60.48328548328548,
    "AUC/AUC_class4": 72.50528628881796,
    "AUC/AUC_class5": 54.719660009147745,
    "AUC/AUC_class6": 51.85465838509317,
    "AUC/AUC_class7": 57.64807046145894,
    "AUC/AUC_class8": 66.82519816437214,
    "AUC/AUC_class9": 55.63176185168186,
    "AUC/AUC_class10": 50.44122871571041,
    "AUC/AUC_class11": 64.8116464988957,
    "AUC/AUC_class12": 60.78120516499283,
    "AUC/AUC_class13": 51.38968014975178,
    "AUC/AUC_class14": 48.7263903990979,
    "AUC/AUC_class15": 51.14945445318446,
    "AUC/AUC_class16": 76.26643295354951,
    "AUC/AUC_class17": 52.271508978826056,
    "AUC/AUC_class18": 51.6637856525497,
    "AUC/AUC_class19": 53.38700319118074,
    "MAP_class1": 0.6250831455995618,
    "MAP_class2": 0.19039079657667152,
    "MAP_class3": 0.3109462556817183,
    "MAP_class4": 0.3940849202467529,
    "MAP_class5": 0.2229649781254278,
    "MAP_class6": 0.1438920215379384,
    "MAP_class7": 0.2220041012291396,
    "MAP_class8": 0.20508578714486014,
    "MAP_class9": 0.19289681363467664,
    "MAP_class10": 0.14763037858448835,
    "MAP_class11": 0.22710432843478676,
    "MAP_class12": 0.17050737941437755,
    "MAP_class13": 0.04978555968446971,
    "MAP_class14": 0.08130331860737744,
    "MAP_class15": 0.05986070379675636,
    "MAP_class16": 0.09927570743723473,
    "MAP_class17": 0.013317057198337857,
    "MAP_class18": 0.004515579023390916,
    "MAP_class19": 0.014938823843792345,
    "Aggregate": 38.034337434360886
}