{
    "multi-label/mAP": 20.3670711517334,
    "multi-label/precision": 22.386367797851562,
    "multi-label/recall": 10.599937438964844,
    "multi-label/f1-score": 12.671954154968262,
    "multi-label/precision_micro": 27.52670669555664,
    "multi-label/recall_micro": 12.416604995727539,
    "multi-label/f1-score_micro": 17.113664627075195,
    "AUC/AUC_multilabe": 58.79560448228084,
    "AUC/AUC_class1": 69.93121342326376,
    "AUC/AUC_class2": 56.957343892017256,
    "AUC/AUC_class3": 64.4032769032769,
    "AUC/AUC_class4": 70.75003109581658,
    "AUC/AUC_class5": 53.829185089190425,
    "AUC/AUC_class6": 57.45652173913043,
    "AUC/AUC_class7": 54.712507704236835,
    "AUC/AUC_class8": 64.20317062995412,
    "AUC/AUC_class9": 68.58107665071144,
    "AUC/AUC_class10": 50.47707260131449,
    "AUC/AUC_class11": 49.43229539303823,
    "AUC/AUC_class12": 42.76901004304161,
    "AUC/AUC_class13": 51.94107593391389,
    "AUC/AUC_class14": 55.38339172808183,
    "AUC/AUC_class15": 46.297893935549354,
    "AUC/AUC_class16": 94.34268185801928,
    "AUC/AUC_class17": 56.58670597694988,
    "AUC/AUC_class18": 48.46585998271391,
    "AUC/AUC_class19": 60.59617058311575,
    "MAP_class1": 0.5563544715024639,
    "MAP_class2": 0.2127229585000491,
    "MAP_class3": 0.3700117637442042,
    "MAP_class4": 0.3926531979235487,
    "MAP_class5": 0.2044062835799395,
    "MAP_class6": 0.16681882996836883,
    "MAP_class7": 0.21837416702119078,
    "MAP_class8": 0.23870347668578645,
    "MAP_class9": 0.22641628220276663,
    "MAP_class10": 0.1470519013470421,
    "MAP_class11": 0.13695800650892748,
    "MAP_class12": 0.09748253571229826,
    "MAP_class13": 0.049210080344321644,
    "MAP_class14": 0.10088765753850053,
    "MAP_class15": 0.029517541459648862,
    "MAP_class16": 0.6198098365499634,
    "MAP_class17": 0.02232790144793452,
    "MAP_class18": 0.06541024531760158,
    "MAP_class19": 0.014626407724994316,
    "Aggregate": 39.58133788608661
}