{
    "multi-label/mAP": 91.50274658203125,
    "accuracy/top1": 87.80339813232422,
    "single-label/precision": 85.07868957519531,
    "single-label/recall": 87.52020263671875,
    "MAP_class1": 0.9750812191832363,
    "MAP_class2": 0.854973805335222,
    "Aggregate": 92.90501237254335,
    "AUC/AUC_multiclass": 94.30727351916377,
    "AUC/AUC_class1": 94.30727351916377,
    "AUC/AUC_class2": 94.30727351916376
}