{
    "multi-label/mAP": 16.980100631713867,
    "multi-label/precision": 15.794778823852539,
    "multi-label/recall": 7.430938720703125,
    "multi-label/f1-score": 7.8841166496276855,
    "multi-label/precision_micro": 19.51384162902832,
    "multi-label/recall_micro": 10.711637496948242,
    "multi-label/f1-score_micro": 13.831059455871582,
    "AUC/AUC_multilabe": 56.58556749764697,
    "AUC/AUC_class1": 70.43802833063457,
    "AUC/AUC_class2": 55.15937274731245,
    "AUC/AUC_class3": 54.01321651321652,
    "AUC/AUC_class4": 55.0561797752809,
    "AUC/AUC_class5": 37.36135462722976,
    "AUC/AUC_class6": 52.46211180124224,
    "AUC/AUC_class7": 55.564447183728646,
    "AUC/AUC_class8": 54.57168683076068,
    "AUC/AUC_class9": 53.36830371778899,
    "AUC/AUC_class10": 52.16649326261833,
    "AUC/AUC_class11": 45.91252682987526,
    "AUC/AUC_class12": 55.19870875179339,
    "AUC/AUC_class13": 68.33238382029788,
    "AUC/AUC_class14": 56.89460754701784,
    "AUC/AUC_class15": 47.89647297640193,
    "AUC/AUC_class16": 92.08150744960561,
    "AUC/AUC_class17": 62.10131332082551,
    "AUC/AUC_class18": 50.302506482281764,
    "AUC/AUC_class19": 56.24456048738033,
    "MAP_class1": 0.5650499495040975,
    "MAP_class2": 0.19442605084432013,
    "MAP_class3": 0.261127641150418,
    "MAP_class4": 0.30450234734354054,
    "MAP_class5": 0.15134779497942208,
    "MAP_class6": 0.15556904800735616,
    "MAP_class7": 0.20460111884884774,
    "MAP_class8": 0.13826080950177239,
    "MAP_class9": 0.13878329421549968,
    "MAP_class10": 0.14110203152206424,
    "MAP_class11": 0.10578300854985045,
    "MAP_class12": 0.13149507242353026,
    "MAP_class13": 0.11138876248417712,
    "MAP_class14": 0.09820196387800505,
    "MAP_class15": 0.02793468809681835,
    "MAP_class16": 0.449574432779979,
    "MAP_class17": 0.017450866496684682,
    "MAP_class18": 0.004126722239284606,
    "MAP_class19": 0.025493265080825944,
    "Aggregate": 36.782833401314264
}