{
    "multi-label/mAP": 17.910673141479492,
    "multi-label/precision": 15.172900199890137,
    "multi-label/recall": 11.941678047180176,
    "multi-label/f1-score": 10.589041709899902,
    "multi-label/precision_micro": 30.144033432006836,
    "multi-label/recall_micro": 21.71979331970215,
    "multi-label/f1-score_micro": 25.247737884521484,
    "AUC/AUC_multilabe": 60.92620647564987,
    "AUC/AUC_class1": 71.28240109140519,
    "AUC/AUC_class2": 52.16571422601574,
    "AUC/AUC_class3": 56.621044121044115,
    "AUC/AUC_class4": 62.55856378788507,
    "AUC/AUC_class5": 59.59035295014483,
    "AUC/AUC_class6": 50.3944099378882,
    "AUC/AUC_class7": 48.90798655983459,
    "AUC/AUC_class8": 59.3116395494368,
    "AUC/AUC_class9": 67.20608484689528,
    "AUC/AUC_class10": 59.47610830563098,
    "AUC/AUC_class11": 52.37424954117025,
    "AUC/AUC_class12": 55.68866571018651,
    "AUC/AUC_class13": 66.94066899975584,
    "AUC/AUC_class14": 50.62119930731747,
    "AUC/AUC_class15": 51.03273280893175,
    "AUC/AUC_class16": 95.43382997370728,
    "AUC/AUC_class17": 61.65907263468239,
    "AUC/AUC_class18": 69.14433880726017,
    "AUC/AUC_class19": 67.18885987815491,
    "MAP_class1": 0.5697973947882933,
    "MAP_class2": 0.19610242075219464,
    "MAP_class3": 0.2834295133793267,
    "MAP_class4": 0.3188514860173766,
    "MAP_class5": 0.2517698272166212,
    "MAP_class6": 0.13763955493148833,
    "MAP_class7": 0.17326514059640477,
    "MAP_class8": 0.156705999463877,
    "MAP_class9": 0.23238662672868576,
    "MAP_class10": 0.17440883240889815,
    "MAP_class11": 0.12164811823310054,
    "MAP_class12": 0.13619843959698322,
    "MAP_class13": 0.07137815294900972,
    "MAP_class14": 0.08047393506946247,
    "MAP_class15": 0.0350304005471459,
    "MAP_class16": 0.4108161031247879,
    "MAP_class17": 0.024436692963556234,
    "MAP_class18": 0.01229753274452803,
    "MAP_class19": 0.01639145044818418,
    "Aggregate": 39.4184390850879
}