{
    "multi-label/mAP": 24.23308563232422,
    "multi-label/precision": 26.707809448242188,
    "multi-label/recall": 23.454532623291016,
    "multi-label/f1-score": 22.6294002532959,
    "multi-label/precision_micro": 33.79864501953125,
    "multi-label/recall_micro": 29.61452865600586,
    "multi-label/f1-score_micro": 31.56855010986328,
    "AUC/AUC_multilabe": 67.41567751649013,
    "AUC/AUC_class1": 81.28354859685581,
    "AUC/AUC_class2": 55.67703381773733,
    "AUC/AUC_class3": 75.82582582582582,
    "AUC/AUC_class4": 81.24549110659646,
    "AUC/AUC_class5": 68.23734563195607,
    "AUC/AUC_class6": 57.927950310559005,
    "AUC/AUC_class7": 50.20031015766349,
    "AUC/AUC_class8": 66.49422889723265,
    "AUC/AUC_class9": 74.13808930561932,
    "AUC/AUC_class10": 56.266653132692156,
    "AUC/AUC_class11": 66.34600429278004,
    "AUC/AUC_class12": 68.71664275466284,
    "AUC/AUC_class13": 63.06462114429885,
    "AUC/AUC_class14": 64.358060488905,
    "AUC/AUC_class15": 58.46485663537173,
    "AUC/AUC_class16": 93.31288343558282,
    "AUC/AUC_class17": 59.40096488876976,
    "AUC/AUC_class18": 70.24632670700086,
    "AUC/AUC_class19": 69.69103568320278,
    "MAP_class1": 0.7260968255516536,
    "MAP_class2": 0.19411020642021454,
    "MAP_class3": 0.47601147651814446,
    "MAP_class4": 0.5829945482862094,
    "MAP_class5": 0.3316941221511758,
    "MAP_class6": 0.1873695071999166,
    "MAP_class7": 0.18623395447086138,
    "MAP_class8": 0.21469155321273029,
    "MAP_class9": 0.3071312039224754,
    "MAP_class10": 0.15800792660841545,
    "MAP_class11": 0.16240884612861825,
    "MAP_class12": 0.25277872636797816,
    "MAP_class13": 0.09629159643343725,
    "MAP_class14": 0.14970196986860487,
    "MAP_class15": 0.03811240442726233,
    "MAP_class16": 0.4553241241107884,
    "MAP_class17": 0.05243848953066109,
    "MAP_class18": 0.012033194224786645,
    "MAP_class19": 0.020306162732651345,
    "Aggregate": 45.82293570078871
}