{
    "multi-label/mAP": 17.948314666748047,
    "multi-label/precision": 18.152952194213867,
    "multi-label/recall": 17.029159545898438,
    "multi-label/f1-score": 14.649746894836426,
    "multi-label/precision_micro": 22.93617057800293,
    "multi-label/recall_micro": 19.97776222229004,
    "multi-label/f1-score_micro": 21.354991912841797,
    "AUC/AUC_multilabe": 60.618931577470974,
    "AUC/AUC_class1": 72.21729928217158,
    "AUC/AUC_class2": 55.30563420010657,
    "AUC/AUC_class3": 64.3046893046893,
    "AUC/AUC_class4": 76.33110825490277,
    "AUC/AUC_class5": 55.52342201555116,
    "AUC/AUC_class6": 56.59130434782609,
    "AUC/AUC_class7": 47.39348271268664,
    "AUC/AUC_class8": 64.31998331247392,
    "AUC/AUC_class9": 62.34869844600354,
    "AUC/AUC_class10": 54.53536173776232,
    "AUC/AUC_class11": 55.36286434192926,
    "AUC/AUC_class12": 45.17503586800574,
    "AUC/AUC_class13": 45.68446325384553,
    "AUC/AUC_class14": 57.10704361483629,
    "AUC/AUC_class15": 42.846993148946964,
    "AUC/AUC_class16": 92.73444347063979,
    "AUC/AUC_class17": 71.75690163495042,
    "AUC/AUC_class18": 55.59636992221262,
    "AUC/AUC_class19": 76.6246011024079,
    "MAP_class1": 0.5856970940818098,
    "MAP_class2": 0.19886207315065477,
    "MAP_class3": 0.33674540757681776,
    "MAP_class4": 0.48313328991376264,
    "MAP_class5": 0.20749181122532392,
    "MAP_class6": 0.16711566813742446,
    "MAP_class7": 0.18112168761587338,
    "MAP_class8": 0.18078593465623582,
    "MAP_class9": 0.18241342178513803,
    "MAP_class10": 0.15912515204708805,
    "MAP_class11": 0.12524005445457864,
    "MAP_class12": 0.10584620738622258,
    "MAP_class13": 0.044179117553435926,
    "MAP_class14": 0.10461697548257176,
    "MAP_class15": 0.031824657321620126,
    "MAP_class16": 0.19428337753648484,
    "MAP_class17": 0.04229549879199409,
    "MAP_class18": 0.00477552211006508,
    "MAP_class19": 0.07462695329505441,
    "Aggregate": 39.28362343116221
}