{
    "multi-label/mAP": 15.792664527893066,
    "multi-label/precision": 13.505470275878906,
    "multi-label/recall": 47.46310043334961,
    "multi-label/f1-score": 17.8721981048584,
    "multi-label/precision_micro": 15.541521072387695,
    "multi-label/recall_micro": 55.6338005065918,
    "multi-label/f1-score_micro": 24.29589080810547,
    "AUC/AUC_multilabe": 57.75119652358423,
    "AUC/AUC_class1": 72.07736736749499,
    "AUC/AUC_class2": 54.82401613054879,
    "AUC/AUC_class3": 65.2938652938653,
    "AUC/AUC_class4": 62.32555246900784,
    "AUC/AUC_class5": 50.12054047873151,
    "AUC/AUC_class6": 58.09316770186336,
    "AUC/AUC_class7": 45.22039087818359,
    "AUC/AUC_class8": 61.91072173550272,
    "AUC/AUC_class9": 57.19559373155859,
    "AUC/AUC_class10": 52.42406171492375,
    "AUC/AUC_class11": 57.21218154104582,
    "AUC/AUC_class12": 51.83715925394547,
    "AUC/AUC_class13": 47.955155855782536,
    "AUC/AUC_class14": 49.249929523579404,
    "AUC/AUC_class15": 46.754630804364375,
    "AUC/AUC_class16": 74.0578439964943,
    "AUC/AUC_class17": 58.50308228357009,
    "AUC/AUC_class18": 74.84874675885912,
    "AUC/AUC_class19": 57.36872642877865,
    "MAP_class1": 0.5796431111138944,
    "MAP_class2": 0.2134619194589826,
    "MAP_class3": 0.3451047762275623,
    "MAP_class4": 0.29976488898379305,
    "MAP_class5": 0.1994108803458635,
    "MAP_class6": 0.17019037385497274,
    "MAP_class7": 0.1592333140263509,
    "MAP_class8": 0.15554070334404052,
    "MAP_class9": 0.15734927546136324,
    "MAP_class10": 0.1448393609789287,
    "MAP_class11": 0.13125567650387068,
    "MAP_class12": 0.12497471446108054,
    "MAP_class13": 0.06038070066360687,
    "MAP_class14": 0.0837268773287868,
    "MAP_class15": 0.0304146864656461,
    "MAP_class16": 0.07842736327961235,
    "MAP_class17": 0.015060551716422873,
    "MAP_class18": 0.037825962287149795,
    "MAP_class19": 0.014001366678844485,
    "Aggregate": 36.771931164899414
}