{
    "multi-label/mAP": 19.883342742919922,
    "multi-label/precision": 24.45631217956543,
    "multi-label/recall": 15.928651809692383,
    "multi-label/f1-score": 14.775026321411133,
    "multi-label/precision_micro": 32.89299774169922,
    "multi-label/recall_micro": 27.687177658081055,
    "multi-label/f1-score_micro": 30.0664119720459,
    "AUC/AUC_multilabe": 58.84826273746603,
    "AUC/AUC_class1": 72.41651897846515,
    "AUC/AUC_class2": 59.96040493527931,
    "AUC/AUC_class3": 65.43989043989043,
    "AUC/AUC_class4": 75.57941871553547,
    "AUC/AUC_class5": 54.74919957310567,
    "AUC/AUC_class6": 56.60745341614907,
    "AUC/AUC_class7": 45.70550927490705,
    "AUC/AUC_class8": 64.96801557502434,
    "AUC/AUC_class9": 73.06406137302473,
    "AUC/AUC_class10": 45.836399624432204,
    "AUC/AUC_class11": 54.046256260304226,
    "AUC/AUC_class12": 43.487087517934,
    "AUC/AUC_class13": 59.701310327988935,
    "AUC/AUC_class14": 56.665055777052885,
    "AUC/AUC_class15": 45.25247399137275,
    "AUC/AUC_class16": 96.51183172655564,
    "AUC/AUC_class17": 46.65639238809971,
    "AUC/AUC_class18": 54.53759723422644,
    "AUC/AUC_class19": 46.932114882506525,
    "MAP_class1": 0.6007295725010041,
    "MAP_class2": 0.22070133063019368,
    "MAP_class3": 0.352072972285064,
    "MAP_class4": 0.46745873066851984,
    "MAP_class5": 0.2085614012463393,
    "MAP_class6": 0.16453096241452458,
    "MAP_class7": 0.17362993595248377,
    "MAP_class8": 0.19247775250932644,
    "MAP_class9": 0.2326645923607855,
    "MAP_class10": 0.1289001836045153,
    "MAP_class11": 0.14896188173216202,
    "MAP_class12": 0.10773057586553858,
    "MAP_class13": 0.0654058799687219,
    "MAP_class14": 0.10190934148841349,
    "MAP_class15": 0.028197848369862666,
    "MAP_class16": 0.5561568367816185,
    "MAP_class17": 0.011661223142657197,
    "MAP_class18": 0.00455384512006657,
    "MAP_class19": 0.011530410045052644,
    "Aggregate": 39.36580314948789
}