{
    "multi-label/mAP": 17.91319465637207,
    "multi-label/precision": 15.941534996032715,
    "multi-label/recall": 11.617541313171387,
    "multi-label/f1-score": 9.747674942016602,
    "multi-label/precision_micro": 29.81131935119629,
    "multi-label/recall_micro": 23.424758911132812,
    "multi-label/f1-score_micro": 26.234952926635742,
    "AUC/AUC_multilabe": 58.515638651503025,
    "AUC/AUC_class1": 65.65133684385,
    "AUC/AUC_class2": 56.82884275849101,
    "AUC/AUC_class3": 55.311974061974055,
    "AUC/AUC_class4": 67.76027198474233,
    "AUC/AUC_class5": 56.69642857142857,
    "AUC/AUC_class6": 56.888819875776406,
    "AUC/AUC_class7": 56.508837505219,
    "AUC/AUC_class8": 59.94089834515367,
    "AUC/AUC_class9": 65.16228444036456,
    "AUC/AUC_class10": 49.383992691653766,
    "AUC/AUC_class11": 70.05630385416991,
    "AUC/AUC_class12": 62.41248206599713,
    "AUC/AUC_class13": 53.607471311141865,
    "AUC/AUC_class14": 51.00277878458378,
    "AUC/AUC_class15": 55.05709210860188,
    "AUC/AUC_class16": 91.26205083260297,
    "AUC/AUC_class17": 34.943714821763606,
    "AUC/AUC_class18": 54.191875540190146,
    "AUC/AUC_class19": 49.12967798085292,
    "MAP_class1": 0.5490052192733923,
    "MAP_class2": 0.20552794788415374,
    "MAP_class3": 0.2590498399735257,
    "MAP_class4": 0.3643021000144945,
    "MAP_class5": 0.22320591995464759,
    "MAP_class6": 0.1661966932019808,
    "MAP_class7": 0.22531296164733478,
    "MAP_class8": 0.14723907456233482,
    "MAP_class9": 0.18452010400249372,
    "MAP_class10": 0.14192616633086708,
    "MAP_class11": 0.20776975184200314,
    "MAP_class12": 0.2060412047940646,
    "MAP_class13": 0.05649753936295882,
    "MAP_class14": 0.08038514525279786,
    "MAP_class15": 0.03715675651996994,
    "MAP_class16": 0.3206229475483419,
    "MAP_class17": 0.00884334243494995,
    "MAP_class18": 0.008772580328676569,
    "MAP_class19": 0.010696423867251073,
    "Aggregate": 38.21327121732057
}