{
    "multi-label/mAP": 25.74382972717285,
    "multi-label/precision": 30.111351013183594,
    "multi-label/recall": 19.0584659576416,
    "multi-label/f1-score": 21.621017456054688,
    "multi-label/precision_micro": 42.54054260253906,
    "multi-label/recall_micro": 29.169755935668945,
    "multi-label/f1-score_micro": 34.608619689941406,
    "AUC/AUC_multilabe": 69.48292987293156,
    "AUC/AUC_class1": 82.15437773329424,
    "AUC/AUC_class2": 58.63412697583552,
    "AUC/AUC_class3": 68.29068079068078,
    "AUC/AUC_class4": 77.84443799494176,
    "AUC/AUC_class5": 63.2413477664278,
    "AUC/AUC_class6": 59.37267080745342,
    "AUC/AUC_class7": 59.74561107024277,
    "AUC/AUC_class8": 76.21958003059379,
    "AUC/AUC_class9": 76.89594124975413,
    "AUC/AUC_class10": 57.59255969751567,
    "AUC/AUC_class11": 70.37592932466482,
    "AUC/AUC_class12": 66.23027259684362,
    "AUC/AUC_class13": 74.10067551070237,
    "AUC/AUC_class14": 63.87982763481133,
    "AUC/AUC_class15": 58.77696016239534,
    "AUC/AUC_class16": 98.43120070113936,
    "AUC/AUC_class17": 67.31439292414902,
    "AUC/AUC_class18": 73.50907519446845,
    "AUC/AUC_class19": 67.56599941978533,
    "MAP_class1": 0.7250666432220046,
    "MAP_class2": 0.22481359550600846,
    "MAP_class3": 0.363352793797876,
    "MAP_class4": 0.5104992233000614,
    "MAP_class5": 0.2996527963736255,
    "MAP_class6": 0.18811210873523337,
    "MAP_class7": 0.24838126577874128,
    "MAP_class8": 0.3014156991606858,
    "MAP_class9": 0.3619016114828527,
    "MAP_class10": 0.17122207789144006,
    "MAP_class11": 0.27860498930001354,
    "MAP_class12": 0.19779946774767893,
    "MAP_class13": 0.17319952031521132,
    "MAP_class14": 0.11305637254164266,
    "MAP_class15": 0.03771213483325743,
    "MAP_class16": 0.6443898899712511,
    "MAP_class17": 0.02107253192285178,
    "MAP_class18": 0.012879950493318082,
    "MAP_class19": 0.018195065540471622,
    "Aggregate": 47.61338003624006
}