{
    "multi-label/mAP": 19.0319766998291,
    "multi-label/precision": 20.0867862701416,
    "multi-label/recall": 17.816436767578125,
    "multi-label/f1-score": 18.12958335876465,
    "multi-label/precision_micro": 28.672706604003906,
    "multi-label/recall_micro": 26.982952117919922,
    "multi-label/f1-score_micro": 27.80217742919922,
    "AUC/AUC_multilabe": 61.53507287948147,
    "AUC/AUC_class1": 67.229156838495,
    "AUC/AUC_class2": 55.60181364201464,
    "AUC/AUC_class3": 58.64972114972116,
    "AUC/AUC_class4": 70.44819436958416,
    "AUC/AUC_class5": 64.40816054276567,
    "AUC/AUC_class6": 55.21180124223603,
    "AUC/AUC_class7": 52.695985844086124,
    "AUC/AUC_class8": 58.65248226950355,
    "AUC/AUC_class9": 60.9678053898105,
    "AUC/AUC_class10": 52.49574948613191,
    "AUC/AUC_class11": 58.07229290447009,
    "AUC/AUC_class12": 46.53730272596843,
    "AUC/AUC_class13": 74.7721168714902,
    "AUC/AUC_class14": 54.456123394144406,
    "AUC/AUC_class15": 61.98426795229637,
    "AUC/AUC_class16": 92.55915863277828,
    "AUC/AUC_class17": 57.685607075850974,
    "AUC/AUC_class18": 63.82886776145204,
    "AUC/AUC_class19": 62.90977661734841,
    "MAP_class1": 0.5398208745373593,
    "MAP_class2": 0.19330665993720875,
    "MAP_class3": 0.307973443335,
    "MAP_class4": 0.42304768892293715,
    "MAP_class5": 0.3198611092912282,
    "MAP_class6": 0.1495214967427044,
    "MAP_class7": 0.2036543527653467,
    "MAP_class8": 0.16842186190694033,
    "MAP_class9": 0.1874984541012748,
    "MAP_class10": 0.15229812600486725,
    "MAP_class11": 0.17660743807656326,
    "MAP_class12": 0.10459143958070294,
    "MAP_class13": 0.09665618172109688,
    "MAP_class14": 0.11499142877810968,
    "MAP_class15": 0.045805486025148626,
    "MAP_class16": 0.3780702499319677,
    "MAP_class17": 0.016061083081091415,
    "MAP_class18": 0.00672927356123119,
    "MAP_class19": 0.031159114203352004,
    "Aggregate": 40.28352528843581
}