{
    "multi-label/mAP": 20.800342559814453,
    "multi-label/precision": 21.650142669677734,
    "multi-label/recall": 17.984359741210938,
    "multi-label/f1-score": 17.281179428100586,
    "multi-label/precision_micro": 27.41482925415039,
    "multi-label/recall_micro": 25.35211181640625,
    "multi-label/f1-score_micro": 26.34315299987793,
    "AUC/AUC_multilabe": 59.48026115463083,
    "AUC/AUC_class1": 73.16239752138823,
    "AUC/AUC_class2": 55.64412499085867,
    "AUC/AUC_class3": 58.08459558459559,
    "AUC/AUC_class4": 77.20096189725942,
    "AUC/AUC_class5": 50.72276642780912,
    "AUC/AUC_class6": 61.31242236024844,
    "AUC/AUC_class7": 51.228701513012695,
    "AUC/AUC_class8": 60.814212209706575,
    "AUC/AUC_class9": 70.12261491049767,
    "AUC/AUC_class10": 52.186159819321446,
    "AUC/AUC_class11": 50.968986219553926,
    "AUC/AUC_class12": 38.64060258249641,
    "AUC/AUC_class13": 62.91609017660943,
    "AUC/AUC_class14": 56.80802223027667,
    "AUC/AUC_class15": 43.260593757929456,
    "AUC/AUC_class16": 95.82822085889569,
    "AUC/AUC_class17": 59.52827660144733,
    "AUC/AUC_class18": 53.6084701815039,
    "AUC/AUC_class19": 58.08674209457499,
    "MAP_class1": 0.6218244569505964,
    "MAP_class2": 0.19702156948418073,
    "MAP_class3": 0.2998677600569366,
    "MAP_class4": 0.5277767910334031,
    "MAP_class5": 0.19399112844943214,
    "MAP_class6": 0.19805969695548464,
    "MAP_class7": 0.1990800662312944,
    "MAP_class8": 0.18038753945262573,
    "MAP_class9": 0.24581131535512102,
    "MAP_class10": 0.14565468702043188,
    "MAP_class11": 0.11604615023116051,
    "MAP_class12": 0.0883329688420622,
    "MAP_class13": 0.0925173948521679,
    "MAP_class14": 0.11003625318720722,
    "MAP_class15": 0.0402735771709113,
    "MAP_class16": 0.6293277606536882,
    "MAP_class17": 0.02239453621689532,
    "MAP_class18": 0.016362368376892353,
    "MAP_class19": 0.02729908000238937,
    "Aggregate": 40.14030189448089
}