{
    "multi-label/mAP": 18.578336715698242,
    "multi-label/precision": 21.233230590820312,
    "multi-label/recall": 11.781068801879883,
    "multi-label/f1-score": 10.679264068603516,
    "multi-label/precision_micro": 27.89699363708496,
    "multi-label/recall_micro": 19.273536682128906,
    "multi-label/f1-score_micro": 22.797016143798828,
    "AUC/AUC_multilabe": 56.00563802025905,
    "AUC/AUC_class1": 69.21019749843812,
    "AUC/AUC_class2": 55.83530960415383,
    "AUC/AUC_class3": 62.17082467082468,
    "AUC/AUC_class4": 72.74721174178033,
    "AUC/AUC_class5": 51.82621207501143,
    "AUC/AUC_class6": 56.76273291925465,
    "AUC/AUC_class7": 49.78477841620773,
    "AUC/AUC_class8": 59.718397997496865,
    "AUC/AUC_class9": 71.56252049045965,
    "AUC/AUC_class10": 47.92042022990839,
    "AUC/AUC_class11": 51.603571095281055,
    "AUC/AUC_class12": 51.71090387374462,
    "AUC/AUC_class13": 55.36746154472206,
    "AUC/AUC_class14": 55.60589585598647,
    "AUC/AUC_class15": 44.14615579802081,
    "AUC/AUC_class16": 92.59859772129711,
    "AUC/AUC_class17": 43.949343339587244,
    "AUC/AUC_class18": 36.08470181503889,
    "AUC/AUC_class19": 35.501885697708154,
    "MAP_class1": 0.5602194157678682,
    "MAP_class2": 0.1945306232490798,
    "MAP_class3": 0.3374448907403573,
    "MAP_class4": 0.42892743387073184,
    "MAP_class5": 0.20141931785830575,
    "MAP_class6": 0.16903113424917332,
    "MAP_class7": 0.18142917257364521,
    "MAP_class8": 0.15753701325459651,
    "MAP_class9": 0.22460761654947667,
    "MAP_class10": 0.13735973796060916,
    "MAP_class11": 0.12790480145675365,
    "MAP_class12": 0.1358540243128913,
    "MAP_class13": 0.05210299541615174,
    "MAP_class14": 0.1081602619895314,
    "MAP_class15": 0.028226972991181258,
    "MAP_class16": 0.46047486243999725,
    "MAP_class17": 0.011873306984045515,
    "MAP_class18": 0.003205446256578362,
    "MAP_class19": 0.009574890756718406,
    "Aggregate": 37.291987217176086
}