{
    "multi-label/mAP": 17.307340621948242,
    "multi-label/precision": 17.412038803100586,
    "multi-label/recall": 7.982046127319336,
    "multi-label/f1-score": 8.450297355651855,
    "multi-label/precision_micro": 39.69670104980469,
    "multi-label/recall_micro": 16.493698120117188,
    "multi-label/f1-score_micro": 23.304529190063477,
    "AUC/AUC_multilabe": 56.69593400674503,
    "AUC/AUC_class1": 69.82124415090972,
    "AUC/AUC_class2": 55.04288594740856,
    "AUC/AUC_class3": 64.67635217635218,
    "AUC/AUC_class4": 71.67046726647041,
    "AUC/AUC_class5": 53.07354398536363,
    "AUC/AUC_class6": 56.573913043478264,
    "AUC/AUC_class7": 49.28574268843072,
    "AUC/AUC_class8": 56.96008900013907,
    "AUC/AUC_class9": 71.91397285423908,
    "AUC/AUC_class10": 43.09450097698379,
    "AUC/AUC_class11": 55.229881481942336,
    "AUC/AUC_class12": 39.16427546628407,
    "AUC/AUC_class13": 48.05078538292504,
    "AUC/AUC_class14": 51.878700012081666,
    "AUC/AUC_class15": 54.143618370971836,
    "AUC/AUC_class16": 84.52234881682735,
    "AUC/AUC_class17": 63.2404181184669,
    "AUC/AUC_class18": 46.06741573033708,
    "AUC/AUC_class19": 42.812590658543655,
    "MAP_class1": 0.5621388423687014,
    "MAP_class2": 0.20168780174301854,
    "MAP_class3": 0.3501408038926806,
    "MAP_class4": 0.4273468663432177,
    "MAP_class5": 0.20685672768770214,
    "MAP_class6": 0.16195006133707013,
    "MAP_class7": 0.18424134213587826,
    "MAP_class8": 0.14998899001691265,
    "MAP_class9": 0.2497740946791811,
    "MAP_class10": 0.11680944313372014,
    "MAP_class11": 0.12216724571397705,
    "MAP_class12": 0.09258942504939255,
    "MAP_class13": 0.03691454014328337,
    "MAP_class14": 0.08789155890589896,
    "MAP_class15": 0.04157566282060713,
    "MAP_class16": 0.2653141963931025,
    "MAP_class17": 0.017892783743508257,
    "MAP_class18": 0.0037750548511895545,
    "MAP_class19": 0.009339200315292503,
    "Aggregate": 37.00163711198918
}