{
    "multi-label/mAP": 20.951885223388672,
    "multi-label/precision": 22.925607681274414,
    "multi-label/recall": 15.705693244934082,
    "multi-label/f1-score": 15.340843200683594,
    "multi-label/precision_micro": 32.601097106933594,
    "multi-label/recall_micro": 24.203113555908203,
    "multi-label/f1-score_micro": 27.781322479248047,
    "AUC/AUC_multilabe": 58.64933190251498,
    "AUC/AUC_class1": 70.1568894952251,
    "AUC/AUC_class2": 56.04320981205404,
    "AUC/AUC_class3": 68.96883146883147,
    "AUC/AUC_class4": 75.5238608565861,
    "AUC/AUC_class5": 54.16317273974691,
    "AUC/AUC_class6": 54.403105590062104,
    "AUC/AUC_class7": 53.55438694156709,
    "AUC/AUC_class8": 73.40495063273536,
    "AUC/AUC_class9": 72.16641531702838,
    "AUC/AUC_class10": 46.409267389042554,
    "AUC/AUC_class11": 60.91937039226056,
    "AUC/AUC_class12": 45.23457675753229,
    "AUC/AUC_class13": 58.73891104419305,
    "AUC/AUC_class14": 57.07381901655189,
    "AUC/AUC_class15": 38.50799289520426,
    "AUC/AUC_class16": 94.99123575810692,
    "AUC/AUC_class17": 42.54891450013402,
    "AUC/AUC_class18": 34.44252376836646,
    "AUC/AUC_class19": 57.08587177255584,
    "MAP_class1": 0.5689311373462222,
    "MAP_class2": 0.20851668154952863,
    "MAP_class3": 0.38215965056205325,
    "MAP_class4": 0.4700242221886941,
    "MAP_class5": 0.21000157726087998,
    "MAP_class6": 0.15307460166150977,
    "MAP_class7": 0.23095165420038438,
    "MAP_class8": 0.24956982969866756,
    "MAP_class9": 0.2588386484456009,
    "MAP_class10": 0.12557288084128543,
    "MAP_class11": 0.16410936287203215,
    "MAP_class12": 0.10517116422697809,
    "MAP_class13": 0.0620126210655561,
    "MAP_class14": 0.10225774779641336,
    "MAP_class15": 0.027208729352399222,
    "MAP_class16": 0.6112108954839933,
    "MAP_class17": 0.03496001497378825,
    "MAP_class18": 0.0031339097000701653,
    "MAP_class19": 0.013153160988428681,
    "Aggregate": 39.80060934655877
}