{
    "multi-label/mAP": 26.026403427124023,
    "multi-label/precision": 28.29429817199707,
    "multi-label/recall": 18.219974517822266,
    "multi-label/f1-score": 20.534162521362305,
    "multi-label/precision_micro": 40.456851959228516,
    "multi-label/recall_micro": 29.540401458740234,
    "multi-label/f1-score_micro": 34.14738845825195,
    "AUC/AUC_multilabe": 68.39557915243311,
    "AUC/AUC_class1": 80.45160714513393,
    "AUC/AUC_class2": 58.662856904062934,
    "AUC/AUC_class3": 73.72124872124873,
    "AUC/AUC_class4": 82.9980513288279,
    "AUC/AUC_class5": 64.94844869644763,
    "AUC/AUC_class6": 58.60372670807455,
    "AUC/AUC_class7": 52.96339741932918,
    "AUC/AUC_class8": 70.35321930190517,
    "AUC/AUC_class9": 75.62782768343061,
    "AUC/AUC_class10": 55.595452584566196,
    "AUC/AUC_class11": 72.70740660092699,
    "AUC/AUC_class12": 68.25609756097562,
    "AUC/AUC_class13": 73.9480752014324,
    "AUC/AUC_class14": 63.343200032217794,
    "AUC/AUC_class15": 54.63080436437453,
    "AUC/AUC_class16": 94.84224364592461,
    "AUC/AUC_class17": 62.19512195121951,
    "AUC/AUC_class18": 71.04580812445982,
    "AUC/AUC_class19": 64.62140992167103,
    "MAP_class1": 0.6997732416729983,
    "MAP_class2": 0.21127174969887752,
    "MAP_class3": 0.46509403940027616,
    "MAP_class4": 0.5780126965396843,
    "MAP_class5": 0.30614713811316185,
    "MAP_class6": 0.17868913641203354,
    "MAP_class7": 0.2168096021005712,
    "MAP_class8": 0.23757340176284786,
    "MAP_class9": 0.3238699884904315,
    "MAP_class10": 0.164927078379359,
    "MAP_class11": 0.27769968223282165,
    "MAP_class12": 0.2517559332786295,
    "MAP_class13": 0.10315068745110219,
    "MAP_class14": 0.11298017817660036,
    "MAP_class15": 0.03557712050830342,
    "MAP_class16": 0.6404747642011449,
    "MAP_class17": 0.09554529621087914,
    "MAP_class18": 0.008013114151120364,
    "MAP_class19": 0.0376565789667668,
    "Aggregate": 47.2110038597629
}