{
    "multi-label/mAP": 17.36820411682129,
    "multi-label/precision": 16.441556930541992,
    "multi-label/recall": 8.138727188110352,
    "multi-label/f1-score": 8.150125503540039,
    "multi-label/precision_micro": 21.082622528076172,
    "multi-label/recall_micro": 10.971089363098145,
    "multi-label/f1-score_micro": 14.431984901428223,
    "AUC/AUC_multilabe": 57.88523559714335,
    "AUC/AUC_class1": 73.80404431921052,
    "AUC/AUC_class2": 56.266780889896474,
    "AUC/AUC_class3": 66.25375375375376,
    "AUC/AUC_class4": 65.2439985074008,
    "AUC/AUC_class5": 63.31329089800275,
    "AUC/AUC_class6": 52.459627329192536,
    "AUC/AUC_class7": 49.66846929240313,
    "AUC/AUC_class8": 49.18995967181199,
    "AUC/AUC_class9": 59.007933905973374,
    "AUC/AUC_class10": 54.01641840282183,
    "AUC/AUC_class11": 46.70109185927147,
    "AUC/AUC_class12": 47.12625538020085,
    "AUC/AUC_class13": 56.21795393505331,
    "AUC/AUC_class14": 56.15359832467482,
    "AUC/AUC_class15": 53.40776452676986,
    "AUC/AUC_class16": 81.96319018404908,
    "AUC/AUC_class17": 38.72286250335031,
    "AUC/AUC_class18": 65.514261019879,
    "AUC/AUC_class19": 64.78822164200754,
    "MAP_class1": 0.6311539193265082,
    "MAP_class2": 0.19910012519156936,
    "MAP_class3": 0.36559375063457605,
    "MAP_class4": 0.3072798540945137,
    "MAP_class5": 0.2759482965368915,
    "MAP_class6": 0.1518879797215489,
    "MAP_class7": 0.18945816859707756,
    "MAP_class8": 0.1250992265653863,
    "MAP_class9": 0.18323928805927375,
    "MAP_class10": 0.14260365582255327,
    "MAP_class11": 0.10562141871628544,
    "MAP_class12": 0.10736432750216265,
    "MAP_class13": 0.04727087406426697,
    "MAP_class14": 0.10357968793156001,
    "MAP_class15": 0.03419172576518722,
    "MAP_class16": 0.2925315526795074,
    "MAP_class17": 0.009608742400519218,
    "MAP_class18": 0.008634244182872569,
    "MAP_class19": 0.01979177796516117,
    "Aggregate": 37.62671941898594
}