{
    "multi-label/mAP": 17.8581600189209,
    "multi-label/precision": 19.922237396240234,
    "multi-label/recall": 10.280326843261719,
    "multi-label/f1-score": 9.278633117675781,
    "multi-label/precision_micro": 29.466899871826172,
    "multi-label/recall_micro": 18.64344024658203,
    "multi-label/f1-score_micro": 22.837684631347656,
    "AUC/AUC_multilabe": 56.93409891317115,
    "AUC/AUC_class1": 71.30790121253075,
    "AUC/AUC_class2": 50.16663358371901,
    "AUC/AUC_class3": 65.28912153912154,
    "AUC/AUC_class4": 63.35668974667274,
    "AUC/AUC_class5": 59.03434212532398,
    "AUC/AUC_class6": 54.32360248447205,
    "AUC/AUC_class7": 43.929558422967574,
    "AUC/AUC_class8": 56.932971770268395,
    "AUC/AUC_class9": 63.97219854435774,
    "AUC/AUC_class10": 55.086025325449796,
    "AUC/AUC_class11": 53.09748965688866,
    "AUC/AUC_class12": 61.182209469153506,
    "AUC/AUC_class13": 48.21762838772686,
    "AUC/AUC_class14": 45.4734001852523,
    "AUC/AUC_class15": 41.91068256787617,
    "AUC/AUC_class16": 95.26292725679228,
    "AUC/AUC_class17": 53.14258911819888,
    "AUC/AUC_class18": 53.6084701815039,
    "AUC/AUC_class19": 46.45343777197563,
    "MAP_class1": 0.5697398214209917,
    "MAP_class2": 0.1904162885405551,
    "MAP_class3": 0.3472011378408995,
    "MAP_class4": 0.30497040709701684,
    "MAP_class5": 0.2460015695308212,
    "MAP_class6": 0.15519997013348033,
    "MAP_class7": 0.15258447601764552,
    "MAP_class8": 0.15690968965504415,
    "MAP_class9": 0.2315490238034915,
    "MAP_class10": 0.1524080220862578,
    "MAP_class11": 0.11849948810852762,
    "MAP_class12": 0.16179368780486905,
    "MAP_class13": 0.04891180173581064,
    "MAP_class14": 0.07858341031010363,
    "MAP_class15": 0.02751648968167327,
    "MAP_class16": 0.4152082696726794,
    "MAP_class17": 0.020615928307597613,
    "MAP_class18": 0.00467834565989992,
    "MAP_class19": 0.010506138517315213,
    "Aggregate": 37.39677041954526
}